
Attaching package: ‘dplyr’

The following objects are masked from ‘package:plyr’:

    arrange, count, desc, failwith, id, mutate, rename, summarise,
    summarize

The following objects are masked from ‘package:stats’:

    filter, lag

The following objects are masked from ‘package:base’:

    intersect, setdiff, setequal, union

Loading required package: sp

Attaching package: ‘raster’

The following object is masked from ‘package:dplyr’:

    select

Warning message:
In showSRID(SRS_string, format = "PROJ", multiline = "NO", prefer_proj = prefer_proj) :
  Discarded datum D_unknown in Proj4 definition
proj_create_operations: SQLite error on SELECT table_name, auth_name, code, name, deprecated, is_alias FROM (SELECT 'geodetic_crs' AS table_name, auth_name, code, name, deprecated, 0 AS is_alias FROM geodetic_crs WHERE 1 = 1 AND type = 'geographic 2D' AND name = ? COLLATE NOCASE  UNION SELECT 'geodetic_crs' AS table_name, ov.auth_name AS auth_name, ov.code AS code, a.alt_name AS name, ov.deprecated AS deprecated, 1 as is_alias FROM geodetic_crs ov JOIN alias_name a ON ov.auth_name = a.auth_name AND ov.code = a.code WHERE a.table_name = 'geodetic_crs' AND ov.type = 'geographic 2D' AND a.alt_name = ? COLLATE NOCASE ) ORDER BY deprecated, is_alias, length(name), name LIMIT 2: database disk image is malformed
proj_create_operations: SQLite error on SELECT table_name, auth_name, code, name, deprecated, is_alias FROM (SELECT 'projected_crs' AS table_name, auth_name, code, name, deprecated, 0 AS is_alias FROM projected_crs WHERE 1 = 1 AND name = ? COLLATE NOCASE  UNION SELECT 'projected_crs' AS table_name, ov.auth_name AS auth_name, ov.code AS code, a.alt_name AS name, ov.deprecated AS deprecated, 1 as is_alias FROM projected_crs ov JOIN alias_name a ON ov.auth_name = a.auth_name AND ov.code = a.code WHERE a.table_name = 'projected_crs' AND a.alt_name = ? COLLATE NOCASE ) ORDER BY deprecated, is_alias, length(name), name LIMIT 2: database disk image is malformed
proj_create_operations: SQLite error on SELECT table_name, auth_name, code, name, deprecated, is_alias FROM (SELECT 'geodetic_crs' AS table_name, auth_name, code, name, deprecated, 0 AS is_alias FROM geodetic_crs WHERE 1 = 1 AND type = 'geographic 2D' AND name = ? COLLATE NOCASE  UNION SELECT 'geodetic_crs' AS table_name, ov.auth_name AS auth_name, ov.code AS code, a.alt_name AS name, ov.deprecated AS deprecated, 1 as is_alias FROM geodetic_crs ov JOIN alias_name a ON ov.auth_name = a.auth_name AND ov.code = a.code WHERE a.table_name = 'geodetic_crs' AND ov.type = 'geographic 2D' AND a.alt_name = ? COLLATE NOCASE ) ORDER BY deprecated, is_alias, length(name), name LIMIT 2: database disk image is malformed
proj_create_operations: SQLite error on SELECT table_name, auth_name, code, name, deprecated, is_alias FROM (SELECT 'projected_crs' AS table_name, auth_name, code, name, deprecated, 0 AS is_alias FROM projected_crs WHERE 1 = 1 AND name = ? COLLATE NOCASE  UNION SELECT 'projected_crs' AS table_name, ov.auth_name AS auth_name, ov.code AS code, a.alt_name AS name, ov.deprecated AS deprecated, 1 as is_alias FROM projected_crs ov JOIN alias_name a ON ov.auth_name = a.auth_name AND ov.code = a.code WHERE a.table_name = 'projected_crs' AND a.alt_name = ? COLLATE NOCASE ) ORDER BY deprecated, is_alias, length(name), name LIMIT 2: database disk image is malformed
proj_create: SQLite error on SELECT table_name, auth_name, code FROM alias_name WHERE alt_name = ? AND table_name = ? AND source = ?: database disk image is malformed
proj_create_operations: SQLite error on SELECT table_name, auth_name, code, name, deprecated, is_alias FROM (SELECT 'geodetic_crs' AS table_name, auth_name, code, name, deprecated, 0 AS is_alias FROM geodetic_crs WHERE 1 = 1 AND type = 'geographic 2D' AND name = ? COLLATE NOCASE  UNION SELECT 'geodetic_crs' AS table_name, ov.auth_name AS auth_name, ov.code AS code, a.alt_name AS name, ov.deprecated AS deprecated, 1 as is_alias FROM geodetic_crs ov JOIN alias_name a ON ov.auth_name = a.auth_name AND ov.code = a.code WHERE a.table_name = 'geodetic_crs' AND ov.type = 'geographic 2D' AND a.alt_name = ? COLLATE NOCASE ) ORDER BY deprecated, is_alias, length(name), name LIMIT 2: database disk image is malformed
proj_create: buildEllipsoid: buildUnit: SQLite error on SELECT table_name, auth_name, code FROM alias_name WHERE alt_name = ? AND table_name = ? AND source = ?: database disk image is malformed
proj_create_operations: SQLite error on SELECT table_name, auth_name, code, name, deprecated, is_alias FROM (SELECT 'projected_crs' AS table_name, auth_name, code, name, deprecated, 0 AS is_alias FROM projected_crs WHERE 1 = 1 AND name = ? COLLATE NOCASE  UNION SELECT 'projected_crs' AS table_name, ov.auth_name AS auth_name, ov.code AS code, a.alt_name AS name, ov.deprecated AS deprecated, 1 as is_alias FROM projected_crs ov JOIN alias_name a ON ov.auth_name = a.auth_name AND ov.code = a.code WHERE a.table_name = 'projected_crs' AND a.alt_name = ? COLLATE NOCASE ) ORDER BY deprecated, is_alias, length(name), name LIMIT 2: database disk image is malformed
proj_create_operations: SQLite error on SELECT table_name, auth_name, code, name, deprecated, is_alias FROM (SELECT 'geodetic_crs' AS table_name, auth_name, code, name, deprecated, 0 AS is_alias FROM geodetic_crs WHERE 1 = 1 AND type = 'geographic 2D' AND name = ? COLLATE NOCASE  UNION SELECT 'geodetic_crs' AS table_name, ov.auth_name AS auth_name, ov.code AS code, a.alt_name AS name, ov.deprecated AS deprecated, 1 as is_alias FROM geodetic_crs ov JOIN alias_name a ON ov.auth_name = a.auth_name AND ov.code = a.code WHERE a.table_name = 'geodetic_crs' AND ov.type = 'geographic 2D' AND a.alt_name = ? COLLATE NOCASE ) ORDER BY deprecated, is_alias, length(name), name LIMIT 2: database disk image is malformed
proj_create_operations: SQLite error on SELECT table_name, auth_name, code, name, deprecated, is_alias FROM (SELECT 'projected_crs' AS table_name, auth_name, code, name, deprecated, 0 AS is_alias FROM projected_crs WHERE 1 = 1 AND name = ? COLLATE NOCASE  UNION SELECT 'projected_crs' AS table_name, ov.auth_name AS auth_name, ov.code AS code, a.alt_name AS name, ov.deprecated AS deprecated, 1 as is_alias FROM projected_crs ov JOIN alias_name a ON ov.auth_name = a.auth_name AND ov.code = a.code WHERE a.table_name = 'projected_crs' AND a.alt_name = ? COLLATE NOCASE ) ORDER BY deprecated, is_alias, length(name), name LIMIT 2: database disk image is malformed
terminate called after throwing an instance of 'osgeo::proj::io::FactoryException'
  what():  SQLite error on SELECT alt_name FROM alias_name WHERE table_name = ? AND auth_name = ? AND code = ?: database disk image is malformed
Error in .local(.Object, ...) : 

In addition: There were 50 or more warnings (use warnings() to see the first 50)
proj_create_operations: SQLite error on SELECT table_name, auth_name, code, name, deprecated, is_alias FROM (SELECT 'projected_crs' AS table_name, auth_name, code, name, deprecated, 0 AS is_alias FROM projected_crs WHERE 1 = 1 AND name = ? COLLATE NOCASE  UNION SELECT 'projected_crs' AS table_name, ov.auth_name AS auth_name, ov.code AS code, a.alt_name AS name, ov.deprecated AS deprecated, 1 as is_alias FROM projected_crs ov JOIN alias_name a ON ov.auth_name = a.auth_name AND ov.code = a.code WHERE a.table_name = 'projected_crs' AND a.alt_name = ? COLLATE NOCASE ) ORDER BY deprecated, is_alias, length(name), name LIMIT 2: database disk image is malformed
proj_create_operations: SQLite error on SELECT table_name, auth_name, code, name, deprecated, is_alias FROM (SELECT 'geodetic_datum' AS table_name, auth_name, code, name, deprecated, 0 AS is_alias FROM geodetic_datum WHERE 1 = 1 AND name = ? COLLATE NOCASE  UNION SELECT 'geodetic_datum' AS table_name, ov.auth_name AS auth_name, ov.code AS code, a.alt_name AS name, ov.deprecated AS deprecated, 1 as is_alias FROM geodetic_datum ov JOIN alias_name a ON ov.auth_name = a.auth_name AND ov.code = a.code WHERE a.table_name = 'geodetic_datum' AND a.alt_name = ? COLLATE NOCASE ) ORDER BY deprecated, is_alias, length(name), name LIMIT 2: database disk image is malformed
[[1]]
NULL

[[2]]
[1] "Error in h(simpleError(msg, call)) : \n  error in evaluating the argument 'x' in selecting a method for function 'extent': coordinate operation creation from WKT failed: Unknown error (code 4096)\n"
attr(,"class")
[1] "try-error"
attr(,"condition")
<simpleError in h(simpleError(msg, call)): error in evaluating the argument 'x' in selecting a method for function 'extent': coordinate operation creation from WKT failed: Unknown error (code 4096)>

[[3]]
[1] "Error in h(simpleError(msg, call)) : \n  error in evaluating the argument 'x' in selecting a method for function 'extent': coordinate operation creation from WKT failed: Unknown error (code 4096)\n"
attr(,"class")
[1] "try-error"
attr(,"condition")
<simpleError in h(simpleError(msg, call)): error in evaluating the argument 'x' in selecting a method for function 'extent': coordinate operation creation from WKT failed: Unknown error (code 4096)>

[[4]]
[1] "Error in h(simpleError(msg, call)) : \n  error in evaluating the argument 'x' in selecting a method for function 'extent': coordinate operation creation from WKT failed: Unknown error (code 4096)\n"
attr(,"class")
[1] "try-error"
attr(,"condition")
<simpleError in h(simpleError(msg, call)): error in evaluating the argument 'x' in selecting a method for function 'extent': coordinate operation creation from WKT failed: Unknown error (code 4096)>

[[5]]
[1] "Error in h(simpleError(msg, call)) : \n  error in evaluating the argument 'x' in selecting a method for function 'extent': target crs creation failed: Unknown error (code 4096)\n"
attr(,"class")
[1] "try-error"
attr(,"condition")
<simpleError in h(simpleError(msg, call)): error in evaluating the argument 'x' in selecting a method for function 'extent': target crs creation failed: Unknown error (code 4096)>

[[6]]
[1] "Error in h(simpleError(msg, call)) : \n  error in evaluating the argument 'x' in selecting a method for function 'extent': coordinate operation creation from WKT failed: Unknown error (code 4096)\n"
attr(,"class")
[1] "try-error"
attr(,"condition")
<simpleError in h(simpleError(msg, call)): error in evaluating the argument 'x' in selecting a method for function 'extent': coordinate operation creation from WKT failed: Unknown error (code 4096)>

[[7]]
[1] "Error in h(simpleError(msg, call)) : \n  error in evaluating the argument 'x' in selecting a method for function 'extent': coordinate operation creation from WKT failed: Unknown error (code 4096)\n"
attr(,"class")
[1] "try-error"
attr(,"condition")
<simpleError in h(simpleError(msg, call)): error in evaluating the argument 'x' in selecting a method for function 'extent': coordinate operation creation from WKT failed: Unknown error (code 4096)>

[[8]]
[1] "Error in h(simpleError(msg, call)) : \n  error in evaluating the argument 'x' in selecting a method for function 'extent': coordinate operation creation from WKT failed: Unknown error (code 4096)\n"
attr(,"class")
[1] "try-error"
attr(,"condition")
<simpleError in h(simpleError(msg, call)): error in evaluating the argument 'x' in selecting a method for function 'extent': coordinate operation creation from WKT failed: Unknown error (code 4096)>

[[9]]
[1] "Error in h(simpleError(msg, call)) : \n  error in evaluating the argument 'x' in selecting a method for function 'extent': target crs creation failed: Unknown error (code 4096)\n"
attr(,"class")
[1] "try-error"
attr(,"condition")
<simpleError in h(simpleError(msg, call)): error in evaluating the argument 'x' in selecting a method for function 'extent': target crs creation failed: Unknown error (code 4096)>

[[10]]
[1] "Error in rgdal::rawTransform(projto_int, projfrom, nrow(xy), xy[, 1],  : \n  coordinate operation creation from WKT failed: Unknown error (code 4096)\n"
attr(,"class")
[1] "try-error"
attr(,"condition")
<simpleError in rgdal::rawTransform(projto_int, projfrom, nrow(xy), xy[, 1],     xy[, 2], wkt = use_proj6): coordinate operation creation from WKT failed: Unknown error (code 4096)>

[[11]]
[1] "Error in .rasterObjectFromFile(x, band = band, objecttype = \"RasterLayer\",  : \n  Cannot create a RasterLayer object from this file.\n"
attr(,"class")
[1] "try-error"
attr(,"condition")
<simpleError in .rasterObjectFromFile(x, band = band, objecttype = "RasterLayer",     ...): Cannot create a RasterLayer object from this file.>

[[12]]
[1] "Error in h(simpleError(msg, call)) : \n  error in evaluating the argument 'x' in selecting a method for function 'extent': coordinate operation creation from WKT failed: Unknown error (code 4096)\n"
attr(,"class")
[1] "try-error"
attr(,"condition")
<simpleError in h(simpleError(msg, call)): error in evaluating the argument 'x' in selecting a method for function 'extent': coordinate operation creation from WKT failed: Unknown error (code 4096)>

[[13]]
[1] "Error in rgdal::rawTransform(projto_int, projfrom, nrow(xy), xy[, 1],  : \n  coordinate operation creation from WKT failed: Unknown error (code 4096)\n"
attr(,"class")
[1] "try-error"
attr(,"condition")
<simpleError in rgdal::rawTransform(projto_int, projfrom, nrow(xy), xy[, 1],     xy[, 2], wkt = use_proj6): coordinate operation creation from WKT failed: Unknown error (code 4096)>

[[14]]
[1] "Error in rgdal::rawTransform(projto_int, projfrom, nrow(xy), xy[, 1],  : \n  coordinate operation creation from WKT failed: Unknown error (code 4096)\n"
attr(,"class")
[1] "try-error"
attr(,"condition")
<simpleError in rgdal::rawTransform(projto_int, projfrom, nrow(xy), xy[, 1],     xy[, 2], wkt = use_proj6): coordinate operation creation from WKT failed: Unknown error (code 4096)>

[[15]]
class      : RasterLayer 
dimensions : 12027, 24053, 289285431  (nrow, ncol, ncell)
resolution : 1500.029, 1499.966  (x, y)
extent     : -18040096, 18040096, -9020048, 9020048  (xmin, xmax, ymin, ymax)
crs        : +proj=moll +lon_0=0 +x_0=0 +y_0=0 +ellps=WGS84 +units=m +no_defs 
source     : CMIP6 April Mollweide.tif 
names      : CMIP6_April_Mollweide 
values     : -61.76373, 32.43446  (min, max)


[[16]]
NULL

[[17]]
[1] "Error in h(simpleError(msg, call)) : \n  error in evaluating the argument 'x' in selecting a method for function 'extent': coordinate operation creation from WKT failed: Unknown error (code 4096)\n"
attr(,"class")
[1] "try-error"
attr(,"condition")
<simpleError in h(simpleError(msg, call)): error in evaluating the argument 'x' in selecting a method for function 'extent': coordinate operation creation from WKT failed: Unknown error (code 4096)>

[[18]]
[1] "Error in h(simpleError(msg, call)) : \n  error in evaluating the argument 'x' in selecting a method for function 'extent': coordinate operation creation from WKT failed: Unknown error (code 4096)\n"
attr(,"class")
[1] "try-error"
attr(,"condition")
<simpleError in h(simpleError(msg, call)): error in evaluating the argument 'x' in selecting a method for function 'extent': coordinate operation creation from WKT failed: Unknown error (code 4096)>

[[19]]
[1] "Error in h(simpleError(msg, call)) : \n  error in evaluating the argument 'x' in selecting a method for function 'extent': coordinate operation creation from WKT failed: Unknown error (code 4096)\n"
attr(,"class")
[1] "try-error"
attr(,"condition")
<simpleError in h(simpleError(msg, call)): error in evaluating the argument 'x' in selecting a method for function 'extent': coordinate operation creation from WKT failed: Unknown error (code 4096)>

[[20]]
[1] "Error in h(simpleError(msg, call)) : \n  error in evaluating the argument 'x' in selecting a method for function 'extent': target crs creation failed: Unknown error (code 4096)\n"
attr(,"class")
[1] "try-error"
attr(,"condition")
<simpleError in h(simpleError(msg, call)): error in evaluating the argument 'x' in selecting a method for function 'extent': target crs creation failed: Unknown error (code 4096)>

[[21]]
[1] "Error in h(simpleError(msg, call)) : \n  error in evaluating the argument 'x' in selecting a method for function 'extent': coordinate operation creation from WKT failed: Unknown error (code 4096)\n"
attr(,"class")
[1] "try-error"
attr(,"condition")
<simpleError in h(simpleError(msg, call)): error in evaluating the argument 'x' in selecting a method for function 'extent': coordinate operation creation from WKT failed: Unknown error (code 4096)>

[[22]]
[1] "Error in h(simpleError(msg, call)) : \n  error in evaluating the argument 'x' in selecting a method for function 'extent': coordinate operation creation from WKT failed: Unknown error (code 4096)\n"
attr(,"class")
[1] "try-error"
attr(,"condition")
<simpleError in h(simpleError(msg, call)): error in evaluating the argument 'x' in selecting a method for function 'extent': coordinate operation creation from WKT failed: Unknown error (code 4096)>

[[23]]
[1] "Error in h(simpleError(msg, call)) : \n  error in evaluating the argument 'x' in selecting a method for function 'extent': coordinate operation creation from WKT failed: Unknown error (code 4096)\n"
attr(,"class")
[1] "try-error"
attr(,"condition")
<simpleError in h(simpleError(msg, call)): error in evaluating the argument 'x' in selecting a method for function 'extent': coordinate operation creation from WKT failed: Unknown error (code 4096)>

[[24]]
[1] "Error in h(simpleError(msg, call)) : \n  error in evaluating the argument 'x' in selecting a method for function 'extent': target crs creation failed: Unknown error (code 4096)\n"
attr(,"class")
[1] "try-error"
attr(,"condition")
<simpleError in h(simpleError(msg, call)): error in evaluating the argument 'x' in selecting a method for function 'extent': target crs creation failed: Unknown error (code 4096)>

[[25]]
[1] "Error in rgdal::rawTransform(projto_int, projfrom, nrow(xy), xy[, 1],  : \n  coordinate operation creation from WKT failed: Unknown error (code 4096)\n"
attr(,"class")
[1] "try-error"
attr(,"condition")
<simpleError in rgdal::rawTransform(projto_int, projfrom, nrow(xy), xy[, 1],     xy[, 2], wkt = use_proj6): coordinate operation creation from WKT failed: Unknown error (code 4096)>

[[26]]
[1] "Error in .rasterObjectFromFile(x, band = band, objecttype = \"RasterLayer\",  : \n  Cannot create a RasterLayer object from this file.\n"
attr(,"class")
[1] "try-error"
attr(,"condition")
<simpleError in .rasterObjectFromFile(x, band = band, objecttype = "RasterLayer",     ...): Cannot create a RasterLayer object from this file.>

[[27]]
[1] "Error in h(simpleError(msg, call)) : \n  error in evaluating the argument 'x' in selecting a method for function 'extent': coordinate operation creation from WKT failed: Unknown error (code 4096)\n"
attr(,"class")
[1] "try-error"
attr(,"condition")
<simpleError in h(simpleError(msg, call)): error in evaluating the argument 'x' in selecting a method for function 'extent': coordinate operation creation from WKT failed: Unknown error (code 4096)>

[[28]]
[1] "Error in rgdal::rawTransform(projto_int, projfrom, nrow(xy), xy[, 1],  : \n  coordinate operation creation from WKT failed: Unknown error (code 4096)\n"
attr(,"class")
[1] "try-error"
attr(,"condition")
<simpleError in rgdal::rawTransform(projto_int, projfrom, nrow(xy), xy[, 1],     xy[, 2], wkt = use_proj6): coordinate operation creation from WKT failed: Unknown error (code 4096)>

[[29]]
[1] "Error in rgdal::rawTransform(projto_int, projfrom, nrow(xy), xy[, 1],  : \n  coordinate operation creation from WKT failed: Unknown error (code 4096)\n"
attr(,"class")
[1] "try-error"
attr(,"condition")
<simpleError in rgdal::rawTransform(projto_int, projfrom, nrow(xy), xy[, 1],     xy[, 2], wkt = use_proj6): coordinate operation creation from WKT failed: Unknown error (code 4096)>

[[30]]
class      : RasterLayer 
dimensions : 12027, 24053, 289285431  (nrow, ncol, ncell)
resolution : 1500.029, 1499.966  (x, y)
extent     : -18040096, 18040096, -9020048, 9020048  (xmin, xmax, ymin, ymax)
crs        : +proj=moll +lon_0=0 +x_0=0 +y_0=0 +ellps=WGS84 +units=m +no_defs 
source     : CMIP6 March Mollweide.tif 
names      : CMIP6_March_Mollweide 
values     : -55.9755, 31.27459  (min, max)


[[31]]
NULL

[[32]]
[1] "Error in h(simpleError(msg, call)) : \n  error in evaluating the argument 'x' in selecting a method for function 'extent': coordinate operation creation from WKT failed: Unknown error (code 4096)\n"
attr(,"class")
[1] "try-error"
attr(,"condition")
<simpleError in h(simpleError(msg, call)): error in evaluating the argument 'x' in selecting a method for function 'extent': coordinate operation creation from WKT failed: Unknown error (code 4096)>

[[33]]
[1] "Error in h(simpleError(msg, call)) : \n  error in evaluating the argument 'x' in selecting a method for function 'extent': coordinate operation creation from WKT failed: Unknown error (code 4096)\n"
attr(,"class")
[1] "try-error"
attr(,"condition")
<simpleError in h(simpleError(msg, call)): error in evaluating the argument 'x' in selecting a method for function 'extent': coordinate operation creation from WKT failed: Unknown error (code 4096)>

[[34]]
[1] "Error in h(simpleError(msg, call)) : \n  error in evaluating the argument 'x' in selecting a method for function 'extent': coordinate operation creation from WKT failed: Unknown error (code 4096)\n"
attr(,"class")
[1] "try-error"
attr(,"condition")
<simpleError in h(simpleError(msg, call)): error in evaluating the argument 'x' in selecting a method for function 'extent': coordinate operation creation from WKT failed: Unknown error (code 4096)>

[[35]]
[1] "Error in h(simpleError(msg, call)) : \n  error in evaluating the argument 'x' in selecting a method for function 'extent': target crs creation failed: Unknown error (code 4096)\n"
attr(,"class")
[1] "try-error"
attr(,"condition")
<simpleError in h(simpleError(msg, call)): error in evaluating the argument 'x' in selecting a method for function 'extent': target crs creation failed: Unknown error (code 4096)>

[[36]]
[1] "Error in h(simpleError(msg, call)) : \n  error in evaluating the argument 'x' in selecting a method for function 'extent': coordinate operation creation from WKT failed: Unknown error (code 4096)\n"
attr(,"class")
[1] "try-error"
attr(,"condition")
<simpleError in h(simpleError(msg, call)): error in evaluating the argument 'x' in selecting a method for function 'extent': coordinate operation creation from WKT failed: Unknown error (code 4096)>

[[37]]
[1] "Error in h(simpleError(msg, call)) : \n  error in evaluating the argument 'x' in selecting a method for function 'extent': coordinate operation creation from WKT failed: Unknown error (code 4096)\n"
attr(,"class")
[1] "try-error"
attr(,"condition")
<simpleError in h(simpleError(msg, call)): error in evaluating the argument 'x' in selecting a method for function 'extent': coordinate operation creation from WKT failed: Unknown error (code 4096)>

[[38]]
[1] "Error in h(simpleError(msg, call)) : \n  error in evaluating the argument 'x' in selecting a method for function 'extent': coordinate operation creation from WKT failed: Unknown error (code 4096)\n"
attr(,"class")
[1] "try-error"
attr(,"condition")
<simpleError in h(simpleError(msg, call)): error in evaluating the argument 'x' in selecting a method for function 'extent': coordinate operation creation from WKT failed: Unknown error (code 4096)>

[[39]]
[1] "Error in h(simpleError(msg, call)) : \n  error in evaluating the argument 'x' in selecting a method for function 'extent': target crs creation failed: Unknown error (code 4096)\n"
attr(,"class")
[1] "try-error"
attr(,"condition")
<simpleError in h(simpleError(msg, call)): error in evaluating the argument 'x' in selecting a method for function 'extent': target crs creation failed: Unknown error (code 4096)>

[[40]]
[1] "Error in rgdal::rawTransform(projto_int, projfrom, nrow(xy), xy[, 1],  : \n  coordinate operation creation from WKT failed: Unknown error (code 4096)\n"
attr(,"class")
[1] "try-error"
attr(,"condition")
<simpleError in rgdal::rawTransform(projto_int, projfrom, nrow(xy), xy[, 1],     xy[, 2], wkt = use_proj6): coordinate operation creation from WKT failed: Unknown error (code 4096)>

[[41]]
[1] "Error in .rasterObjectFromFile(x, band = band, objecttype = \"RasterLayer\",  : \n  Cannot create a RasterLayer object from this file.\n"
attr(,"class")
[1] "try-error"
attr(,"condition")
<simpleError in .rasterObjectFromFile(x, band = band, objecttype = "RasterLayer",     ...): Cannot create a RasterLayer object from this file.>

[[42]]
[1] "Error in h(simpleError(msg, call)) : \n  error in evaluating the argument 'x' in selecting a method for function 'extent': coordinate operation creation from WKT failed: Unknown error (code 4096)\n"
attr(,"class")
[1] "try-error"
attr(,"condition")
<simpleError in h(simpleError(msg, call)): error in evaluating the argument 'x' in selecting a method for function 'extent': coordinate operation creation from WKT failed: Unknown error (code 4096)>

[[43]]
[1] "Error in rgdal::rawTransform(projto_int, projfrom, nrow(xy), xy[, 1],  : \n  coordinate operation creation from WKT failed: Unknown error (code 4096)\n"
attr(,"class")
[1] "try-error"
attr(,"condition")
<simpleError in rgdal::rawTransform(projto_int, projfrom, nrow(xy), xy[, 1],     xy[, 2], wkt = use_proj6): coordinate operation creation from WKT failed: Unknown error (code 4096)>

[[44]]
[1] "Error in rgdal::rawTransform(projto_int, projfrom, nrow(xy), xy[, 1],  : \n  coordinate operation creation from WKT failed: Unknown error (code 4096)\n"
attr(,"class")
[1] "try-error"
attr(,"condition")
<simpleError in rgdal::rawTransform(projto_int, projfrom, nrow(xy), xy[, 1],     xy[, 2], wkt = use_proj6): coordinate operation creation from WKT failed: Unknown error (code 4096)>

[[45]]
class      : RasterLayer 
dimensions : 12027, 24053, 289285431  (nrow, ncol, ncell)
resolution : 1500.029, 1499.966  (x, y)
extent     : -18040096, 18040096, -9020048, 9020048  (xmin, xmax, ymin, ymax)
crs        : +proj=moll +lon_0=0 +x_0=0 +y_0=0 +ellps=WGS84 +units=m +no_defs 
source     : CMIP6 August Mollweide.tif 
names      : CMIP6_August_Mollweide 
values     : 0.003965336, 20.02929  (min, max)


[[46]]
NULL

[[47]]
[1] "Error in h(simpleError(msg, call)) : \n  error in evaluating the argument 'x' in selecting a method for function 'extent': coordinate operation creation from WKT failed: Unknown error (code 4096)\n"
attr(,"class")
[1] "try-error"
attr(,"condition")
<simpleError in h(simpleError(msg, call)): error in evaluating the argument 'x' in selecting a method for function 'extent': coordinate operation creation from WKT failed: Unknown error (code 4096)>

[[48]]
[1] "Error in h(simpleError(msg, call)) : \n  error in evaluating the argument 'x' in selecting a method for function 'extent': coordinate operation creation from WKT failed: Unknown error (code 4096)\n"
attr(,"class")
[1] "try-error"
attr(,"condition")
<simpleError in h(simpleError(msg, call)): error in evaluating the argument 'x' in selecting a method for function 'extent': coordinate operation creation from WKT failed: Unknown error (code 4096)>

[[49]]
[1] "Error in h(simpleError(msg, call)) : \n  error in evaluating the argument 'x' in selecting a method for function 'extent': coordinate operation creation from WKT failed: Unknown error (code 4096)\n"
attr(,"class")
[1] "try-error"
attr(,"condition")
<simpleError in h(simpleError(msg, call)): error in evaluating the argument 'x' in selecting a method for function 'extent': coordinate operation creation from WKT failed: Unknown error (code 4096)>

[[50]]
[1] "Error in h(simpleError(msg, call)) : \n  error in evaluating the argument 'x' in selecting a method for function 'extent': target crs creation failed: Unknown error (code 4096)\n"
attr(,"class")
[1] "try-error"
attr(,"condition")
<simpleError in h(simpleError(msg, call)): error in evaluating the argument 'x' in selecting a method for function 'extent': target crs creation failed: Unknown error (code 4096)>

[[51]]
[1] "Error in h(simpleError(msg, call)) : \n  error in evaluating the argument 'x' in selecting a method for function 'extent': coordinate operation creation from WKT failed: Unknown error (code 4096)\n"
attr(,"class")
[1] "try-error"
attr(,"condition")
<simpleError in h(simpleError(msg, call)): error in evaluating the argument 'x' in selecting a method for function 'extent': coordinate operation creation from WKT failed: Unknown error (code 4096)>

[[52]]
[1] "Error in h(simpleError(msg, call)) : \n  error in evaluating the argument 'x' in selecting a method for function 'extent': coordinate operation creation from WKT failed: Unknown error (code 4096)\n"
attr(,"class")
[1] "try-error"
attr(,"condition")
<simpleError in h(simpleError(msg, call)): error in evaluating the argument 'x' in selecting a method for function 'extent': coordinate operation creation from WKT failed: Unknown error (code 4096)>

[[53]]
[1] "Error in h(simpleError(msg, call)) : \n  error in evaluating the argument 'x' in selecting a method for function 'extent': coordinate operation creation from WKT failed: Unknown error (code 4096)\n"
attr(,"class")
[1] "try-error"
attr(,"condition")
<simpleError in h(simpleError(msg, call)): error in evaluating the argument 'x' in selecting a method for function 'extent': coordinate operation creation from WKT failed: Unknown error (code 4096)>

[[54]]
[1] "Error in h(simpleError(msg, call)) : \n  error in evaluating the argument 'x' in selecting a method for function 'extent': target crs creation failed: Unknown error (code 4096)\n"
attr(,"class")
[1] "try-error"
attr(,"condition")
<simpleError in h(simpleError(msg, call)): error in evaluating the argument 'x' in selecting a method for function 'extent': target crs creation failed: Unknown error (code 4096)>

[[55]]
[1] "Error in rgdal::rawTransform(projto_int, projfrom, nrow(xy), xy[, 1],  : \n  coordinate operation creation from WKT failed: Unknown error (code 4096)\n"
attr(,"class")
[1] "try-error"
attr(,"condition")
<simpleError in rgdal::rawTransform(projto_int, projfrom, nrow(xy), xy[, 1],     xy[, 2], wkt = use_proj6): coordinate operation creation from WKT failed: Unknown error (code 4096)>

[[56]]
[1] "Error in .rasterObjectFromFile(x, band = band, objecttype = \"RasterLayer\",  : \n  Cannot create a RasterLayer object from this file.\n"
attr(,"class")
[1] "try-error"
attr(,"condition")
<simpleError in .rasterObjectFromFile(x, band = band, objecttype = "RasterLayer",     ...): Cannot create a RasterLayer object from this file.>

[[57]]
[1] "Error in h(simpleError(msg, call)) : \n  error in evaluating the argument 'x' in selecting a method for function 'extent': coordinate operation creation from WKT failed: Unknown error (code 4096)\n"
attr(,"class")
[1] "try-error"
attr(,"condition")
<simpleError in h(simpleError(msg, call)): error in evaluating the argument 'x' in selecting a method for function 'extent': coordinate operation creation from WKT failed: Unknown error (code 4096)>

[[58]]
[1] "Error in rgdal::rawTransform(projto_int, projfrom, nrow(xy), xy[, 1],  : \n  coordinate operation creation from WKT failed: Unknown error (code 4096)\n"
attr(,"class")
[1] "try-error"
attr(,"condition")
<simpleError in rgdal::rawTransform(projto_int, projfrom, nrow(xy), xy[, 1],     xy[, 2], wkt = use_proj6): coordinate operation creation from WKT failed: Unknown error (code 4096)>

[[59]]
[1] "Error in rgdal::rawTransform(projto_int, projfrom, nrow(xy), xy[, 1],  : \n  coordinate operation creation from WKT failed: Unknown error (code 4096)\n"
attr(,"class")
[1] "try-error"
attr(,"condition")
<simpleError in rgdal::rawTransform(projto_int, projfrom, nrow(xy), xy[, 1],     xy[, 2], wkt = use_proj6): coordinate operation creation from WKT failed: Unknown error (code 4096)>

[[60]]
class      : RasterLayer 
dimensions : 12027, 24053, 289285431  (nrow, ncol, ncell)
resolution : 1500.029, 1499.966  (x, y)
extent     : -18040096, 18040096, -9020048, 9020048  (xmin, xmax, ymin, ymax)
crs        : +proj=moll +lon_0=0 +x_0=0 +y_0=0 +ellps=WGS84 +units=m +no_defs 
source     : CMIP6 February Mollweide.tif 
names      : CMIP6_February_Mollweide 
values     : -43.24781, 31.59051  (min, max)


[[61]]
NULL

[[62]]
[1] "Error in h(simpleError(msg, call)) : \n  error in evaluating the argument 'x' in selecting a method for function 'extent': coordinate operation creation from WKT failed: Unknown error (code 4096)\n"
attr(,"class")
[1] "try-error"
attr(,"condition")
<simpleError in h(simpleError(msg, call)): error in evaluating the argument 'x' in selecting a method for function 'extent': coordinate operation creation from WKT failed: Unknown error (code 4096)>

[[63]]
[1] "Error in h(simpleError(msg, call)) : \n  error in evaluating the argument 'x' in selecting a method for function 'extent': coordinate operation creation from WKT failed: Unknown error (code 4096)\n"
attr(,"class")
[1] "try-error"
attr(,"condition")
<simpleError in h(simpleError(msg, call)): error in evaluating the argument 'x' in selecting a method for function 'extent': coordinate operation creation from WKT failed: Unknown error (code 4096)>

[[64]]
[1] "Error in h(simpleError(msg, call)) : \n  error in evaluating the argument 'x' in selecting a method for function 'extent': coordinate operation creation from WKT failed: Unknown error (code 4096)\n"
attr(,"class")
[1] "try-error"
attr(,"condition")
<simpleError in h(simpleError(msg, call)): error in evaluating the argument 'x' in selecting a method for function 'extent': coordinate operation creation from WKT failed: Unknown error (code 4096)>

[[65]]
[1] "Error in h(simpleError(msg, call)) : \n  error in evaluating the argument 'x' in selecting a method for function 'extent': target crs creation failed: Unknown error (code 4096)\n"
attr(,"class")
[1] "try-error"
attr(,"condition")
<simpleError in h(simpleError(msg, call)): error in evaluating the argument 'x' in selecting a method for function 'extent': target crs creation failed: Unknown error (code 4096)>

[[66]]
[1] "Error in h(simpleError(msg, call)) : \n  error in evaluating the argument 'x' in selecting a method for function 'extent': coordinate operation creation from WKT failed: Unknown error (code 4096)\n"
attr(,"class")
[1] "try-error"
attr(,"condition")
<simpleError in h(simpleError(msg, call)): error in evaluating the argument 'x' in selecting a method for function 'extent': coordinate operation creation from WKT failed: Unknown error (code 4096)>

[[67]]
[1] "Error in h(simpleError(msg, call)) : \n  error in evaluating the argument 'x' in selecting a method for function 'extent': coordinate operation creation from WKT failed: Unknown error (code 4096)\n"
attr(,"class")
[1] "try-error"
attr(,"condition")
<simpleError in h(simpleError(msg, call)): error in evaluating the argument 'x' in selecting a method for function 'extent': coordinate operation creation from WKT failed: Unknown error (code 4096)>

[[68]]
[1] "Error in h(simpleError(msg, call)) : \n  error in evaluating the argument 'x' in selecting a method for function 'extent': coordinate operation creation from WKT failed: Unknown error (code 4096)\n"
attr(,"class")
[1] "try-error"
attr(,"condition")
<simpleError in h(simpleError(msg, call)): error in evaluating the argument 'x' in selecting a method for function 'extent': coordinate operation creation from WKT failed: Unknown error (code 4096)>

[[69]]
[1] "Error in h(simpleError(msg, call)) : \n  error in evaluating the argument 'x' in selecting a method for function 'extent': target crs creation failed: Unknown error (code 4096)\n"
attr(,"class")
[1] "try-error"
attr(,"condition")
<simpleError in h(simpleError(msg, call)): error in evaluating the argument 'x' in selecting a method for function 'extent': target crs creation failed: Unknown error (code 4096)>

[[70]]
[1] "Error in rgdal::rawTransform(projto_int, projfrom, nrow(xy), xy[, 1],  : \n  coordinate operation creation from WKT failed: Unknown error (code 4096)\n"
attr(,"class")
[1] "try-error"
attr(,"condition")
<simpleError in rgdal::rawTransform(projto_int, projfrom, nrow(xy), xy[, 1],     xy[, 2], wkt = use_proj6): coordinate operation creation from WKT failed: Unknown error (code 4096)>

[[71]]
[1] "Error in .rasterObjectFromFile(x, band = band, objecttype = \"RasterLayer\",  : \n  Cannot create a RasterLayer object from this file.\n"
attr(,"class")
[1] "try-error"
attr(,"condition")
<simpleError in .rasterObjectFromFile(x, band = band, objecttype = "RasterLayer",     ...): Cannot create a RasterLayer object from this file.>

[[72]]
[1] "Error in h(simpleError(msg, call)) : \n  error in evaluating the argument 'x' in selecting a method for function 'extent': coordinate operation creation from WKT failed: Unknown error (code 4096)\n"
attr(,"class")
[1] "try-error"
attr(,"condition")
<simpleError in h(simpleError(msg, call)): error in evaluating the argument 'x' in selecting a method for function 'extent': coordinate operation creation from WKT failed: Unknown error (code 4096)>

[[73]]
[1] "Error in rgdal::rawTransform(projto_int, projfrom, nrow(xy), xy[, 1],  : \n  coordinate operation creation from WKT failed: Unknown error (code 4096)\n"
attr(,"class")
[1] "try-error"
attr(,"condition")
<simpleError in rgdal::rawTransform(projto_int, projfrom, nrow(xy), xy[, 1],     xy[, 2], wkt = use_proj6): coordinate operation creation from WKT failed: Unknown error (code 4096)>

[[74]]
[1] "Error in rgdal::rawTransform(projto_int, projfrom, nrow(xy), xy[, 1],  : \n  coordinate operation creation from WKT failed: Unknown error (code 4096)\n"
attr(,"class")
[1] "try-error"
attr(,"condition")
<simpleError in rgdal::rawTransform(projto_int, projfrom, nrow(xy), xy[, 1],     xy[, 2], wkt = use_proj6): coordinate operation creation from WKT failed: Unknown error (code 4096)>

[[75]]
class      : RasterLayer 
dimensions : 12027, 24053, 289285431  (nrow, ncol, ncell)
resolution : 1500.029, 1499.966  (x, y)
extent     : -18040096, 18040096, -9020048, 9020048  (xmin, xmax, ymin, ymax)
crs        : +proj=moll +lon_0=0 +x_0=0 +y_0=0 +ellps=WGS84 +units=m +no_defs 
source     : CMIP6 June Mollweide.tif 
names      : CMIP6_June_Mollweide 
values     : -66.53718, 30.65679  (min, max)


[[76]]
NULL

[[77]]
[1] "Error in h(simpleError(msg, call)) : \n  error in evaluating the argument 'x' in selecting a method for function 'extent': coordinate operation creation from WKT failed: Unknown error (code 4096)\n"
attr(,"class")
[1] "try-error"
attr(,"condition")
<simpleError in h(simpleError(msg, call)): error in evaluating the argument 'x' in selecting a method for function 'extent': coordinate operation creation from WKT failed: Unknown error (code 4096)>

[[78]]
[1] "Error in h(simpleError(msg, call)) : \n  error in evaluating the argument 'x' in selecting a method for function 'extent': coordinate operation creation from WKT failed: Unknown error (code 4096)\n"
attr(,"class")
[1] "try-error"
attr(,"condition")
<simpleError in h(simpleError(msg, call)): error in evaluating the argument 'x' in selecting a method for function 'extent': coordinate operation creation from WKT failed: Unknown error (code 4096)>

[[79]]
[1] "Error in h(simpleError(msg, call)) : \n  error in evaluating the argument 'x' in selecting a method for function 'extent': coordinate operation creation from WKT failed: Unknown error (code 4096)\n"
attr(,"class")
[1] "try-error"
attr(,"condition")
<simpleError in h(simpleError(msg, call)): error in evaluating the argument 'x' in selecting a method for function 'extent': coordinate operation creation from WKT failed: Unknown error (code 4096)>

[[80]]
[1] "Error in h(simpleError(msg, call)) : \n  error in evaluating the argument 'x' in selecting a method for function 'extent': target crs creation failed: Unknown error (code 4096)\n"
attr(,"class")
[1] "try-error"
attr(,"condition")
<simpleError in h(simpleError(msg, call)): error in evaluating the argument 'x' in selecting a method for function 'extent': target crs creation failed: Unknown error (code 4096)>

[[81]]
[1] "Error in h(simpleError(msg, call)) : \n  error in evaluating the argument 'x' in selecting a method for function 'extent': coordinate operation creation from WKT failed: Unknown error (code 4096)\n"
attr(,"class")
[1] "try-error"
attr(,"condition")
<simpleError in h(simpleError(msg, call)): error in evaluating the argument 'x' in selecting a method for function 'extent': coordinate operation creation from WKT failed: Unknown error (code 4096)>

[[82]]
[1] "Error in h(simpleError(msg, call)) : \n  error in evaluating the argument 'x' in selecting a method for function 'extent': coordinate operation creation from WKT failed: Unknown error (code 4096)\n"
attr(,"class")
[1] "try-error"
attr(,"condition")
<simpleError in h(simpleError(msg, call)): error in evaluating the argument 'x' in selecting a method for function 'extent': coordinate operation creation from WKT failed: Unknown error (code 4096)>

[[83]]
[1] "Error in h(simpleError(msg, call)) : \n  error in evaluating the argument 'x' in selecting a method for function 'extent': coordinate operation creation from WKT failed: Unknown error (code 4096)\n"
attr(,"class")
[1] "try-error"
attr(,"condition")
<simpleError in h(simpleError(msg, call)): error in evaluating the argument 'x' in selecting a method for function 'extent': coordinate operation creation from WKT failed: Unknown error (code 4096)>

[[84]]
[1] "Error in h(simpleError(msg, call)) : \n  error in evaluating the argument 'x' in selecting a method for function 'extent': target crs creation failed: Unknown error (code 4096)\n"
attr(,"class")
[1] "try-error"
attr(,"condition")
<simpleError in h(simpleError(msg, call)): error in evaluating the argument 'x' in selecting a method for function 'extent': target crs creation failed: Unknown error (code 4096)>

[[85]]
[1] "Error in rgdal::rawTransform(projto_int, projfrom, nrow(xy), xy[, 1],  : \n  coordinate operation creation from WKT failed: Unknown error (code 4096)\n"
attr(,"class")
[1] "try-error"
attr(,"condition")
<simpleError in rgdal::rawTransform(projto_int, projfrom, nrow(xy), xy[, 1],     xy[, 2], wkt = use_proj6): coordinate operation creation from WKT failed: Unknown error (code 4096)>

[[86]]
[1] "Error in .rasterObjectFromFile(x, band = band, objecttype = \"RasterLayer\",  : \n  Cannot create a RasterLayer object from this file.\n"
attr(,"class")
[1] "try-error"
attr(,"condition")
<simpleError in .rasterObjectFromFile(x, band = band, objecttype = "RasterLayer",     ...): Cannot create a RasterLayer object from this file.>

[[87]]
[1] "Error in h(simpleError(msg, call)) : \n  error in evaluating the argument 'x' in selecting a method for function 'extent': coordinate operation creation from WKT failed: Unknown error (code 4096)\n"
attr(,"class")
[1] "try-error"
attr(,"condition")
<simpleError in h(simpleError(msg, call)): error in evaluating the argument 'x' in selecting a method for function 'extent': coordinate operation creation from WKT failed: Unknown error (code 4096)>

[[88]]
[1] "Error in rgdal::rawTransform(projto_int, projfrom, nrow(xy), xy[, 1],  : \n  coordinate operation creation from WKT failed: Unknown error (code 4096)\n"
attr(,"class")
[1] "try-error"
attr(,"condition")
<simpleError in rgdal::rawTransform(projto_int, projfrom, nrow(xy), xy[, 1],     xy[, 2], wkt = use_proj6): coordinate operation creation from WKT failed: Unknown error (code 4096)>

[[89]]
[1] "Error in rgdal::rawTransform(projto_int, projfrom, nrow(xy), xy[, 1],  : \n  coordinate operation creation from WKT failed: Unknown error (code 4096)\n"
attr(,"class")
[1] "try-error"
attr(,"condition")
<simpleError in rgdal::rawTransform(projto_int, projfrom, nrow(xy), xy[, 1],     xy[, 2], wkt = use_proj6): coordinate operation creation from WKT failed: Unknown error (code 4096)>

[[90]]
class      : RasterLayer 
dimensions : 12027, 24053, 289285431  (nrow, ncol, ncell)
resolution : 1500.029, 1499.966  (x, y)
extent     : -18040096, 18040096, -9020048, 9020048  (xmin, xmax, ymin, ymax)
crs        : +proj=moll +lon_0=0 +x_0=0 +y_0=0 +ellps=WGS84 +units=m +no_defs 
source     : CMIP6 November Mollweide.tif 
names      : CMIP6_November_Mollweide 
values     : 0.005267092, 16.87226  (min, max)


[[91]]
NULL

[[92]]
[1] "Error in h(simpleError(msg, call)) : \n  error in evaluating the argument 'x' in selecting a method for function 'extent': coordinate operation creation from WKT failed: Unknown error (code 4096)\n"
attr(,"class")
[1] "try-error"
attr(,"condition")
<simpleError in h(simpleError(msg, call)): error in evaluating the argument 'x' in selecting a method for function 'extent': coordinate operation creation from WKT failed: Unknown error (code 4096)>

[[93]]
[1] "Error in h(simpleError(msg, call)) : \n  error in evaluating the argument 'x' in selecting a method for function 'extent': coordinate operation creation from WKT failed: Unknown error (code 4096)\n"
attr(,"class")
[1] "try-error"
attr(,"condition")
<simpleError in h(simpleError(msg, call)): error in evaluating the argument 'x' in selecting a method for function 'extent': coordinate operation creation from WKT failed: Unknown error (code 4096)>

[[94]]
[1] "Error in h(simpleError(msg, call)) : \n  error in evaluating the argument 'x' in selecting a method for function 'extent': coordinate operation creation from WKT failed: Unknown error (code 4096)\n"
attr(,"class")
[1] "try-error"
attr(,"condition")
<simpleError in h(simpleError(msg, call)): error in evaluating the argument 'x' in selecting a method for function 'extent': coordinate operation creation from WKT failed: Unknown error (code 4096)>

[[95]]
[1] "Error in h(simpleError(msg, call)) : \n  error in evaluating the argument 'x' in selecting a method for function 'extent': target crs creation failed: Unknown error (code 4096)\n"
attr(,"class")
[1] "try-error"
attr(,"condition")
<simpleError in h(simpleError(msg, call)): error in evaluating the argument 'x' in selecting a method for function 'extent': target crs creation failed: Unknown error (code 4096)>

[[96]]
[1] "Error in h(simpleError(msg, call)) : \n  error in evaluating the argument 'x' in selecting a method for function 'extent': coordinate operation creation from WKT failed: Unknown error (code 4096)\n"
attr(,"class")
[1] "try-error"
attr(,"condition")
<simpleError in h(simpleError(msg, call)): error in evaluating the argument 'x' in selecting a method for function 'extent': coordinate operation creation from WKT failed: Unknown error (code 4096)>

[[97]]
[1] "Error in h(simpleError(msg, call)) : \n  error in evaluating the argument 'x' in selecting a method for function 'extent': coordinate operation creation from WKT failed: Unknown error (code 4096)\n"
attr(,"class")
[1] "try-error"
attr(,"condition")
<simpleError in h(simpleError(msg, call)): error in evaluating the argument 'x' in selecting a method for function 'extent': coordinate operation creation from WKT failed: Unknown error (code 4096)>

[[98]]
[1] "Error in h(simpleError(msg, call)) : \n  error in evaluating the argument 'x' in selecting a method for function 'extent': coordinate operation creation from WKT failed: Unknown error (code 4096)\n"
attr(,"class")
[1] "try-error"
attr(,"condition")
<simpleError in h(simpleError(msg, call)): error in evaluating the argument 'x' in selecting a method for function 'extent': coordinate operation creation from WKT failed: Unknown error (code 4096)>

[[99]]
[1] "Error in h(simpleError(msg, call)) : \n  error in evaluating the argument 'x' in selecting a method for function 'extent': target crs creation failed: Unknown error (code 4096)\n"
attr(,"class")
[1] "try-error"
attr(,"condition")
<simpleError in h(simpleError(msg, call)): error in evaluating the argument 'x' in selecting a method for function 'extent': target crs creation failed: Unknown error (code 4096)>

[[100]]
[1] "Error in rgdal::rawTransform(projto_int, projfrom, nrow(xy), xy[, 1],  : \n  coordinate operation creation from WKT failed: Unknown error (code 4096)\n"
attr(,"class")
[1] "try-error"
attr(,"condition")
<simpleError in rgdal::rawTransform(projto_int, projfrom, nrow(xy), xy[, 1],     xy[, 2], wkt = use_proj6): coordinate operation creation from WKT failed: Unknown error (code 4096)>

[[101]]
[1] "Error in .rasterObjectFromFile(x, band = band, objecttype = \"RasterLayer\",  : \n  Cannot create a RasterLayer object from this file.\n"
attr(,"class")
[1] "try-error"
attr(,"condition")
<simpleError in .rasterObjectFromFile(x, band = band, objecttype = "RasterLayer",     ...): Cannot create a RasterLayer object from this file.>

[[102]]
[1] "Error in h(simpleError(msg, call)) : \n  error in evaluating the argument 'x' in selecting a method for function 'extent': coordinate operation creation from WKT failed: Unknown error (code 4096)\n"
attr(,"class")
[1] "try-error"
attr(,"condition")
<simpleError in h(simpleError(msg, call)): error in evaluating the argument 'x' in selecting a method for function 'extent': coordinate operation creation from WKT failed: Unknown error (code 4096)>

[[103]]
[1] "Error in rgdal::rawTransform(projto_int, projfrom, nrow(xy), xy[, 1],  : \n  coordinate operation creation from WKT failed: Unknown error (code 4096)\n"
attr(,"class")
[1] "try-error"
attr(,"condition")
<simpleError in rgdal::rawTransform(projto_int, projfrom, nrow(xy), xy[, 1],     xy[, 2], wkt = use_proj6): coordinate operation creation from WKT failed: Unknown error (code 4096)>

[[104]]
[1] "Error in rgdal::rawTransform(projto_int, projfrom, nrow(xy), xy[, 1],  : \n  coordinate operation creation from WKT failed: Unknown error (code 4096)\n"
attr(,"class")
[1] "try-error"
attr(,"condition")
<simpleError in rgdal::rawTransform(projto_int, projfrom, nrow(xy), xy[, 1],     xy[, 2], wkt = use_proj6): coordinate operation creation from WKT failed: Unknown error (code 4096)>

[[105]]
class      : RasterLayer 
dimensions : 12027, 24053, 289285431  (nrow, ncol, ncell)
resolution : 1500.029, 1499.966  (x, y)
extent     : -18040096, 18040096, -9020048, 9020048  (xmin, xmax, ymin, ymax)
crs        : +proj=moll +lon_0=0 +x_0=0 +y_0=0 +ellps=WGS84 +units=m +no_defs 
source     : CMIP6 September Mollweide.tif 
names      : CMIP6_September_Mollweide 
values     : -62.52604, 34.41819  (min, max)


[[106]]
NULL

[[107]]
[1] "Error in h(simpleError(msg, call)) : \n  error in evaluating the argument 'x' in selecting a method for function 'extent': coordinate operation creation from WKT failed: Unknown error (code 4096)\n"
attr(,"class")
[1] "try-error"
attr(,"condition")
<simpleError in h(simpleError(msg, call)): error in evaluating the argument 'x' in selecting a method for function 'extent': coordinate operation creation from WKT failed: Unknown error (code 4096)>

[[108]]
[1] "Error in h(simpleError(msg, call)) : \n  error in evaluating the argument 'x' in selecting a method for function 'extent': coordinate operation creation from WKT failed: Unknown error (code 4096)\n"
attr(,"class")
[1] "try-error"
attr(,"condition")
<simpleError in h(simpleError(msg, call)): error in evaluating the argument 'x' in selecting a method for function 'extent': coordinate operation creation from WKT failed: Unknown error (code 4096)>

[[109]]
[1] "Error in h(simpleError(msg, call)) : \n  error in evaluating the argument 'x' in selecting a method for function 'extent': coordinate operation creation from WKT failed: Unknown error (code 4096)\n"
attr(,"class")
[1] "try-error"
attr(,"condition")
<simpleError in h(simpleError(msg, call)): error in evaluating the argument 'x' in selecting a method for function 'extent': coordinate operation creation from WKT failed: Unknown error (code 4096)>

[[110]]
[1] "Error in h(simpleError(msg, call)) : \n  error in evaluating the argument 'x' in selecting a method for function 'extent': target crs creation failed: Unknown error (code 4096)\n"
attr(,"class")
[1] "try-error"
attr(,"condition")
<simpleError in h(simpleError(msg, call)): error in evaluating the argument 'x' in selecting a method for function 'extent': target crs creation failed: Unknown error (code 4096)>

[[111]]
[1] "Error in h(simpleError(msg, call)) : \n  error in evaluating the argument 'x' in selecting a method for function 'extent': coordinate operation creation from WKT failed: Unknown error (code 4096)\n"
attr(,"class")
[1] "try-error"
attr(,"condition")
<simpleError in h(simpleError(msg, call)): error in evaluating the argument 'x' in selecting a method for function 'extent': coordinate operation creation from WKT failed: Unknown error (code 4096)>

[[112]]
[1] "Error in h(simpleError(msg, call)) : \n  error in evaluating the argument 'x' in selecting a method for function 'extent': coordinate operation creation from WKT failed: Unknown error (code 4096)\n"
attr(,"class")
[1] "try-error"
attr(,"condition")
<simpleError in h(simpleError(msg, call)): error in evaluating the argument 'x' in selecting a method for function 'extent': coordinate operation creation from WKT failed: Unknown error (code 4096)>

[[113]]
[1] "Error in h(simpleError(msg, call)) : \n  error in evaluating the argument 'x' in selecting a method for function 'extent': coordinate operation creation from WKT failed: Unknown error (code 4096)\n"
attr(,"class")
[1] "try-error"
attr(,"condition")
<simpleError in h(simpleError(msg, call)): error in evaluating the argument 'x' in selecting a method for function 'extent': coordinate operation creation from WKT failed: Unknown error (code 4096)>

[[114]]
[1] "Error in h(simpleError(msg, call)) : \n  error in evaluating the argument 'x' in selecting a method for function 'extent': target crs creation failed: Unknown error (code 4096)\n"
attr(,"class")
[1] "try-error"
attr(,"condition")
<simpleError in h(simpleError(msg, call)): error in evaluating the argument 'x' in selecting a method for function 'extent': target crs creation failed: Unknown error (code 4096)>

[[115]]
[1] "Error in rgdal::rawTransform(projto_int, projfrom, nrow(xy), xy[, 1],  : \n  coordinate operation creation from WKT failed: Unknown error (code 4096)\n"
attr(,"class")
[1] "try-error"
attr(,"condition")
<simpleError in rgdal::rawTransform(projto_int, projfrom, nrow(xy), xy[, 1],     xy[, 2], wkt = use_proj6): coordinate operation creation from WKT failed: Unknown error (code 4096)>

[[116]]
[1] "Error in .rasterObjectFromFile(x, band = band, objecttype = \"RasterLayer\",  : \n  Cannot create a RasterLayer object from this file.\n"
attr(,"class")
[1] "try-error"
attr(,"condition")
<simpleError in .rasterObjectFromFile(x, band = band, objecttype = "RasterLayer",     ...): Cannot create a RasterLayer object from this file.>

[[117]]
[1] "Error in h(simpleError(msg, call)) : \n  error in evaluating the argument 'x' in selecting a method for function 'extent': coordinate operation creation from WKT failed: Unknown error (code 4096)\n"
attr(,"class")
[1] "try-error"
attr(,"condition")
<simpleError in h(simpleError(msg, call)): error in evaluating the argument 'x' in selecting a method for function 'extent': coordinate operation creation from WKT failed: Unknown error (code 4096)>

[[118]]
[1] "Error in rgdal::rawTransform(projto_int, projfrom, nrow(xy), xy[, 1],  : \n  coordinate operation creation from WKT failed: Unknown error (code 4096)\n"
attr(,"class")
[1] "try-error"
attr(,"condition")
<simpleError in rgdal::rawTransform(projto_int, projfrom, nrow(xy), xy[, 1],     xy[, 2], wkt = use_proj6): coordinate operation creation from WKT failed: Unknown error (code 4096)>

[[119]]
[1] "Error in rgdal::rawTransform(projto_int, projfrom, nrow(xy), xy[, 1],  : \n  coordinate operation creation from WKT failed: Unknown error (code 4096)\n"
attr(,"class")
[1] "try-error"
attr(,"condition")
<simpleError in rgdal::rawTransform(projto_int, projfrom, nrow(xy), xy[, 1],     xy[, 2], wkt = use_proj6): coordinate operation creation from WKT failed: Unknown error (code 4096)>

[[120]]
class      : RasterLayer 
dimensions : 12027, 24053, 289285431  (nrow, ncol, ncell)
resolution : 1500.029, 1499.966  (x, y)
extent     : -18040096, 18040096, -9020048, 9020048  (xmin, xmax, ymin, ymax)
crs        : +proj=moll +lon_0=0 +x_0=0 +y_0=0 +ellps=WGS84 +units=m +no_defs 
source     : CMIP6 December Mollweide.tif 
names      : CMIP6_December_Mollweide 
values     : 0.001358363, 18.18328  (min, max)


[[121]]
NULL

[[122]]
[1] "Error in h(simpleError(msg, call)) : \n  error in evaluating the argument 'x' in selecting a method for function 'extent': coordinate operation creation from WKT failed: Unknown error (code 4096)\n"
attr(,"class")
[1] "try-error"
attr(,"condition")
<simpleError in h(simpleError(msg, call)): error in evaluating the argument 'x' in selecting a method for function 'extent': coordinate operation creation from WKT failed: Unknown error (code 4096)>

[[123]]
[1] "Error in h(simpleError(msg, call)) : \n  error in evaluating the argument 'x' in selecting a method for function 'extent': coordinate operation creation from WKT failed: Unknown error (code 4096)\n"
attr(,"class")
[1] "try-error"
attr(,"condition")
<simpleError in h(simpleError(msg, call)): error in evaluating the argument 'x' in selecting a method for function 'extent': coordinate operation creation from WKT failed: Unknown error (code 4096)>

[[124]]
[1] "Error in h(simpleError(msg, call)) : \n  error in evaluating the argument 'x' in selecting a method for function 'extent': coordinate operation creation from WKT failed: Unknown error (code 4096)\n"
attr(,"class")
[1] "try-error"
attr(,"condition")
<simpleError in h(simpleError(msg, call)): error in evaluating the argument 'x' in selecting a method for function 'extent': coordinate operation creation from WKT failed: Unknown error (code 4096)>

[[125]]
[1] "Error in h(simpleError(msg, call)) : \n  error in evaluating the argument 'x' in selecting a method for function 'extent': target crs creation failed: Unknown error (code 4096)\n"
attr(,"class")
[1] "try-error"
attr(,"condition")
<simpleError in h(simpleError(msg, call)): error in evaluating the argument 'x' in selecting a method for function 'extent': target crs creation failed: Unknown error (code 4096)>

[[126]]
[1] "Error in h(simpleError(msg, call)) : \n  error in evaluating the argument 'x' in selecting a method for function 'extent': coordinate operation creation from WKT failed: Unknown error (code 4096)\n"
attr(,"class")
[1] "try-error"
attr(,"condition")
<simpleError in h(simpleError(msg, call)): error in evaluating the argument 'x' in selecting a method for function 'extent': coordinate operation creation from WKT failed: Unknown error (code 4096)>

[[127]]
[1] "Error in h(simpleError(msg, call)) : \n  error in evaluating the argument 'x' in selecting a method for function 'extent': coordinate operation creation from WKT failed: Unknown error (code 4096)\n"
attr(,"class")
[1] "try-error"
attr(,"condition")
<simpleError in h(simpleError(msg, call)): error in evaluating the argument 'x' in selecting a method for function 'extent': coordinate operation creation from WKT failed: Unknown error (code 4096)>

[[128]]
[1] "Error in h(simpleError(msg, call)) : \n  error in evaluating the argument 'x' in selecting a method for function 'extent': coordinate operation creation from WKT failed: Unknown error (code 4096)\n"
attr(,"class")
[1] "try-error"
attr(,"condition")
<simpleError in h(simpleError(msg, call)): error in evaluating the argument 'x' in selecting a method for function 'extent': coordinate operation creation from WKT failed: Unknown error (code 4096)>

[[129]]
[1] "Error in h(simpleError(msg, call)) : \n  error in evaluating the argument 'x' in selecting a method for function 'extent': target crs creation failed: Unknown error (code 4096)\n"
attr(,"class")
[1] "try-error"
attr(,"condition")
<simpleError in h(simpleError(msg, call)): error in evaluating the argument 'x' in selecting a method for function 'extent': target crs creation failed: Unknown error (code 4096)>

[[130]]
[1] "Error in rgdal::rawTransform(projto_int, projfrom, nrow(xy), xy[, 1],  : \n  coordinate operation creation from WKT failed: Unknown error (code 4096)\n"
attr(,"class")
[1] "try-error"
attr(,"condition")
<simpleError in rgdal::rawTransform(projto_int, projfrom, nrow(xy), xy[, 1],     xy[, 2], wkt = use_proj6): coordinate operation creation from WKT failed: Unknown error (code 4096)>

[[131]]
[1] "Error in .rasterObjectFromFile(x, band = band, objecttype = \"RasterLayer\",  : \n  Cannot create a RasterLayer object from this file.\n"
attr(,"class")
[1] "try-error"
attr(,"condition")
<simpleError in .rasterObjectFromFile(x, band = band, objecttype = "RasterLayer",     ...): Cannot create a RasterLayer object from this file.>

[[132]]
[1] "Error in h(simpleError(msg, call)) : \n  error in evaluating the argument 'x' in selecting a method for function 'extent': coordinate operation creation from WKT failed: Unknown error (code 4096)\n"
attr(,"class")
[1] "try-error"
attr(,"condition")
<simpleError in h(simpleError(msg, call)): error in evaluating the argument 'x' in selecting a method for function 'extent': coordinate operation creation from WKT failed: Unknown error (code 4096)>

[[133]]
[1] "Error in rgdal::rawTransform(projto_int, projfrom, nrow(xy), xy[, 1],  : \n  coordinate operation creation from WKT failed: Unknown error (code 4096)\n"
attr(,"class")
[1] "try-error"
attr(,"condition")
<simpleError in rgdal::rawTransform(projto_int, projfrom, nrow(xy), xy[, 1],     xy[, 2], wkt = use_proj6): coordinate operation creation from WKT failed: Unknown error (code 4096)>

[[134]]
[1] "Error in rgdal::rawTransform(projto_int, projfrom, nrow(xy), xy[, 1],  : \n  coordinate operation creation from WKT failed: Unknown error (code 4096)\n"
attr(,"class")
[1] "try-error"
attr(,"condition")
<simpleError in rgdal::rawTransform(projto_int, projfrom, nrow(xy), xy[, 1],     xy[, 2], wkt = use_proj6): coordinate operation creation from WKT failed: Unknown error (code 4096)>

[[135]]
class      : RasterLayer 
dimensions : 12027, 24053, 289285431  (nrow, ncol, ncell)
resolution : 1500.029, 1499.966  (x, y)
extent     : -18040096, 18040096, -9020048, 9020048  (xmin, xmax, ymin, ymax)
crs        : +proj=moll +lon_0=0 +x_0=0 +y_0=0 +ellps=WGS84 +units=m +no_defs 
source     : CMIP6 January Mollweide.tif 
names      : CMIP6_January_Mollweide 
values     : -39.1779, 33.18007  (min, max)


[[136]]
NULL

[[137]]
[1] "Error in h(simpleError(msg, call)) : \n  error in evaluating the argument 'x' in selecting a method for function 'extent': coordinate operation creation from WKT failed: Unknown error (code 4096)\n"
attr(,"class")
[1] "try-error"
attr(,"condition")
<simpleError in h(simpleError(msg, call)): error in evaluating the argument 'x' in selecting a method for function 'extent': coordinate operation creation from WKT failed: Unknown error (code 4096)>

[[138]]
[1] "Error in h(simpleError(msg, call)) : \n  error in evaluating the argument 'x' in selecting a method for function 'extent': coordinate operation creation from WKT failed: Unknown error (code 4096)\n"
attr(,"class")
[1] "try-error"
attr(,"condition")
<simpleError in h(simpleError(msg, call)): error in evaluating the argument 'x' in selecting a method for function 'extent': coordinate operation creation from WKT failed: Unknown error (code 4096)>

[[139]]
[1] "Error in h(simpleError(msg, call)) : \n  error in evaluating the argument 'x' in selecting a method for function 'extent': coordinate operation creation from WKT failed: Unknown error (code 4096)\n"
attr(,"class")
[1] "try-error"
attr(,"condition")
<simpleError in h(simpleError(msg, call)): error in evaluating the argument 'x' in selecting a method for function 'extent': coordinate operation creation from WKT failed: Unknown error (code 4096)>

[[140]]
[1] "Error in h(simpleError(msg, call)) : \n  error in evaluating the argument 'x' in selecting a method for function 'extent': target crs creation failed: Unknown error (code 4096)\n"
attr(,"class")
[1] "try-error"
attr(,"condition")
<simpleError in h(simpleError(msg, call)): error in evaluating the argument 'x' in selecting a method for function 'extent': target crs creation failed: Unknown error (code 4096)>

[[141]]
[1] "Error in h(simpleError(msg, call)) : \n  error in evaluating the argument 'x' in selecting a method for function 'extent': coordinate operation creation from WKT failed: Unknown error (code 4096)\n"
attr(,"class")
[1] "try-error"
attr(,"condition")
<simpleError in h(simpleError(msg, call)): error in evaluating the argument 'x' in selecting a method for function 'extent': coordinate operation creation from WKT failed: Unknown error (code 4096)>

[[142]]
[1] "Error in h(simpleError(msg, call)) : \n  error in evaluating the argument 'x' in selecting a method for function 'extent': coordinate operation creation from WKT failed: Unknown error (code 4096)\n"
attr(,"class")
[1] "try-error"
attr(,"condition")
<simpleError in h(simpleError(msg, call)): error in evaluating the argument 'x' in selecting a method for function 'extent': coordinate operation creation from WKT failed: Unknown error (code 4096)>

[[143]]
[1] "Error in h(simpleError(msg, call)) : \n  error in evaluating the argument 'x' in selecting a method for function 'extent': coordinate operation creation from WKT failed: Unknown error (code 4096)\n"
attr(,"class")
[1] "try-error"
attr(,"condition")
<simpleError in h(simpleError(msg, call)): error in evaluating the argument 'x' in selecting a method for function 'extent': coordinate operation creation from WKT failed: Unknown error (code 4096)>

[[144]]
[1] "Error in h(simpleError(msg, call)) : \n  error in evaluating the argument 'x' in selecting a method for function 'extent': target crs creation failed: Unknown error (code 4096)\n"
attr(,"class")
[1] "try-error"
attr(,"condition")
<simpleError in h(simpleError(msg, call)): error in evaluating the argument 'x' in selecting a method for function 'extent': target crs creation failed: Unknown error (code 4096)>

[[145]]
[1] "Error in rgdal::rawTransform(projto_int, projfrom, nrow(xy), xy[, 1],  : \n  coordinate operation creation from WKT failed: Unknown error (code 4096)\n"
attr(,"class")
[1] "try-error"
attr(,"condition")
<simpleError in rgdal::rawTransform(projto_int, projfrom, nrow(xy), xy[, 1],     xy[, 2], wkt = use_proj6): coordinate operation creation from WKT failed: Unknown error (code 4096)>

[[146]]
[1] "Error in .rasterObjectFromFile(x, band = band, objecttype = \"RasterLayer\",  : \n  Cannot create a RasterLayer object from this file.\n"
attr(,"class")
[1] "try-error"
attr(,"condition")
<simpleError in .rasterObjectFromFile(x, band = band, objecttype = "RasterLayer",     ...): Cannot create a RasterLayer object from this file.>

[[147]]
[1] "Error in h(simpleError(msg, call)) : \n  error in evaluating the argument 'x' in selecting a method for function 'extent': coordinate operation creation from WKT failed: Unknown error (code 4096)\n"
attr(,"class")
[1] "try-error"
attr(,"condition")
<simpleError in h(simpleError(msg, call)): error in evaluating the argument 'x' in selecting a method for function 'extent': coordinate operation creation from WKT failed: Unknown error (code 4096)>

[[148]]
[1] "Error in rgdal::rawTransform(projto_int, projfrom, nrow(xy), xy[, 1],  : \n  coordinate operation creation from WKT failed: Unknown error (code 4096)\n"
attr(,"class")
[1] "try-error"
attr(,"condition")
<simpleError in rgdal::rawTransform(projto_int, projfrom, nrow(xy), xy[, 1],     xy[, 2], wkt = use_proj6): coordinate operation creation from WKT failed: Unknown error (code 4096)>

[[149]]
[1] "Error in rgdal::rawTransform(projto_int, projfrom, nrow(xy), xy[, 1],  : \n  coordinate operation creation from WKT failed: Unknown error (code 4096)\n"
attr(,"class")
[1] "try-error"
attr(,"condition")
<simpleError in rgdal::rawTransform(projto_int, projfrom, nrow(xy), xy[, 1],     xy[, 2], wkt = use_proj6): coordinate operation creation from WKT failed: Unknown error (code 4096)>

[[150]]
class      : RasterLayer 
dimensions : 12027, 24053, 289285431  (nrow, ncol, ncell)
resolution : 1500.029, 1499.966  (x, y)
extent     : -18040096, 18040096, -9020048, 9020048  (xmin, xmax, ymin, ymax)
crs        : +proj=moll +lon_0=0 +x_0=0 +y_0=0 +ellps=WGS84 +units=m +no_defs 
source     : CMIP6 March Mollweide.tif 
names      : CMIP6_March_Mollweide 
values     : -59.45616, 28.52265  (min, max)


[[151]]
NULL

[[152]]
[1] "Error in h(simpleError(msg, call)) : \n  error in evaluating the argument 'x' in selecting a method for function 'extent': coordinate operation creation from WKT failed: Unknown error (code 4096)\n"
attr(,"class")
[1] "try-error"
attr(,"condition")
<simpleError in h(simpleError(msg, call)): error in evaluating the argument 'x' in selecting a method for function 'extent': coordinate operation creation from WKT failed: Unknown error (code 4096)>

[[153]]
[1] "Error in h(simpleError(msg, call)) : \n  error in evaluating the argument 'x' in selecting a method for function 'extent': coordinate operation creation from WKT failed: Unknown error (code 4096)\n"
attr(,"class")
[1] "try-error"
attr(,"condition")
<simpleError in h(simpleError(msg, call)): error in evaluating the argument 'x' in selecting a method for function 'extent': coordinate operation creation from WKT failed: Unknown error (code 4096)>

[[154]]
[1] "Error in h(simpleError(msg, call)) : \n  error in evaluating the argument 'x' in selecting a method for function 'extent': coordinate operation creation from WKT failed: Unknown error (code 4096)\n"
attr(,"class")
[1] "try-error"
attr(,"condition")
<simpleError in h(simpleError(msg, call)): error in evaluating the argument 'x' in selecting a method for function 'extent': coordinate operation creation from WKT failed: Unknown error (code 4096)>

[[155]]
[1] "Error in h(simpleError(msg, call)) : \n  error in evaluating the argument 'x' in selecting a method for function 'extent': target crs creation failed: Unknown error (code 4096)\n"
attr(,"class")
[1] "try-error"
attr(,"condition")
<simpleError in h(simpleError(msg, call)): error in evaluating the argument 'x' in selecting a method for function 'extent': target crs creation failed: Unknown error (code 4096)>

[[156]]
[1] "Error in h(simpleError(msg, call)) : \n  error in evaluating the argument 'x' in selecting a method for function 'extent': coordinate operation creation from WKT failed: Unknown error (code 4096)\n"
attr(,"class")
[1] "try-error"
attr(,"condition")
<simpleError in h(simpleError(msg, call)): error in evaluating the argument 'x' in selecting a method for function 'extent': coordinate operation creation from WKT failed: Unknown error (code 4096)>

[[157]]
[1] "Error in h(simpleError(msg, call)) : \n  error in evaluating the argument 'x' in selecting a method for function 'extent': coordinate operation creation from WKT failed: Unknown error (code 4096)\n"
attr(,"class")
[1] "try-error"
attr(,"condition")
<simpleError in h(simpleError(msg, call)): error in evaluating the argument 'x' in selecting a method for function 'extent': coordinate operation creation from WKT failed: Unknown error (code 4096)>

[[158]]
[1] "Error in h(simpleError(msg, call)) : \n  error in evaluating the argument 'x' in selecting a method for function 'extent': coordinate operation creation from WKT failed: Unknown error (code 4096)\n"
attr(,"class")
[1] "try-error"
attr(,"condition")
<simpleError in h(simpleError(msg, call)): error in evaluating the argument 'x' in selecting a method for function 'extent': coordinate operation creation from WKT failed: Unknown error (code 4096)>

[[159]]
[1] "Error in h(simpleError(msg, call)) : \n  error in evaluating the argument 'x' in selecting a method for function 'extent': target crs creation failed: Unknown error (code 4096)\n"
attr(,"class")
[1] "try-error"
attr(,"condition")
<simpleError in h(simpleError(msg, call)): error in evaluating the argument 'x' in selecting a method for function 'extent': target crs creation failed: Unknown error (code 4096)>

[[160]]
[1] "Error in rgdal::rawTransform(projto_int, projfrom, nrow(xy), xy[, 1],  : \n  coordinate operation creation from WKT failed: Unknown error (code 4096)\n"
attr(,"class")
[1] "try-error"
attr(,"condition")
<simpleError in rgdal::rawTransform(projto_int, projfrom, nrow(xy), xy[, 1],     xy[, 2], wkt = use_proj6): coordinate operation creation from WKT failed: Unknown error (code 4096)>

[[161]]
[1] "Error in .rasterObjectFromFile(x, band = band, objecttype = \"RasterLayer\",  : \n  Cannot create a RasterLayer object from this file.\n"
attr(,"class")
[1] "try-error"
attr(,"condition")
<simpleError in .rasterObjectFromFile(x, band = band, objecttype = "RasterLayer",     ...): Cannot create a RasterLayer object from this file.>

[[162]]
[1] "Error in h(simpleError(msg, call)) : \n  error in evaluating the argument 'x' in selecting a method for function 'extent': coordinate operation creation from WKT failed: Unknown error (code 4096)\n"
attr(,"class")
[1] "try-error"
attr(,"condition")
<simpleError in h(simpleError(msg, call)): error in evaluating the argument 'x' in selecting a method for function 'extent': coordinate operation creation from WKT failed: Unknown error (code 4096)>

[[163]]
[1] "Error in rgdal::rawTransform(projto_int, projfrom, nrow(xy), xy[, 1],  : \n  coordinate operation creation from WKT failed: Unknown error (code 4096)\n"
attr(,"class")
[1] "try-error"
attr(,"condition")
<simpleError in rgdal::rawTransform(projto_int, projfrom, nrow(xy), xy[, 1],     xy[, 2], wkt = use_proj6): coordinate operation creation from WKT failed: Unknown error (code 4096)>

[[164]]
[1] "Error in rgdal::rawTransform(projto_int, projfrom, nrow(xy), xy[, 1],  : \n  coordinate operation creation from WKT failed: Unknown error (code 4096)\n"
attr(,"class")
[1] "try-error"
attr(,"condition")
<simpleError in rgdal::rawTransform(projto_int, projfrom, nrow(xy), xy[, 1],     xy[, 2], wkt = use_proj6): coordinate operation creation from WKT failed: Unknown error (code 4096)>

[[165]]
class      : RasterLayer 
dimensions : 12027, 24053, 289285431  (nrow, ncol, ncell)
resolution : 1500.029, 1499.966  (x, y)
extent     : -18040096, 18040096, -9020048, 9020048  (xmin, xmax, ymin, ymax)
crs        : +proj=moll +lon_0=0 +x_0=0 +y_0=0 +ellps=WGS84 +units=m +no_defs 
source     : CMIP6 October Mollweide.tif 
names      : CMIP6_October_Mollweide 
values     : 0.01738912, 16.45434  (min, max)


[[166]]
NULL

[[167]]
[1] "Error in h(simpleError(msg, call)) : \n  error in evaluating the argument 'x' in selecting a method for function 'extent': coordinate operation creation from WKT failed: Unknown error (code 4096)\n"
attr(,"class")
[1] "try-error"
attr(,"condition")
<simpleError in h(simpleError(msg, call)): error in evaluating the argument 'x' in selecting a method for function 'extent': coordinate operation creation from WKT failed: Unknown error (code 4096)>

[[168]]
[1] "Error in h(simpleError(msg, call)) : \n  error in evaluating the argument 'x' in selecting a method for function 'extent': coordinate operation creation from WKT failed: Unknown error (code 4096)\n"
attr(,"class")
[1] "try-error"
attr(,"condition")
<simpleError in h(simpleError(msg, call)): error in evaluating the argument 'x' in selecting a method for function 'extent': coordinate operation creation from WKT failed: Unknown error (code 4096)>

[[169]]
[1] "Error in h(simpleError(msg, call)) : \n  error in evaluating the argument 'x' in selecting a method for function 'extent': coordinate operation creation from WKT failed: Unknown error (code 4096)\n"
attr(,"class")
[1] "try-error"
attr(,"condition")
<simpleError in h(simpleError(msg, call)): error in evaluating the argument 'x' in selecting a method for function 'extent': coordinate operation creation from WKT failed: Unknown error (code 4096)>

[[170]]
[1] "Error in h(simpleError(msg, call)) : \n  error in evaluating the argument 'x' in selecting a method for function 'extent': target crs creation failed: Unknown error (code 4096)\n"
attr(,"class")
[1] "try-error"
attr(,"condition")
<simpleError in h(simpleError(msg, call)): error in evaluating the argument 'x' in selecting a method for function 'extent': target crs creation failed: Unknown error (code 4096)>

[[171]]
[1] "Error in h(simpleError(msg, call)) : \n  error in evaluating the argument 'x' in selecting a method for function 'extent': coordinate operation creation from WKT failed: Unknown error (code 4096)\n"
attr(,"class")
[1] "try-error"
attr(,"condition")
<simpleError in h(simpleError(msg, call)): error in evaluating the argument 'x' in selecting a method for function 'extent': coordinate operation creation from WKT failed: Unknown error (code 4096)>

[[172]]
[1] "Error in h(simpleError(msg, call)) : \n  error in evaluating the argument 'x' in selecting a method for function 'extent': coordinate operation creation from WKT failed: Unknown error (code 4096)\n"
attr(,"class")
[1] "try-error"
attr(,"condition")
<simpleError in h(simpleError(msg, call)): error in evaluating the argument 'x' in selecting a method for function 'extent': coordinate operation creation from WKT failed: Unknown error (code 4096)>

[[173]]
[1] "Error in h(simpleError(msg, call)) : \n  error in evaluating the argument 'x' in selecting a method for function 'extent': coordinate operation creation from WKT failed: Unknown error (code 4096)\n"
attr(,"class")
[1] "try-error"
attr(,"condition")
<simpleError in h(simpleError(msg, call)): error in evaluating the argument 'x' in selecting a method for function 'extent': coordinate operation creation from WKT failed: Unknown error (code 4096)>

[[174]]
[1] "Error in h(simpleError(msg, call)) : \n  error in evaluating the argument 'x' in selecting a method for function 'extent': target crs creation failed: Unknown error (code 4096)\n"
attr(,"class")
[1] "try-error"
attr(,"condition")
<simpleError in h(simpleError(msg, call)): error in evaluating the argument 'x' in selecting a method for function 'extent': target crs creation failed: Unknown error (code 4096)>

[[175]]
[1] "Error in rgdal::rawTransform(projto_int, projfrom, nrow(xy), xy[, 1],  : \n  coordinate operation creation from WKT failed: Unknown error (code 4096)\n"
attr(,"class")
[1] "try-error"
attr(,"condition")
<simpleError in rgdal::rawTransform(projto_int, projfrom, nrow(xy), xy[, 1],     xy[, 2], wkt = use_proj6): coordinate operation creation from WKT failed: Unknown error (code 4096)>

[[176]]
[1] "Error in .rasterObjectFromFile(x, band = band, objecttype = \"RasterLayer\",  : \n  Cannot create a RasterLayer object from this file.\n"
attr(,"class")
[1] "try-error"
attr(,"condition")
<simpleError in .rasterObjectFromFile(x, band = band, objecttype = "RasterLayer",     ...): Cannot create a RasterLayer object from this file.>

[[177]]
[1] "Error in h(simpleError(msg, call)) : \n  error in evaluating the argument 'x' in selecting a method for function 'extent': coordinate operation creation from WKT failed: Unknown error (code 4096)\n"
attr(,"class")
[1] "try-error"
attr(,"condition")
<simpleError in h(simpleError(msg, call)): error in evaluating the argument 'x' in selecting a method for function 'extent': coordinate operation creation from WKT failed: Unknown error (code 4096)>

[[178]]
[1] "Error in rgdal::rawTransform(projto_int, projfrom, nrow(xy), xy[, 1],  : \n  coordinate operation creation from WKT failed: Unknown error (code 4096)\n"
attr(,"class")
[1] "try-error"
attr(,"condition")
<simpleError in rgdal::rawTransform(projto_int, projfrom, nrow(xy), xy[, 1],     xy[, 2], wkt = use_proj6): coordinate operation creation from WKT failed: Unknown error (code 4096)>

[[179]]
[1] "Error in rgdal::rawTransform(projto_int, projfrom, nrow(xy), xy[, 1],  : \n  coordinate operation creation from WKT failed: Unknown error (code 4096)\n"
attr(,"class")
[1] "try-error"
attr(,"condition")
<simpleError in rgdal::rawTransform(projto_int, projfrom, nrow(xy), xy[, 1],     xy[, 2], wkt = use_proj6): coordinate operation creation from WKT failed: Unknown error (code 4096)>

[[180]]
class      : RasterLayer 
dimensions : 12027, 24053, 289285431  (nrow, ncol, ncell)
resolution : 1500.029, 1499.966  (x, y)
extent     : -18040096, 18040096, -9020048, 9020048  (xmin, xmax, ymin, ymax)
crs        : +proj=moll +lon_0=0 +x_0=0 +y_0=0 +ellps=WGS84 +units=m +no_defs 
source     : CMIP6 April Mollweide.tif 
names      : CMIP6_April_Mollweide 
values     : -64.26152, 28.68285  (min, max)


[[181]]
NULL

[[182]]
[1] "Error in h(simpleError(msg, call)) : \n  error in evaluating the argument 'x' in selecting a method for function 'extent': coordinate operation creation from WKT failed: Unknown error (code 4096)\n"
attr(,"class")
[1] "try-error"
attr(,"condition")
<simpleError in h(simpleError(msg, call)): error in evaluating the argument 'x' in selecting a method for function 'extent': coordinate operation creation from WKT failed: Unknown error (code 4096)>

[[183]]
[1] "Error in h(simpleError(msg, call)) : \n  error in evaluating the argument 'x' in selecting a method for function 'extent': coordinate operation creation from WKT failed: Unknown error (code 4096)\n"
attr(,"class")
[1] "try-error"
attr(,"condition")
<simpleError in h(simpleError(msg, call)): error in evaluating the argument 'x' in selecting a method for function 'extent': coordinate operation creation from WKT failed: Unknown error (code 4096)>

[[184]]
[1] "Error in h(simpleError(msg, call)) : \n  error in evaluating the argument 'x' in selecting a method for function 'extent': coordinate operation creation from WKT failed: Unknown error (code 4096)\n"
attr(,"class")
[1] "try-error"
attr(,"condition")
<simpleError in h(simpleError(msg, call)): error in evaluating the argument 'x' in selecting a method for function 'extent': coordinate operation creation from WKT failed: Unknown error (code 4096)>

[[185]]
[1] "Error in h(simpleError(msg, call)) : \n  error in evaluating the argument 'x' in selecting a method for function 'extent': target crs creation failed: Unknown error (code 4096)\n"
attr(,"class")
[1] "try-error"
attr(,"condition")
<simpleError in h(simpleError(msg, call)): error in evaluating the argument 'x' in selecting a method for function 'extent': target crs creation failed: Unknown error (code 4096)>

[[186]]
[1] "Error in h(simpleError(msg, call)) : \n  error in evaluating the argument 'x' in selecting a method for function 'extent': coordinate operation creation from WKT failed: Unknown error (code 4096)\n"
attr(,"class")
[1] "try-error"
attr(,"condition")
<simpleError in h(simpleError(msg, call)): error in evaluating the argument 'x' in selecting a method for function 'extent': coordinate operation creation from WKT failed: Unknown error (code 4096)>

[[187]]
[1] "Error in h(simpleError(msg, call)) : \n  error in evaluating the argument 'x' in selecting a method for function 'extent': coordinate operation creation from WKT failed: Unknown error (code 4096)\n"
attr(,"class")
[1] "try-error"
attr(,"condition")
<simpleError in h(simpleError(msg, call)): error in evaluating the argument 'x' in selecting a method for function 'extent': coordinate operation creation from WKT failed: Unknown error (code 4096)>

[[188]]
[1] "Error in h(simpleError(msg, call)) : \n  error in evaluating the argument 'x' in selecting a method for function 'extent': coordinate operation creation from WKT failed: Unknown error (code 4096)\n"
attr(,"class")
[1] "try-error"
attr(,"condition")
<simpleError in h(simpleError(msg, call)): error in evaluating the argument 'x' in selecting a method for function 'extent': coordinate operation creation from WKT failed: Unknown error (code 4096)>

[[189]]
[1] "Error in h(simpleError(msg, call)) : \n  error in evaluating the argument 'x' in selecting a method for function 'extent': target crs creation failed: Unknown error (code 4096)\n"
attr(,"class")
[1] "try-error"
attr(,"condition")
<simpleError in h(simpleError(msg, call)): error in evaluating the argument 'x' in selecting a method for function 'extent': target crs creation failed: Unknown error (code 4096)>

[[190]]
[1] "Error in rgdal::rawTransform(projto_int, projfrom, nrow(xy), xy[, 1],  : \n  coordinate operation creation from WKT failed: Unknown error (code 4096)\n"
attr(,"class")
[1] "try-error"
attr(,"condition")
<simpleError in rgdal::rawTransform(projto_int, projfrom, nrow(xy), xy[, 1],     xy[, 2], wkt = use_proj6): coordinate operation creation from WKT failed: Unknown error (code 4096)>

[[191]]
[1] "Error in .rasterObjectFromFile(x, band = band, objecttype = \"RasterLayer\",  : \n  Cannot create a RasterLayer object from this file.\n"
attr(,"class")
[1] "try-error"
attr(,"condition")
<simpleError in .rasterObjectFromFile(x, band = band, objecttype = "RasterLayer",     ...): Cannot create a RasterLayer object from this file.>

[[192]]
[1] "Error in h(simpleError(msg, call)) : \n  error in evaluating the argument 'x' in selecting a method for function 'extent': coordinate operation creation from WKT failed: Unknown error (code 4096)\n"
attr(,"class")
[1] "try-error"
attr(,"condition")
<simpleError in h(simpleError(msg, call)): error in evaluating the argument 'x' in selecting a method for function 'extent': coordinate operation creation from WKT failed: Unknown error (code 4096)>

[[193]]
[1] "Error in rgdal::rawTransform(projto_int, projfrom, nrow(xy), xy[, 1],  : \n  coordinate operation creation from WKT failed: Unknown error (code 4096)\n"
attr(,"class")
[1] "try-error"
attr(,"condition")
<simpleError in rgdal::rawTransform(projto_int, projfrom, nrow(xy), xy[, 1],     xy[, 2], wkt = use_proj6): coordinate operation creation from WKT failed: Unknown error (code 4096)>

[[194]]
[1] "Error in rgdal::rawTransform(projto_int, projfrom, nrow(xy), xy[, 1],  : \n  coordinate operation creation from WKT failed: Unknown error (code 4096)\n"
attr(,"class")
[1] "try-error"
attr(,"condition")
<simpleError in rgdal::rawTransform(projto_int, projfrom, nrow(xy), xy[, 1],     xy[, 2], wkt = use_proj6): coordinate operation creation from WKT failed: Unknown error (code 4096)>

[[195]]
class      : RasterLayer 
dimensions : 12027, 24053, 289285431  (nrow, ncol, ncell)
resolution : 1500.029, 1499.966  (x, y)
extent     : -18040096, 18040096, -9020048, 9020048  (xmin, xmax, ymin, ymax)
crs        : +proj=moll +lon_0=0 +x_0=0 +y_0=0 +ellps=WGS84 +units=m +no_defs 
source     : CMIP6 February Mollweide.tif 
names      : CMIP6_February_Mollweide 
values     : 0.002798345, 19.26085  (min, max)


[[196]]
NULL

[[197]]
[1] "Error in h(simpleError(msg, call)) : \n  error in evaluating the argument 'x' in selecting a method for function 'extent': coordinate operation creation from WKT failed: Unknown error (code 4096)\n"
attr(,"class")
[1] "try-error"
attr(,"condition")
<simpleError in h(simpleError(msg, call)): error in evaluating the argument 'x' in selecting a method for function 'extent': coordinate operation creation from WKT failed: Unknown error (code 4096)>

[[198]]
[1] "Error in h(simpleError(msg, call)) : \n  error in evaluating the argument 'x' in selecting a method for function 'extent': coordinate operation creation from WKT failed: Unknown error (code 4096)\n"
attr(,"class")
[1] "try-error"
attr(,"condition")
<simpleError in h(simpleError(msg, call)): error in evaluating the argument 'x' in selecting a method for function 'extent': coordinate operation creation from WKT failed: Unknown error (code 4096)>

[[199]]
[1] "Error in h(simpleError(msg, call)) : \n  error in evaluating the argument 'x' in selecting a method for function 'extent': coordinate operation creation from WKT failed: Unknown error (code 4096)\n"
attr(,"class")
[1] "try-error"
attr(,"condition")
<simpleError in h(simpleError(msg, call)): error in evaluating the argument 'x' in selecting a method for function 'extent': coordinate operation creation from WKT failed: Unknown error (code 4096)>

[[200]]
[1] "Error in h(simpleError(msg, call)) : \n  error in evaluating the argument 'x' in selecting a method for function 'extent': target crs creation failed: Unknown error (code 4096)\n"
attr(,"class")
[1] "try-error"
attr(,"condition")
<simpleError in h(simpleError(msg, call)): error in evaluating the argument 'x' in selecting a method for function 'extent': target crs creation failed: Unknown error (code 4096)>

[[201]]
[1] "Error in h(simpleError(msg, call)) : \n  error in evaluating the argument 'x' in selecting a method for function 'extent': coordinate operation creation from WKT failed: Unknown error (code 4096)\n"
attr(,"class")
[1] "try-error"
attr(,"condition")
<simpleError in h(simpleError(msg, call)): error in evaluating the argument 'x' in selecting a method for function 'extent': coordinate operation creation from WKT failed: Unknown error (code 4096)>

[[202]]
[1] "Error in h(simpleError(msg, call)) : \n  error in evaluating the argument 'x' in selecting a method for function 'extent': coordinate operation creation from WKT failed: Unknown error (code 4096)\n"
attr(,"class")
[1] "try-error"
attr(,"condition")
<simpleError in h(simpleError(msg, call)): error in evaluating the argument 'x' in selecting a method for function 'extent': coordinate operation creation from WKT failed: Unknown error (code 4096)>

[[203]]
[1] "Error in h(simpleError(msg, call)) : \n  error in evaluating the argument 'x' in selecting a method for function 'extent': coordinate operation creation from WKT failed: Unknown error (code 4096)\n"
attr(,"class")
[1] "try-error"
attr(,"condition")
<simpleError in h(simpleError(msg, call)): error in evaluating the argument 'x' in selecting a method for function 'extent': coordinate operation creation from WKT failed: Unknown error (code 4096)>

[[204]]
[1] "Error in h(simpleError(msg, call)) : \n  error in evaluating the argument 'x' in selecting a method for function 'extent': target crs creation failed: Unknown error (code 4096)\n"
attr(,"class")
[1] "try-error"
attr(,"condition")
<simpleError in h(simpleError(msg, call)): error in evaluating the argument 'x' in selecting a method for function 'extent': target crs creation failed: Unknown error (code 4096)>

[[205]]
[1] "Error in rgdal::rawTransform(projto_int, projfrom, nrow(xy), xy[, 1],  : \n  coordinate operation creation from WKT failed: Unknown error (code 4096)\n"
attr(,"class")
[1] "try-error"
attr(,"condition")
<simpleError in rgdal::rawTransform(projto_int, projfrom, nrow(xy), xy[, 1],     xy[, 2], wkt = use_proj6): coordinate operation creation from WKT failed: Unknown error (code 4096)>

[[206]]
[1] "Error in .rasterObjectFromFile(x, band = band, objecttype = \"RasterLayer\",  : \n  Cannot create a RasterLayer object from this file.\n"
attr(,"class")
[1] "try-error"
attr(,"condition")
<simpleError in .rasterObjectFromFile(x, band = band, objecttype = "RasterLayer",     ...): Cannot create a RasterLayer object from this file.>

[[207]]
[1] "Error in h(simpleError(msg, call)) : \n  error in evaluating the argument 'x' in selecting a method for function 'extent': coordinate operation creation from WKT failed: Unknown error (code 4096)\n"
attr(,"class")
[1] "try-error"
attr(,"condition")
<simpleError in h(simpleError(msg, call)): error in evaluating the argument 'x' in selecting a method for function 'extent': coordinate operation creation from WKT failed: Unknown error (code 4096)>

[[208]]
[1] "Error in rgdal::rawTransform(projto_int, projfrom, nrow(xy), xy[, 1],  : \n  coordinate operation creation from WKT failed: Unknown error (code 4096)\n"
attr(,"class")
[1] "try-error"
attr(,"condition")
<simpleError in rgdal::rawTransform(projto_int, projfrom, nrow(xy), xy[, 1],     xy[, 2], wkt = use_proj6): coordinate operation creation from WKT failed: Unknown error (code 4096)>

[[209]]
[1] "Error in rgdal::rawTransform(projto_int, projfrom, nrow(xy), xy[, 1],  : \n  coordinate operation creation from WKT failed: Unknown error (code 4096)\n"
attr(,"class")
[1] "try-error"
attr(,"condition")
<simpleError in rgdal::rawTransform(projto_int, projfrom, nrow(xy), xy[, 1],     xy[, 2], wkt = use_proj6): coordinate operation creation from WKT failed: Unknown error (code 4096)>

[[210]]
class      : RasterLayer 
dimensions : 12027, 24053, 289285431  (nrow, ncol, ncell)
resolution : 1500.029, 1499.966  (x, y)
extent     : -18040096, 18040096, -9020048, 9020048  (xmin, xmax, ymin, ymax)
crs        : +proj=moll +lon_0=0 +x_0=0 +y_0=0 +ellps=WGS84 +units=m +no_defs 
source     : CMIP6 June Mollweide.tif 
names      : CMIP6_June_Mollweide 
values     : -61.53698, 38.96008  (min, max)


[[211]]
NULL

[[212]]
[1] "Error in h(simpleError(msg, call)) : \n  error in evaluating the argument 'x' in selecting a method for function 'extent': coordinate operation creation from WKT failed: Unknown error (code 4096)\n"
attr(,"class")
[1] "try-error"
attr(,"condition")
<simpleError in h(simpleError(msg, call)): error in evaluating the argument 'x' in selecting a method for function 'extent': coordinate operation creation from WKT failed: Unknown error (code 4096)>

[[213]]
[1] "Error in h(simpleError(msg, call)) : \n  error in evaluating the argument 'x' in selecting a method for function 'extent': coordinate operation creation from WKT failed: Unknown error (code 4096)\n"
attr(,"class")
[1] "try-error"
attr(,"condition")
<simpleError in h(simpleError(msg, call)): error in evaluating the argument 'x' in selecting a method for function 'extent': coordinate operation creation from WKT failed: Unknown error (code 4096)>

[[214]]
[1] "Error in h(simpleError(msg, call)) : \n  error in evaluating the argument 'x' in selecting a method for function 'extent': coordinate operation creation from WKT failed: Unknown error (code 4096)\n"
attr(,"class")
[1] "try-error"
attr(,"condition")
<simpleError in h(simpleError(msg, call)): error in evaluating the argument 'x' in selecting a method for function 'extent': coordinate operation creation from WKT failed: Unknown error (code 4096)>

[[215]]
[1] "Error in h(simpleError(msg, call)) : \n  error in evaluating the argument 'x' in selecting a method for function 'extent': target crs creation failed: Unknown error (code 4096)\n"
attr(,"class")
[1] "try-error"
attr(,"condition")
<simpleError in h(simpleError(msg, call)): error in evaluating the argument 'x' in selecting a method for function 'extent': target crs creation failed: Unknown error (code 4096)>

[[216]]
[1] "Error in h(simpleError(msg, call)) : \n  error in evaluating the argument 'x' in selecting a method for function 'extent': coordinate operation creation from WKT failed: Unknown error (code 4096)\n"
attr(,"class")
[1] "try-error"
attr(,"condition")
<simpleError in h(simpleError(msg, call)): error in evaluating the argument 'x' in selecting a method for function 'extent': coordinate operation creation from WKT failed: Unknown error (code 4096)>

[[217]]
[1] "Error in h(simpleError(msg, call)) : \n  error in evaluating the argument 'x' in selecting a method for function 'extent': coordinate operation creation from WKT failed: Unknown error (code 4096)\n"
attr(,"class")
[1] "try-error"
attr(,"condition")
<simpleError in h(simpleError(msg, call)): error in evaluating the argument 'x' in selecting a method for function 'extent': coordinate operation creation from WKT failed: Unknown error (code 4096)>

[[218]]
[1] "Error in h(simpleError(msg, call)) : \n  error in evaluating the argument 'x' in selecting a method for function 'extent': coordinate operation creation from WKT failed: Unknown error (code 4096)\n"
attr(,"class")
[1] "try-error"
attr(,"condition")
<simpleError in h(simpleError(msg, call)): error in evaluating the argument 'x' in selecting a method for function 'extent': coordinate operation creation from WKT failed: Unknown error (code 4096)>

[[219]]
[1] "Error in h(simpleError(msg, call)) : \n  error in evaluating the argument 'x' in selecting a method for function 'extent': target crs creation failed: Unknown error (code 4096)\n"
attr(,"class")
[1] "try-error"
attr(,"condition")
<simpleError in h(simpleError(msg, call)): error in evaluating the argument 'x' in selecting a method for function 'extent': target crs creation failed: Unknown error (code 4096)>

[[220]]
[1] "Error in rgdal::rawTransform(projto_int, projfrom, nrow(xy), xy[, 1],  : \n  coordinate operation creation from WKT failed: Unknown error (code 4096)\n"
attr(,"class")
[1] "try-error"
attr(,"condition")
<simpleError in rgdal::rawTransform(projto_int, projfrom, nrow(xy), xy[, 1],     xy[, 2], wkt = use_proj6): coordinate operation creation from WKT failed: Unknown error (code 4096)>

[[221]]
[1] "Error in .rasterObjectFromFile(x, band = band, objecttype = \"RasterLayer\",  : \n  Cannot create a RasterLayer object from this file.\n"
attr(,"class")
[1] "try-error"
attr(,"condition")
<simpleError in .rasterObjectFromFile(x, band = band, objecttype = "RasterLayer",     ...): Cannot create a RasterLayer object from this file.>

[[222]]
[1] "Error in h(simpleError(msg, call)) : \n  error in evaluating the argument 'x' in selecting a method for function 'extent': coordinate operation creation from WKT failed: Unknown error (code 4096)\n"
attr(,"class")
[1] "try-error"
attr(,"condition")
<simpleError in h(simpleError(msg, call)): error in evaluating the argument 'x' in selecting a method for function 'extent': coordinate operation creation from WKT failed: Unknown error (code 4096)>

[[223]]
[1] "Error in rgdal::rawTransform(projto_int, projfrom, nrow(xy), xy[, 1],  : \n  coordinate operation creation from WKT failed: Unknown error (code 4096)\n"
attr(,"class")
[1] "try-error"
attr(,"condition")
<simpleError in rgdal::rawTransform(projto_int, projfrom, nrow(xy), xy[, 1],     xy[, 2], wkt = use_proj6): coordinate operation creation from WKT failed: Unknown error (code 4096)>

[[224]]
[1] "Error in rgdal::rawTransform(projto_int, projfrom, nrow(xy), xy[, 1],  : \n  coordinate operation creation from WKT failed: Unknown error (code 4096)\n"
attr(,"class")
[1] "try-error"
attr(,"condition")
<simpleError in rgdal::rawTransform(projto_int, projfrom, nrow(xy), xy[, 1],     xy[, 2], wkt = use_proj6): coordinate operation creation from WKT failed: Unknown error (code 4096)>

[[225]]
class      : RasterLayer 
dimensions : 12027, 24053, 289285431  (nrow, ncol, ncell)
resolution : 1500.029, 1499.966  (x, y)
extent     : -18040096, 18040096, -9020048, 9020048  (xmin, xmax, ymin, ymax)
crs        : +proj=moll +lon_0=0 +x_0=0 +y_0=0 +ellps=WGS84 +units=m +no_defs 
source     : CMIP6 November Mollweide.tif 
names      : CMIP6_November_Mollweide 
values     : -41.10729, 33.82748  (min, max)


[[226]]
NULL

[[227]]
[1] "Error in h(simpleError(msg, call)) : \n  error in evaluating the argument 'x' in selecting a method for function 'extent': coordinate operation creation from WKT failed: Unknown error (code 4096)\n"
attr(,"class")
[1] "try-error"
attr(,"condition")
<simpleError in h(simpleError(msg, call)): error in evaluating the argument 'x' in selecting a method for function 'extent': coordinate operation creation from WKT failed: Unknown error (code 4096)>

[[228]]
[1] "Error in h(simpleError(msg, call)) : \n  error in evaluating the argument 'x' in selecting a method for function 'extent': coordinate operation creation from WKT failed: Unknown error (code 4096)\n"
attr(,"class")
[1] "try-error"
attr(,"condition")
<simpleError in h(simpleError(msg, call)): error in evaluating the argument 'x' in selecting a method for function 'extent': coordinate operation creation from WKT failed: Unknown error (code 4096)>

[[229]]
[1] "Error in h(simpleError(msg, call)) : \n  error in evaluating the argument 'x' in selecting a method for function 'extent': coordinate operation creation from WKT failed: Unknown error (code 4096)\n"
attr(,"class")
[1] "try-error"
attr(,"condition")
<simpleError in h(simpleError(msg, call)): error in evaluating the argument 'x' in selecting a method for function 'extent': coordinate operation creation from WKT failed: Unknown error (code 4096)>

[[230]]
[1] "Error in h(simpleError(msg, call)) : \n  error in evaluating the argument 'x' in selecting a method for function 'extent': target crs creation failed: Unknown error (code 4096)\n"
attr(,"class")
[1] "try-error"
attr(,"condition")
<simpleError in h(simpleError(msg, call)): error in evaluating the argument 'x' in selecting a method for function 'extent': target crs creation failed: Unknown error (code 4096)>

[[231]]
[1] "Error in h(simpleError(msg, call)) : \n  error in evaluating the argument 'x' in selecting a method for function 'extent': coordinate operation creation from WKT failed: Unknown error (code 4096)\n"
attr(,"class")
[1] "try-error"
attr(,"condition")
<simpleError in h(simpleError(msg, call)): error in evaluating the argument 'x' in selecting a method for function 'extent': coordinate operation creation from WKT failed: Unknown error (code 4096)>

[[232]]
[1] "Error in h(simpleError(msg, call)) : \n  error in evaluating the argument 'x' in selecting a method for function 'extent': coordinate operation creation from WKT failed: Unknown error (code 4096)\n"
attr(,"class")
[1] "try-error"
attr(,"condition")
<simpleError in h(simpleError(msg, call)): error in evaluating the argument 'x' in selecting a method for function 'extent': coordinate operation creation from WKT failed: Unknown error (code 4096)>

[[233]]
[1] "Error in h(simpleError(msg, call)) : \n  error in evaluating the argument 'x' in selecting a method for function 'extent': coordinate operation creation from WKT failed: Unknown error (code 4096)\n"
attr(,"class")
[1] "try-error"
attr(,"condition")
<simpleError in h(simpleError(msg, call)): error in evaluating the argument 'x' in selecting a method for function 'extent': coordinate operation creation from WKT failed: Unknown error (code 4096)>

[[234]]
[1] "Error in h(simpleError(msg, call)) : \n  error in evaluating the argument 'x' in selecting a method for function 'extent': target crs creation failed: Unknown error (code 4096)\n"
attr(,"class")
[1] "try-error"
attr(,"condition")
<simpleError in h(simpleError(msg, call)): error in evaluating the argument 'x' in selecting a method for function 'extent': target crs creation failed: Unknown error (code 4096)>

[[235]]
[1] "Error in rgdal::rawTransform(projto_int, projfrom, nrow(xy), xy[, 1],  : \n  coordinate operation creation from WKT failed: Unknown error (code 4096)\n"
attr(,"class")
[1] "try-error"
attr(,"condition")
<simpleError in rgdal::rawTransform(projto_int, projfrom, nrow(xy), xy[, 1],     xy[, 2], wkt = use_proj6): coordinate operation creation from WKT failed: Unknown error (code 4096)>

[[236]]
[1] "Error in .rasterObjectFromFile(x, band = band, objecttype = \"RasterLayer\",  : \n  Cannot create a RasterLayer object from this file.\n"
attr(,"class")
[1] "try-error"
attr(,"condition")
<simpleError in .rasterObjectFromFile(x, band = band, objecttype = "RasterLayer",     ...): Cannot create a RasterLayer object from this file.>

[[237]]
[1] "Error in h(simpleError(msg, call)) : \n  error in evaluating the argument 'x' in selecting a method for function 'extent': coordinate operation creation from WKT failed: Unknown error (code 4096)\n"
attr(,"class")
[1] "try-error"
attr(,"condition")
<simpleError in h(simpleError(msg, call)): error in evaluating the argument 'x' in selecting a method for function 'extent': coordinate operation creation from WKT failed: Unknown error (code 4096)>

[[238]]
[1] "Error in rgdal::rawTransform(projto_int, projfrom, nrow(xy), xy[, 1],  : \n  coordinate operation creation from WKT failed: Unknown error (code 4096)\n"
attr(,"class")
[1] "try-error"
attr(,"condition")
<simpleError in rgdal::rawTransform(projto_int, projfrom, nrow(xy), xy[, 1],     xy[, 2], wkt = use_proj6): coordinate operation creation from WKT failed: Unknown error (code 4096)>

[[239]]
[1] "Error in rgdal::rawTransform(projto_int, projfrom, nrow(xy), xy[, 1],  : \n  coordinate operation creation from WKT failed: Unknown error (code 4096)\n"
attr(,"class")
[1] "try-error"
attr(,"condition")
<simpleError in rgdal::rawTransform(projto_int, projfrom, nrow(xy), xy[, 1],     xy[, 2], wkt = use_proj6): coordinate operation creation from WKT failed: Unknown error (code 4096)>

[[240]]
class      : RasterLayer 
dimensions : 12027, 24053, 289285431  (nrow, ncol, ncell)
resolution : 1500.029, 1499.966  (x, y)
extent     : -18040096, 18040096, -9020048, 9020048  (xmin, xmax, ymin, ymax)
crs        : +proj=moll +lon_0=0 +x_0=0 +y_0=0 +ellps=WGS84 +units=m +no_defs 
source     : CMIP6 April Mollweide.tif 
names      : CMIP6_April_Mollweide 
values     : -59.76336, 34.47801  (min, max)


[[241]]
NULL

[[242]]
[1] "Error in h(simpleError(msg, call)) : \n  error in evaluating the argument 'x' in selecting a method for function 'extent': coordinate operation creation from WKT failed: Unknown error (code 4096)\n"
attr(,"class")
[1] "try-error"
attr(,"condition")
<simpleError in h(simpleError(msg, call)): error in evaluating the argument 'x' in selecting a method for function 'extent': coordinate operation creation from WKT failed: Unknown error (code 4096)>

[[243]]
[1] "Error in h(simpleError(msg, call)) : \n  error in evaluating the argument 'x' in selecting a method for function 'extent': coordinate operation creation from WKT failed: Unknown error (code 4096)\n"
attr(,"class")
[1] "try-error"
attr(,"condition")
<simpleError in h(simpleError(msg, call)): error in evaluating the argument 'x' in selecting a method for function 'extent': coordinate operation creation from WKT failed: Unknown error (code 4096)>

[[244]]
[1] "Error in h(simpleError(msg, call)) : \n  error in evaluating the argument 'x' in selecting a method for function 'extent': coordinate operation creation from WKT failed: Unknown error (code 4096)\n"
attr(,"class")
[1] "try-error"
attr(,"condition")
<simpleError in h(simpleError(msg, call)): error in evaluating the argument 'x' in selecting a method for function 'extent': coordinate operation creation from WKT failed: Unknown error (code 4096)>

[[245]]
[1] "Error in h(simpleError(msg, call)) : \n  error in evaluating the argument 'x' in selecting a method for function 'extent': target crs creation failed: Unknown error (code 4096)\n"
attr(,"class")
[1] "try-error"
attr(,"condition")
<simpleError in h(simpleError(msg, call)): error in evaluating the argument 'x' in selecting a method for function 'extent': target crs creation failed: Unknown error (code 4096)>

[[246]]
[1] "Error in h(simpleError(msg, call)) : \n  error in evaluating the argument 'x' in selecting a method for function 'extent': coordinate operation creation from WKT failed: Unknown error (code 4096)\n"
attr(,"class")
[1] "try-error"
attr(,"condition")
<simpleError in h(simpleError(msg, call)): error in evaluating the argument 'x' in selecting a method for function 'extent': coordinate operation creation from WKT failed: Unknown error (code 4096)>

[[247]]
[1] "Error in h(simpleError(msg, call)) : \n  error in evaluating the argument 'x' in selecting a method for function 'extent': coordinate operation creation from WKT failed: Unknown error (code 4096)\n"
attr(,"class")
[1] "try-error"
attr(,"condition")
<simpleError in h(simpleError(msg, call)): error in evaluating the argument 'x' in selecting a method for function 'extent': coordinate operation creation from WKT failed: Unknown error (code 4096)>

[[248]]
[1] "Error in h(simpleError(msg, call)) : \n  error in evaluating the argument 'x' in selecting a method for function 'extent': coordinate operation creation from WKT failed: Unknown error (code 4096)\n"
attr(,"class")
[1] "try-error"
attr(,"condition")
<simpleError in h(simpleError(msg, call)): error in evaluating the argument 'x' in selecting a method for function 'extent': coordinate operation creation from WKT failed: Unknown error (code 4096)>

[[249]]
[1] "Error in h(simpleError(msg, call)) : \n  error in evaluating the argument 'x' in selecting a method for function 'extent': target crs creation failed: Unknown error (code 4096)\n"
attr(,"class")
[1] "try-error"
attr(,"condition")
<simpleError in h(simpleError(msg, call)): error in evaluating the argument 'x' in selecting a method for function 'extent': target crs creation failed: Unknown error (code 4096)>

[[250]]
[1] "Error in rgdal::rawTransform(projto_int, projfrom, nrow(xy), xy[, 1],  : \n  coordinate operation creation from WKT failed: Unknown error (code 4096)\n"
attr(,"class")
[1] "try-error"
attr(,"condition")
<simpleError in rgdal::rawTransform(projto_int, projfrom, nrow(xy), xy[, 1],     xy[, 2], wkt = use_proj6): coordinate operation creation from WKT failed: Unknown error (code 4096)>

[[251]]
[1] "Error in .rasterObjectFromFile(x, band = band, objecttype = \"RasterLayer\",  : \n  Cannot create a RasterLayer object from this file.\n"
attr(,"class")
[1] "try-error"
attr(,"condition")
<simpleError in .rasterObjectFromFile(x, band = band, objecttype = "RasterLayer",     ...): Cannot create a RasterLayer object from this file.>

[[252]]
[1] "Error in h(simpleError(msg, call)) : \n  error in evaluating the argument 'x' in selecting a method for function 'extent': coordinate operation creation from WKT failed: Unknown error (code 4096)\n"
attr(,"class")
[1] "try-error"
attr(,"condition")
<simpleError in h(simpleError(msg, call)): error in evaluating the argument 'x' in selecting a method for function 'extent': coordinate operation creation from WKT failed: Unknown error (code 4096)>

[[253]]
[1] "Error in rgdal::rawTransform(projto_int, projfrom, nrow(xy), xy[, 1],  : \n  coordinate operation creation from WKT failed: Unknown error (code 4096)\n"
attr(,"class")
[1] "try-error"
attr(,"condition")
<simpleError in rgdal::rawTransform(projto_int, projfrom, nrow(xy), xy[, 1],     xy[, 2], wkt = use_proj6): coordinate operation creation from WKT failed: Unknown error (code 4096)>

[[254]]
[1] "Error in rgdal::rawTransform(projto_int, projfrom, nrow(xy), xy[, 1],  : \n  coordinate operation creation from WKT failed: Unknown error (code 4096)\n"
attr(,"class")
[1] "try-error"
attr(,"condition")
<simpleError in rgdal::rawTransform(projto_int, projfrom, nrow(xy), xy[, 1],     xy[, 2], wkt = use_proj6): coordinate operation creation from WKT failed: Unknown error (code 4096)>

[[255]]
class      : RasterLayer 
dimensions : 12027, 24053, 289285431  (nrow, ncol, ncell)
resolution : 1500.029, 1499.966  (x, y)
extent     : -18040096, 18040096, -9020048, 9020048  (xmin, xmax, ymin, ymax)
crs        : +proj=moll +lon_0=0 +x_0=0 +y_0=0 +ellps=WGS84 +units=m +no_defs 
source     : CMIP6 February Mollweide.tif 
names      : CMIP6_February_Mollweide 
values     : -46.81164, 29.02625  (min, max)


[[256]]
NULL

[[257]]
[1] "Error in h(simpleError(msg, call)) : \n  error in evaluating the argument 'x' in selecting a method for function 'extent': coordinate operation creation from WKT failed: Unknown error (code 4096)\n"
attr(,"class")
[1] "try-error"
attr(,"condition")
<simpleError in h(simpleError(msg, call)): error in evaluating the argument 'x' in selecting a method for function 'extent': coordinate operation creation from WKT failed: Unknown error (code 4096)>

[[258]]
[1] "Error in h(simpleError(msg, call)) : \n  error in evaluating the argument 'x' in selecting a method for function 'extent': coordinate operation creation from WKT failed: Unknown error (code 4096)\n"
attr(,"class")
[1] "try-error"
attr(,"condition")
<simpleError in h(simpleError(msg, call)): error in evaluating the argument 'x' in selecting a method for function 'extent': coordinate operation creation from WKT failed: Unknown error (code 4096)>

[[259]]
[1] "Error in h(simpleError(msg, call)) : \n  error in evaluating the argument 'x' in selecting a method for function 'extent': coordinate operation creation from WKT failed: Unknown error (code 4096)\n"
attr(,"class")
[1] "try-error"
attr(,"condition")
<simpleError in h(simpleError(msg, call)): error in evaluating the argument 'x' in selecting a method for function 'extent': coordinate operation creation from WKT failed: Unknown error (code 4096)>

[[260]]
[1] "Error in h(simpleError(msg, call)) : \n  error in evaluating the argument 'x' in selecting a method for function 'extent': target crs creation failed: Unknown error (code 4096)\n"
attr(,"class")
[1] "try-error"
attr(,"condition")
<simpleError in h(simpleError(msg, call)): error in evaluating the argument 'x' in selecting a method for function 'extent': target crs creation failed: Unknown error (code 4096)>

[[261]]
[1] "Error in h(simpleError(msg, call)) : \n  error in evaluating the argument 'x' in selecting a method for function 'extent': coordinate operation creation from WKT failed: Unknown error (code 4096)\n"
attr(,"class")
[1] "try-error"
attr(,"condition")
<simpleError in h(simpleError(msg, call)): error in evaluating the argument 'x' in selecting a method for function 'extent': coordinate operation creation from WKT failed: Unknown error (code 4096)>

[[262]]
[1] "Error in h(simpleError(msg, call)) : \n  error in evaluating the argument 'x' in selecting a method for function 'extent': coordinate operation creation from WKT failed: Unknown error (code 4096)\n"
attr(,"class")
[1] "try-error"
attr(,"condition")
<simpleError in h(simpleError(msg, call)): error in evaluating the argument 'x' in selecting a method for function 'extent': coordinate operation creation from WKT failed: Unknown error (code 4096)>

[[263]]
[1] "Error in h(simpleError(msg, call)) : \n  error in evaluating the argument 'x' in selecting a method for function 'extent': coordinate operation creation from WKT failed: Unknown error (code 4096)\n"
attr(,"class")
[1] "try-error"
attr(,"condition")
<simpleError in h(simpleError(msg, call)): error in evaluating the argument 'x' in selecting a method for function 'extent': coordinate operation creation from WKT failed: Unknown error (code 4096)>

[[264]]
[1] "Error in h(simpleError(msg, call)) : \n  error in evaluating the argument 'x' in selecting a method for function 'extent': target crs creation failed: Unknown error (code 4096)\n"
attr(,"class")
[1] "try-error"
attr(,"condition")
<simpleError in h(simpleError(msg, call)): error in evaluating the argument 'x' in selecting a method for function 'extent': target crs creation failed: Unknown error (code 4096)>

[[265]]
[1] "Error in rgdal::rawTransform(projto_int, projfrom, nrow(xy), xy[, 1],  : \n  coordinate operation creation from WKT failed: Unknown error (code 4096)\n"
attr(,"class")
[1] "try-error"
attr(,"condition")
<simpleError in rgdal::rawTransform(projto_int, projfrom, nrow(xy), xy[, 1],     xy[, 2], wkt = use_proj6): coordinate operation creation from WKT failed: Unknown error (code 4096)>

[[266]]
[1] "Error in .rasterObjectFromFile(x, band = band, objecttype = \"RasterLayer\",  : \n  Cannot create a RasterLayer object from this file.\n"
attr(,"class")
[1] "try-error"
attr(,"condition")
<simpleError in .rasterObjectFromFile(x, band = band, objecttype = "RasterLayer",     ...): Cannot create a RasterLayer object from this file.>

[[267]]
[1] "Error in h(simpleError(msg, call)) : \n  error in evaluating the argument 'x' in selecting a method for function 'extent': coordinate operation creation from WKT failed: Unknown error (code 4096)\n"
attr(,"class")
[1] "try-error"
attr(,"condition")
<simpleError in h(simpleError(msg, call)): error in evaluating the argument 'x' in selecting a method for function 'extent': coordinate operation creation from WKT failed: Unknown error (code 4096)>

[[268]]
[1] "Error in rgdal::rawTransform(projto_int, projfrom, nrow(xy), xy[, 1],  : \n  coordinate operation creation from WKT failed: Unknown error (code 4096)\n"
attr(,"class")
[1] "try-error"
attr(,"condition")
<simpleError in rgdal::rawTransform(projto_int, projfrom, nrow(xy), xy[, 1],     xy[, 2], wkt = use_proj6): coordinate operation creation from WKT failed: Unknown error (code 4096)>

[[269]]
[1] "Error in rgdal::rawTransform(projto_int, projfrom, nrow(xy), xy[, 1],  : \n  coordinate operation creation from WKT failed: Unknown error (code 4096)\n"
attr(,"class")
[1] "try-error"
attr(,"condition")
<simpleError in rgdal::rawTransform(projto_int, projfrom, nrow(xy), xy[, 1],     xy[, 2], wkt = use_proj6): coordinate operation creation from WKT failed: Unknown error (code 4096)>

[[270]]
class      : RasterLayer 
dimensions : 12027, 24053, 289285431  (nrow, ncol, ncell)
resolution : 1500.029, 1499.966  (x, y)
extent     : -18040096, 18040096, -9020048, 9020048  (xmin, xmax, ymin, ymax)
crs        : +proj=moll +lon_0=0 +x_0=0 +y_0=0 +ellps=WGS84 +units=m +no_defs 
source     : CMIP6 May Mollweide.tif 
names      : CMIP6_May_Mollweide 
values     : -64.61661, 29.94044  (min, max)


[[271]]
NULL

[[272]]
[1] "Error in h(simpleError(msg, call)) : \n  error in evaluating the argument 'x' in selecting a method for function 'extent': coordinate operation creation from WKT failed: Unknown error (code 4096)\n"
attr(,"class")
[1] "try-error"
attr(,"condition")
<simpleError in h(simpleError(msg, call)): error in evaluating the argument 'x' in selecting a method for function 'extent': coordinate operation creation from WKT failed: Unknown error (code 4096)>

[[273]]
[1] "Error in h(simpleError(msg, call)) : \n  error in evaluating the argument 'x' in selecting a method for function 'extent': coordinate operation creation from WKT failed: Unknown error (code 4096)\n"
attr(,"class")
[1] "try-error"
attr(,"condition")
<simpleError in h(simpleError(msg, call)): error in evaluating the argument 'x' in selecting a method for function 'extent': coordinate operation creation from WKT failed: Unknown error (code 4096)>

[[274]]
[1] "Error in h(simpleError(msg, call)) : \n  error in evaluating the argument 'x' in selecting a method for function 'extent': coordinate operation creation from WKT failed: Unknown error (code 4096)\n"
attr(,"class")
[1] "try-error"
attr(,"condition")
<simpleError in h(simpleError(msg, call)): error in evaluating the argument 'x' in selecting a method for function 'extent': coordinate operation creation from WKT failed: Unknown error (code 4096)>

[[275]]
[1] "Error in h(simpleError(msg, call)) : \n  error in evaluating the argument 'x' in selecting a method for function 'extent': target crs creation failed: Unknown error (code 4096)\n"
attr(,"class")
[1] "try-error"
attr(,"condition")
<simpleError in h(simpleError(msg, call)): error in evaluating the argument 'x' in selecting a method for function 'extent': target crs creation failed: Unknown error (code 4096)>

[[276]]
[1] "Error in h(simpleError(msg, call)) : \n  error in evaluating the argument 'x' in selecting a method for function 'extent': coordinate operation creation from WKT failed: Unknown error (code 4096)\n"
attr(,"class")
[1] "try-error"
attr(,"condition")
<simpleError in h(simpleError(msg, call)): error in evaluating the argument 'x' in selecting a method for function 'extent': coordinate operation creation from WKT failed: Unknown error (code 4096)>

[[277]]
[1] "Error in h(simpleError(msg, call)) : \n  error in evaluating the argument 'x' in selecting a method for function 'extent': coordinate operation creation from WKT failed: Unknown error (code 4096)\n"
attr(,"class")
[1] "try-error"
attr(,"condition")
<simpleError in h(simpleError(msg, call)): error in evaluating the argument 'x' in selecting a method for function 'extent': coordinate operation creation from WKT failed: Unknown error (code 4096)>

[[278]]
[1] "Error in h(simpleError(msg, call)) : \n  error in evaluating the argument 'x' in selecting a method for function 'extent': coordinate operation creation from WKT failed: Unknown error (code 4096)\n"
attr(,"class")
[1] "try-error"
attr(,"condition")
<simpleError in h(simpleError(msg, call)): error in evaluating the argument 'x' in selecting a method for function 'extent': coordinate operation creation from WKT failed: Unknown error (code 4096)>

[[279]]
[1] "Error in h(simpleError(msg, call)) : \n  error in evaluating the argument 'x' in selecting a method for function 'extent': target crs creation failed: Unknown error (code 4096)\n"
attr(,"class")
[1] "try-error"
attr(,"condition")
<simpleError in h(simpleError(msg, call)): error in evaluating the argument 'x' in selecting a method for function 'extent': target crs creation failed: Unknown error (code 4096)>

[[280]]
[1] "Error in rgdal::rawTransform(projto_int, projfrom, nrow(xy), xy[, 1],  : \n  coordinate operation creation from WKT failed: Unknown error (code 4096)\n"
attr(,"class")
[1] "try-error"
attr(,"condition")
<simpleError in rgdal::rawTransform(projto_int, projfrom, nrow(xy), xy[, 1],     xy[, 2], wkt = use_proj6): coordinate operation creation from WKT failed: Unknown error (code 4096)>

[[281]]
[1] "Error in .rasterObjectFromFile(x, band = band, objecttype = \"RasterLayer\",  : \n  Cannot create a RasterLayer object from this file.\n"
attr(,"class")
[1] "try-error"
attr(,"condition")
<simpleError in .rasterObjectFromFile(x, band = band, objecttype = "RasterLayer",     ...): Cannot create a RasterLayer object from this file.>

[[282]]
[1] "Error in h(simpleError(msg, call)) : \n  error in evaluating the argument 'x' in selecting a method for function 'extent': coordinate operation creation from WKT failed: Unknown error (code 4096)\n"
attr(,"class")
[1] "try-error"
attr(,"condition")
<simpleError in h(simpleError(msg, call)): error in evaluating the argument 'x' in selecting a method for function 'extent': coordinate operation creation from WKT failed: Unknown error (code 4096)>

[[283]]
[1] "Error in rgdal::rawTransform(projto_int, projfrom, nrow(xy), xy[, 1],  : \n  coordinate operation creation from WKT failed: Unknown error (code 4096)\n"
attr(,"class")
[1] "try-error"
attr(,"condition")
<simpleError in rgdal::rawTransform(projto_int, projfrom, nrow(xy), xy[, 1],     xy[, 2], wkt = use_proj6): coordinate operation creation from WKT failed: Unknown error (code 4096)>

[[284]]
[1] "Error in rgdal::rawTransform(projto_int, projfrom, nrow(xy), xy[, 1],  : \n  coordinate operation creation from WKT failed: Unknown error (code 4096)\n"
attr(,"class")
[1] "try-error"
attr(,"condition")
<simpleError in rgdal::rawTransform(projto_int, projfrom, nrow(xy), xy[, 1],     xy[, 2], wkt = use_proj6): coordinate operation creation from WKT failed: Unknown error (code 4096)>

[[285]]
class      : RasterLayer 
dimensions : 12027, 24053, 289285431  (nrow, ncol, ncell)
resolution : 1500.029, 1499.966  (x, y)
extent     : -18040096, 18040096, -9020048, 9020048  (xmin, xmax, ymin, ymax)
crs        : +proj=moll +lon_0=0 +x_0=0 +y_0=0 +ellps=WGS84 +units=m +no_defs 
source     : CMIP6 April Mollweide.tif 
names      : CMIP6_April_Mollweide 
values     : -63.4622, 29.4356  (min, max)


[[286]]
NULL

[[287]]
[1] "Error in h(simpleError(msg, call)) : \n  error in evaluating the argument 'x' in selecting a method for function 'extent': coordinate operation creation from WKT failed: Unknown error (code 4096)\n"
attr(,"class")
[1] "try-error"
attr(,"condition")
<simpleError in h(simpleError(msg, call)): error in evaluating the argument 'x' in selecting a method for function 'extent': coordinate operation creation from WKT failed: Unknown error (code 4096)>

[[288]]
[1] "Error in h(simpleError(msg, call)) : \n  error in evaluating the argument 'x' in selecting a method for function 'extent': coordinate operation creation from WKT failed: Unknown error (code 4096)\n"
attr(,"class")
[1] "try-error"
attr(,"condition")
<simpleError in h(simpleError(msg, call)): error in evaluating the argument 'x' in selecting a method for function 'extent': coordinate operation creation from WKT failed: Unknown error (code 4096)>

[[289]]
[1] "Error in h(simpleError(msg, call)) : \n  error in evaluating the argument 'x' in selecting a method for function 'extent': coordinate operation creation from WKT failed: Unknown error (code 4096)\n"
attr(,"class")
[1] "try-error"
attr(,"condition")
<simpleError in h(simpleError(msg, call)): error in evaluating the argument 'x' in selecting a method for function 'extent': coordinate operation creation from WKT failed: Unknown error (code 4096)>

[[290]]
[1] "Error in h(simpleError(msg, call)) : \n  error in evaluating the argument 'x' in selecting a method for function 'extent': target crs creation failed: Unknown error (code 4096)\n"
attr(,"class")
[1] "try-error"
attr(,"condition")
<simpleError in h(simpleError(msg, call)): error in evaluating the argument 'x' in selecting a method for function 'extent': target crs creation failed: Unknown error (code 4096)>

[[291]]
[1] "Error in h(simpleError(msg, call)) : \n  error in evaluating the argument 'x' in selecting a method for function 'extent': coordinate operation creation from WKT failed: Unknown error (code 4096)\n"
attr(,"class")
[1] "try-error"
attr(,"condition")
<simpleError in h(simpleError(msg, call)): error in evaluating the argument 'x' in selecting a method for function 'extent': coordinate operation creation from WKT failed: Unknown error (code 4096)>

[[292]]
[1] "Error in h(simpleError(msg, call)) : \n  error in evaluating the argument 'x' in selecting a method for function 'extent': coordinate operation creation from WKT failed: Unknown error (code 4096)\n"
attr(,"class")
[1] "try-error"
attr(,"condition")
<simpleError in h(simpleError(msg, call)): error in evaluating the argument 'x' in selecting a method for function 'extent': coordinate operation creation from WKT failed: Unknown error (code 4096)>

[[293]]
[1] "Error in h(simpleError(msg, call)) : \n  error in evaluating the argument 'x' in selecting a method for function 'extent': coordinate operation creation from WKT failed: Unknown error (code 4096)\n"
attr(,"class")
[1] "try-error"
attr(,"condition")
<simpleError in h(simpleError(msg, call)): error in evaluating the argument 'x' in selecting a method for function 'extent': coordinate operation creation from WKT failed: Unknown error (code 4096)>

[[294]]
[1] "Error in h(simpleError(msg, call)) : \n  error in evaluating the argument 'x' in selecting a method for function 'extent': target crs creation failed: Unknown error (code 4096)\n"
attr(,"class")
[1] "try-error"
attr(,"condition")
<simpleError in h(simpleError(msg, call)): error in evaluating the argument 'x' in selecting a method for function 'extent': target crs creation failed: Unknown error (code 4096)>

[[295]]
[1] "Error in rgdal::rawTransform(projto_int, projfrom, nrow(xy), xy[, 1],  : \n  coordinate operation creation from WKT failed: Unknown error (code 4096)\n"
attr(,"class")
[1] "try-error"
attr(,"condition")
<simpleError in rgdal::rawTransform(projto_int, projfrom, nrow(xy), xy[, 1],     xy[, 2], wkt = use_proj6): coordinate operation creation from WKT failed: Unknown error (code 4096)>

[[296]]
[1] "Error in .rasterObjectFromFile(x, band = band, objecttype = \"RasterLayer\",  : \n  Cannot create a RasterLayer object from this file.\n"
attr(,"class")
[1] "try-error"
attr(,"condition")
<simpleError in .rasterObjectFromFile(x, band = band, objecttype = "RasterLayer",     ...): Cannot create a RasterLayer object from this file.>

[[297]]
[1] "Error in h(simpleError(msg, call)) : \n  error in evaluating the argument 'x' in selecting a method for function 'extent': coordinate operation creation from WKT failed: Unknown error (code 4096)\n"
attr(,"class")
[1] "try-error"
attr(,"condition")
<simpleError in h(simpleError(msg, call)): error in evaluating the argument 'x' in selecting a method for function 'extent': coordinate operation creation from WKT failed: Unknown error (code 4096)>

[[298]]
[1] "Error in rgdal::rawTransform(projto_int, projfrom, nrow(xy), xy[, 1],  : \n  coordinate operation creation from WKT failed: Unknown error (code 4096)\n"
attr(,"class")
[1] "try-error"
attr(,"condition")
<simpleError in rgdal::rawTransform(projto_int, projfrom, nrow(xy), xy[, 1],     xy[, 2], wkt = use_proj6): coordinate operation creation from WKT failed: Unknown error (code 4096)>

[[299]]
[1] "Error in rgdal::rawTransform(projto_int, projfrom, nrow(xy), xy[, 1],  : \n  coordinate operation creation from WKT failed: Unknown error (code 4096)\n"
attr(,"class")
[1] "try-error"
attr(,"condition")
<simpleError in rgdal::rawTransform(projto_int, projfrom, nrow(xy), xy[, 1],     xy[, 2], wkt = use_proj6): coordinate operation creation from WKT failed: Unknown error (code 4096)>

[[300]]
class      : RasterLayer 
dimensions : 12027, 24053, 289285431  (nrow, ncol, ncell)
resolution : 1500.029, 1499.966  (x, y)
extent     : -18040096, 18040096, -9020048, 9020048  (xmin, xmax, ymin, ymax)
crs        : +proj=moll +lon_0=0 +x_0=0 +y_0=0 +ellps=WGS84 +units=m +no_defs 
source     : CMIP6 January Mollweide.tif 
names      : CMIP6_January_Mollweide 
values     : -41.81723, 29.02831  (min, max)


[[301]]
NULL

[[302]]
[1] "Error in h(simpleError(msg, call)) : \n  error in evaluating the argument 'x' in selecting a method for function 'extent': coordinate operation creation from WKT failed: Unknown error (code 4096)\n"
attr(,"class")
[1] "try-error"
attr(,"condition")
<simpleError in h(simpleError(msg, call)): error in evaluating the argument 'x' in selecting a method for function 'extent': coordinate operation creation from WKT failed: Unknown error (code 4096)>

[[303]]
[1] "Error in h(simpleError(msg, call)) : \n  error in evaluating the argument 'x' in selecting a method for function 'extent': coordinate operation creation from WKT failed: Unknown error (code 4096)\n"
attr(,"class")
[1] "try-error"
attr(,"condition")
<simpleError in h(simpleError(msg, call)): error in evaluating the argument 'x' in selecting a method for function 'extent': coordinate operation creation from WKT failed: Unknown error (code 4096)>

[[304]]
[1] "Error in h(simpleError(msg, call)) : \n  error in evaluating the argument 'x' in selecting a method for function 'extent': coordinate operation creation from WKT failed: Unknown error (code 4096)\n"
attr(,"class")
[1] "try-error"
attr(,"condition")
<simpleError in h(simpleError(msg, call)): error in evaluating the argument 'x' in selecting a method for function 'extent': coordinate operation creation from WKT failed: Unknown error (code 4096)>

[[305]]
[1] "Error in h(simpleError(msg, call)) : \n  error in evaluating the argument 'x' in selecting a method for function 'extent': target crs creation failed: Unknown error (code 4096)\n"
attr(,"class")
[1] "try-error"
attr(,"condition")
<simpleError in h(simpleError(msg, call)): error in evaluating the argument 'x' in selecting a method for function 'extent': target crs creation failed: Unknown error (code 4096)>

[[306]]
[1] "Error in h(simpleError(msg, call)) : \n  error in evaluating the argument 'x' in selecting a method for function 'extent': coordinate operation creation from WKT failed: Unknown error (code 4096)\n"
attr(,"class")
[1] "try-error"
attr(,"condition")
<simpleError in h(simpleError(msg, call)): error in evaluating the argument 'x' in selecting a method for function 'extent': coordinate operation creation from WKT failed: Unknown error (code 4096)>

[[307]]
[1] "Error in h(simpleError(msg, call)) : \n  error in evaluating the argument 'x' in selecting a method for function 'extent': coordinate operation creation from WKT failed: Unknown error (code 4096)\n"
attr(,"class")
[1] "try-error"
attr(,"condition")
<simpleError in h(simpleError(msg, call)): error in evaluating the argument 'x' in selecting a method for function 'extent': coordinate operation creation from WKT failed: Unknown error (code 4096)>

[[308]]
[1] "Error in h(simpleError(msg, call)) : \n  error in evaluating the argument 'x' in selecting a method for function 'extent': coordinate operation creation from WKT failed: Unknown error (code 4096)\n"
attr(,"class")
[1] "try-error"
attr(,"condition")
<simpleError in h(simpleError(msg, call)): error in evaluating the argument 'x' in selecting a method for function 'extent': coordinate operation creation from WKT failed: Unknown error (code 4096)>

[[309]]
[1] "Error in h(simpleError(msg, call)) : \n  error in evaluating the argument 'x' in selecting a method for function 'extent': target crs creation failed: Unknown error (code 4096)\n"
attr(,"class")
[1] "try-error"
attr(,"condition")
<simpleError in h(simpleError(msg, call)): error in evaluating the argument 'x' in selecting a method for function 'extent': target crs creation failed: Unknown error (code 4096)>

[[310]]
[1] "Error in rgdal::rawTransform(projto_int, projfrom, nrow(xy), xy[, 1],  : \n  coordinate operation creation from WKT failed: Unknown error (code 4096)\n"
attr(,"class")
[1] "try-error"
attr(,"condition")
<simpleError in rgdal::rawTransform(projto_int, projfrom, nrow(xy), xy[, 1],     xy[, 2], wkt = use_proj6): coordinate operation creation from WKT failed: Unknown error (code 4096)>

[[311]]
[1] "Error in .rasterObjectFromFile(x, band = band, objecttype = \"RasterLayer\",  : \n  Cannot create a RasterLayer object from this file.\n"
attr(,"class")
[1] "try-error"
attr(,"condition")
<simpleError in .rasterObjectFromFile(x, band = band, objecttype = "RasterLayer",     ...): Cannot create a RasterLayer object from this file.>

[[312]]
[1] "Error in h(simpleError(msg, call)) : \n  error in evaluating the argument 'x' in selecting a method for function 'extent': coordinate operation creation from WKT failed: Unknown error (code 4096)\n"
attr(,"class")
[1] "try-error"
attr(,"condition")
<simpleError in h(simpleError(msg, call)): error in evaluating the argument 'x' in selecting a method for function 'extent': coordinate operation creation from WKT failed: Unknown error (code 4096)>

[[313]]
[1] "Error in rgdal::rawTransform(projto_int, projfrom, nrow(xy), xy[, 1],  : \n  coordinate operation creation from WKT failed: Unknown error (code 4096)\n"
attr(,"class")
[1] "try-error"
attr(,"condition")
<simpleError in rgdal::rawTransform(projto_int, projfrom, nrow(xy), xy[, 1],     xy[, 2], wkt = use_proj6): coordinate operation creation from WKT failed: Unknown error (code 4096)>

[[314]]
[1] "Error in rgdal::rawTransform(projto_int, projfrom, nrow(xy), xy[, 1],  : \n  coordinate operation creation from WKT failed: Unknown error (code 4096)\n"
attr(,"class")
[1] "try-error"
attr(,"condition")
<simpleError in rgdal::rawTransform(projto_int, projfrom, nrow(xy), xy[, 1],     xy[, 2], wkt = use_proj6): coordinate operation creation from WKT failed: Unknown error (code 4096)>

[[315]]
class      : RasterLayer 
dimensions : 12027, 24053, 289285431  (nrow, ncol, ncell)
resolution : 1500.029, 1499.966  (x, y)
extent     : -18040096, 18040096, -9020048, 9020048  (xmin, xmax, ymin, ymax)
crs        : +proj=moll +lon_0=0 +x_0=0 +y_0=0 +ellps=WGS84 +units=m +no_defs 
source     : CMIP6 August Mollweide.tif 
names      : CMIP6_August_Mollweide 
values     : 0.004709241, 20.90454  (min, max)


[[316]]
NULL

[[317]]
[1] "Error in h(simpleError(msg, call)) : \n  error in evaluating the argument 'x' in selecting a method for function 'extent': coordinate operation creation from WKT failed: Unknown error (code 4096)\n"
attr(,"class")
[1] "try-error"
attr(,"condition")
<simpleError in h(simpleError(msg, call)): error in evaluating the argument 'x' in selecting a method for function 'extent': coordinate operation creation from WKT failed: Unknown error (code 4096)>

[[318]]
[1] "Error in h(simpleError(msg, call)) : \n  error in evaluating the argument 'x' in selecting a method for function 'extent': coordinate operation creation from WKT failed: Unknown error (code 4096)\n"
attr(,"class")
[1] "try-error"
attr(,"condition")
<simpleError in h(simpleError(msg, call)): error in evaluating the argument 'x' in selecting a method for function 'extent': coordinate operation creation from WKT failed: Unknown error (code 4096)>

[[319]]
[1] "Error in h(simpleError(msg, call)) : \n  error in evaluating the argument 'x' in selecting a method for function 'extent': coordinate operation creation from WKT failed: Unknown error (code 4096)\n"
attr(,"class")
[1] "try-error"
attr(,"condition")
<simpleError in h(simpleError(msg, call)): error in evaluating the argument 'x' in selecting a method for function 'extent': coordinate operation creation from WKT failed: Unknown error (code 4096)>

[[320]]
[1] "Error in h(simpleError(msg, call)) : \n  error in evaluating the argument 'x' in selecting a method for function 'extent': target crs creation failed: Unknown error (code 4096)\n"
attr(,"class")
[1] "try-error"
attr(,"condition")
<simpleError in h(simpleError(msg, call)): error in evaluating the argument 'x' in selecting a method for function 'extent': target crs creation failed: Unknown error (code 4096)>

[[321]]
[1] "Error in h(simpleError(msg, call)) : \n  error in evaluating the argument 'x' in selecting a method for function 'extent': coordinate operation creation from WKT failed: Unknown error (code 4096)\n"
attr(,"class")
[1] "try-error"
attr(,"condition")
<simpleError in h(simpleError(msg, call)): error in evaluating the argument 'x' in selecting a method for function 'extent': coordinate operation creation from WKT failed: Unknown error (code 4096)>

[[322]]
[1] "Error in h(simpleError(msg, call)) : \n  error in evaluating the argument 'x' in selecting a method for function 'extent': coordinate operation creation from WKT failed: Unknown error (code 4096)\n"
attr(,"class")
[1] "try-error"
attr(,"condition")
<simpleError in h(simpleError(msg, call)): error in evaluating the argument 'x' in selecting a method for function 'extent': coordinate operation creation from WKT failed: Unknown error (code 4096)>

[[323]]
[1] "Error in h(simpleError(msg, call)) : \n  error in evaluating the argument 'x' in selecting a method for function 'extent': coordinate operation creation from WKT failed: Unknown error (code 4096)\n"
attr(,"class")
[1] "try-error"
attr(,"condition")
<simpleError in h(simpleError(msg, call)): error in evaluating the argument 'x' in selecting a method for function 'extent': coordinate operation creation from WKT failed: Unknown error (code 4096)>

[[324]]
[1] "Error in h(simpleError(msg, call)) : \n  error in evaluating the argument 'x' in selecting a method for function 'extent': target crs creation failed: Unknown error (code 4096)\n"
attr(,"class")
[1] "try-error"
attr(,"condition")
<simpleError in h(simpleError(msg, call)): error in evaluating the argument 'x' in selecting a method for function 'extent': target crs creation failed: Unknown error (code 4096)>

[[325]]
[1] "Error in rgdal::rawTransform(projto_int, projfrom, nrow(xy), xy[, 1],  : \n  coordinate operation creation from WKT failed: Unknown error (code 4096)\n"
attr(,"class")
[1] "try-error"
attr(,"condition")
<simpleError in rgdal::rawTransform(projto_int, projfrom, nrow(xy), xy[, 1],     xy[, 2], wkt = use_proj6): coordinate operation creation from WKT failed: Unknown error (code 4096)>

[[326]]
[1] "Error in .rasterObjectFromFile(x, band = band, objecttype = \"RasterLayer\",  : \n  Cannot create a RasterLayer object from this file.\n"
attr(,"class")
[1] "try-error"
attr(,"condition")
<simpleError in .rasterObjectFromFile(x, band = band, objecttype = "RasterLayer",     ...): Cannot create a RasterLayer object from this file.>

[[327]]
[1] "Error in h(simpleError(msg, call)) : \n  error in evaluating the argument 'x' in selecting a method for function 'extent': coordinate operation creation from WKT failed: Unknown error (code 4096)\n"
attr(,"class")
[1] "try-error"
attr(,"condition")
<simpleError in h(simpleError(msg, call)): error in evaluating the argument 'x' in selecting a method for function 'extent': coordinate operation creation from WKT failed: Unknown error (code 4096)>

[[328]]
[1] "Error in rgdal::rawTransform(projto_int, projfrom, nrow(xy), xy[, 1],  : \n  coordinate operation creation from WKT failed: Unknown error (code 4096)\n"
attr(,"class")
[1] "try-error"
attr(,"condition")
<simpleError in rgdal::rawTransform(projto_int, projfrom, nrow(xy), xy[, 1],     xy[, 2], wkt = use_proj6): coordinate operation creation from WKT failed: Unknown error (code 4096)>

[[329]]
[1] "Error in rgdal::rawTransform(projto_int, projfrom, nrow(xy), xy[, 1],  : \n  coordinate operation creation from WKT failed: Unknown error (code 4096)\n"
attr(,"class")
[1] "try-error"
attr(,"condition")
<simpleError in rgdal::rawTransform(projto_int, projfrom, nrow(xy), xy[, 1],     xy[, 2], wkt = use_proj6): coordinate operation creation from WKT failed: Unknown error (code 4096)>

[[330]]
class      : RasterLayer 
dimensions : 12027, 24053, 289285431  (nrow, ncol, ncell)
resolution : 1500.029, 1499.966  (x, y)
extent     : -18040096, 18040096, -9020048, 9020048  (xmin, xmax, ymin, ymax)
crs        : +proj=moll +lon_0=0 +x_0=0 +y_0=0 +ellps=WGS84 +units=m +no_defs 
source     : CMIP6 January Mollweide.tif 
names      : CMIP6_January_Mollweide 
values     : 0.001378899, 19.62581  (min, max)


[[331]]
NULL

[[332]]
[1] "Error in h(simpleError(msg, call)) : \n  error in evaluating the argument 'x' in selecting a method for function 'extent': coordinate operation creation from WKT failed: Unknown error (code 4096)\n"
attr(,"class")
[1] "try-error"
attr(,"condition")
<simpleError in h(simpleError(msg, call)): error in evaluating the argument 'x' in selecting a method for function 'extent': coordinate operation creation from WKT failed: Unknown error (code 4096)>

[[333]]
[1] "Error in h(simpleError(msg, call)) : \n  error in evaluating the argument 'x' in selecting a method for function 'extent': coordinate operation creation from WKT failed: Unknown error (code 4096)\n"
attr(,"class")
[1] "try-error"
attr(,"condition")
<simpleError in h(simpleError(msg, call)): error in evaluating the argument 'x' in selecting a method for function 'extent': coordinate operation creation from WKT failed: Unknown error (code 4096)>

[[334]]
[1] "Error in h(simpleError(msg, call)) : \n  error in evaluating the argument 'x' in selecting a method for function 'extent': coordinate operation creation from WKT failed: Unknown error (code 4096)\n"
attr(,"class")
[1] "try-error"
attr(,"condition")
<simpleError in h(simpleError(msg, call)): error in evaluating the argument 'x' in selecting a method for function 'extent': coordinate operation creation from WKT failed: Unknown error (code 4096)>

[[335]]
[1] "Error in h(simpleError(msg, call)) : \n  error in evaluating the argument 'x' in selecting a method for function 'extent': target crs creation failed: Unknown error (code 4096)\n"
attr(,"class")
[1] "try-error"
attr(,"condition")
<simpleError in h(simpleError(msg, call)): error in evaluating the argument 'x' in selecting a method for function 'extent': target crs creation failed: Unknown error (code 4096)>

[[336]]
[1] "Error in h(simpleError(msg, call)) : \n  error in evaluating the argument 'x' in selecting a method for function 'extent': coordinate operation creation from WKT failed: Unknown error (code 4096)\n"
attr(,"class")
[1] "try-error"
attr(,"condition")
<simpleError in h(simpleError(msg, call)): error in evaluating the argument 'x' in selecting a method for function 'extent': coordinate operation creation from WKT failed: Unknown error (code 4096)>

[[337]]
[1] "Error in h(simpleError(msg, call)) : \n  error in evaluating the argument 'x' in selecting a method for function 'extent': coordinate operation creation from WKT failed: Unknown error (code 4096)\n"
attr(,"class")
[1] "try-error"
attr(,"condition")
<simpleError in h(simpleError(msg, call)): error in evaluating the argument 'x' in selecting a method for function 'extent': coordinate operation creation from WKT failed: Unknown error (code 4096)>

[[338]]
[1] "Error in h(simpleError(msg, call)) : \n  error in evaluating the argument 'x' in selecting a method for function 'extent': coordinate operation creation from WKT failed: Unknown error (code 4096)\n"
attr(,"class")
[1] "try-error"
attr(,"condition")
<simpleError in h(simpleError(msg, call)): error in evaluating the argument 'x' in selecting a method for function 'extent': coordinate operation creation from WKT failed: Unknown error (code 4096)>

[[339]]
[1] "Error in h(simpleError(msg, call)) : \n  error in evaluating the argument 'x' in selecting a method for function 'extent': target crs creation failed: Unknown error (code 4096)\n"
attr(,"class")
[1] "try-error"
attr(,"condition")
<simpleError in h(simpleError(msg, call)): error in evaluating the argument 'x' in selecting a method for function 'extent': target crs creation failed: Unknown error (code 4096)>

[[340]]
[1] "Error in rgdal::rawTransform(projto_int, projfrom, nrow(xy), xy[, 1],  : \n  coordinate operation creation from WKT failed: Unknown error (code 4096)\n"
attr(,"class")
[1] "try-error"
attr(,"condition")
<simpleError in rgdal::rawTransform(projto_int, projfrom, nrow(xy), xy[, 1],     xy[, 2], wkt = use_proj6): coordinate operation creation from WKT failed: Unknown error (code 4096)>

[[341]]
[1] "Error in .rasterObjectFromFile(x, band = band, objecttype = \"RasterLayer\",  : \n  Cannot create a RasterLayer object from this file.\n"
attr(,"class")
[1] "try-error"
attr(,"condition")
<simpleError in .rasterObjectFromFile(x, band = band, objecttype = "RasterLayer",     ...): Cannot create a RasterLayer object from this file.>

[[342]]
[1] "Error in h(simpleError(msg, call)) : \n  error in evaluating the argument 'x' in selecting a method for function 'extent': coordinate operation creation from WKT failed: Unknown error (code 4096)\n"
attr(,"class")
[1] "try-error"
attr(,"condition")
<simpleError in h(simpleError(msg, call)): error in evaluating the argument 'x' in selecting a method for function 'extent': coordinate operation creation from WKT failed: Unknown error (code 4096)>

[[343]]
[1] "Error in rgdal::rawTransform(projto_int, projfrom, nrow(xy), xy[, 1],  : \n  coordinate operation creation from WKT failed: Unknown error (code 4096)\n"
attr(,"class")
[1] "try-error"
attr(,"condition")
<simpleError in rgdal::rawTransform(projto_int, projfrom, nrow(xy), xy[, 1],     xy[, 2], wkt = use_proj6): coordinate operation creation from WKT failed: Unknown error (code 4096)>

[[344]]
[1] "Error in rgdal::rawTransform(projto_int, projfrom, nrow(xy), xy[, 1],  : \n  coordinate operation creation from WKT failed: Unknown error (code 4096)\n"
attr(,"class")
[1] "try-error"
attr(,"condition")
<simpleError in rgdal::rawTransform(projto_int, projfrom, nrow(xy), xy[, 1],     xy[, 2], wkt = use_proj6): coordinate operation creation from WKT failed: Unknown error (code 4096)>

[[345]]
class      : RasterLayer 
dimensions : 12027, 24053, 289285431  (nrow, ncol, ncell)
resolution : 1500.029, 1499.966  (x, y)
extent     : -18040096, 18040096, -9020048, 9020048  (xmin, xmax, ymin, ymax)
crs        : +proj=moll +lon_0=0 +x_0=0 +y_0=0 +ellps=WGS84 +units=m +no_defs 
source     : CMIP6 March Mollweide.tif 
names      : CMIP6_March_Mollweide 
values     : 0.01606556, 22.41244  (min, max)


[[346]]
NULL

[[347]]
[1] "Error in h(simpleError(msg, call)) : \n  error in evaluating the argument 'x' in selecting a method for function 'extent': coordinate operation creation from WKT failed: Unknown error (code 4096)\n"
attr(,"class")
[1] "try-error"
attr(,"condition")
<simpleError in h(simpleError(msg, call)): error in evaluating the argument 'x' in selecting a method for function 'extent': coordinate operation creation from WKT failed: Unknown error (code 4096)>

[[348]]
[1] "Error in h(simpleError(msg, call)) : \n  error in evaluating the argument 'x' in selecting a method for function 'extent': coordinate operation creation from WKT failed: Unknown error (code 4096)\n"
attr(,"class")
[1] "try-error"
attr(,"condition")
<simpleError in h(simpleError(msg, call)): error in evaluating the argument 'x' in selecting a method for function 'extent': coordinate operation creation from WKT failed: Unknown error (code 4096)>

[[349]]
[1] "Error in h(simpleError(msg, call)) : \n  error in evaluating the argument 'x' in selecting a method for function 'extent': coordinate operation creation from WKT failed: Unknown error (code 4096)\n"
attr(,"class")
[1] "try-error"
attr(,"condition")
<simpleError in h(simpleError(msg, call)): error in evaluating the argument 'x' in selecting a method for function 'extent': coordinate operation creation from WKT failed: Unknown error (code 4096)>

[[350]]
[1] "Error in h(simpleError(msg, call)) : \n  error in evaluating the argument 'x' in selecting a method for function 'extent': target crs creation failed: Unknown error (code 4096)\n"
attr(,"class")
[1] "try-error"
attr(,"condition")
<simpleError in h(simpleError(msg, call)): error in evaluating the argument 'x' in selecting a method for function 'extent': target crs creation failed: Unknown error (code 4096)>

[[351]]
[1] "Error in h(simpleError(msg, call)) : \n  error in evaluating the argument 'x' in selecting a method for function 'extent': coordinate operation creation from WKT failed: Unknown error (code 4096)\n"
attr(,"class")
[1] "try-error"
attr(,"condition")
<simpleError in h(simpleError(msg, call)): error in evaluating the argument 'x' in selecting a method for function 'extent': coordinate operation creation from WKT failed: Unknown error (code 4096)>

[[352]]
[1] "Error in h(simpleError(msg, call)) : \n  error in evaluating the argument 'x' in selecting a method for function 'extent': coordinate operation creation from WKT failed: Unknown error (code 4096)\n"
attr(,"class")
[1] "try-error"
attr(,"condition")
<simpleError in h(simpleError(msg, call)): error in evaluating the argument 'x' in selecting a method for function 'extent': coordinate operation creation from WKT failed: Unknown error (code 4096)>

[[353]]
[1] "Error in h(simpleError(msg, call)) : \n  error in evaluating the argument 'x' in selecting a method for function 'extent': coordinate operation creation from WKT failed: Unknown error (code 4096)\n"
attr(,"class")
[1] "try-error"
attr(,"condition")
<simpleError in h(simpleError(msg, call)): error in evaluating the argument 'x' in selecting a method for function 'extent': coordinate operation creation from WKT failed: Unknown error (code 4096)>

[[354]]
[1] "Error in h(simpleError(msg, call)) : \n  error in evaluating the argument 'x' in selecting a method for function 'extent': target crs creation failed: Unknown error (code 4096)\n"
attr(,"class")
[1] "try-error"
attr(,"condition")
<simpleError in h(simpleError(msg, call)): error in evaluating the argument 'x' in selecting a method for function 'extent': target crs creation failed: Unknown error (code 4096)>

[[355]]
[1] "Error in rgdal::rawTransform(projto_int, projfrom, nrow(xy), xy[, 1],  : \n  coordinate operation creation from WKT failed: Unknown error (code 4096)\n"
attr(,"class")
[1] "try-error"
attr(,"condition")
<simpleError in rgdal::rawTransform(projto_int, projfrom, nrow(xy), xy[, 1],     xy[, 2], wkt = use_proj6): coordinate operation creation from WKT failed: Unknown error (code 4096)>

[[356]]
[1] "Error in .rasterObjectFromFile(x, band = band, objecttype = \"RasterLayer\",  : \n  Cannot create a RasterLayer object from this file.\n"
attr(,"class")
[1] "try-error"
attr(,"condition")
<simpleError in .rasterObjectFromFile(x, band = band, objecttype = "RasterLayer",     ...): Cannot create a RasterLayer object from this file.>

[[357]]
[1] "Error in h(simpleError(msg, call)) : \n  error in evaluating the argument 'x' in selecting a method for function 'extent': coordinate operation creation from WKT failed: Unknown error (code 4096)\n"
attr(,"class")
[1] "try-error"
attr(,"condition")
<simpleError in h(simpleError(msg, call)): error in evaluating the argument 'x' in selecting a method for function 'extent': coordinate operation creation from WKT failed: Unknown error (code 4096)>

[[358]]
[1] "Error in rgdal::rawTransform(projto_int, projfrom, nrow(xy), xy[, 1],  : \n  coordinate operation creation from WKT failed: Unknown error (code 4096)\n"
attr(,"class")
[1] "try-error"
attr(,"condition")
<simpleError in rgdal::rawTransform(projto_int, projfrom, nrow(xy), xy[, 1],     xy[, 2], wkt = use_proj6): coordinate operation creation from WKT failed: Unknown error (code 4096)>

[[359]]
[1] "Error in rgdal::rawTransform(projto_int, projfrom, nrow(xy), xy[, 1],  : \n  coordinate operation creation from WKT failed: Unknown error (code 4096)\n"
attr(,"class")
[1] "try-error"
attr(,"condition")
<simpleError in rgdal::rawTransform(projto_int, projfrom, nrow(xy), xy[, 1],     xy[, 2], wkt = use_proj6): coordinate operation creation from WKT failed: Unknown error (code 4096)>

[[360]]
class      : RasterLayer 
dimensions : 12027, 24053, 289285431  (nrow, ncol, ncell)
resolution : 1500.029, 1499.966  (x, y)
extent     : -18040096, 18040096, -9020048, 9020048  (xmin, xmax, ymin, ymax)
crs        : +proj=moll +lon_0=0 +x_0=0 +y_0=0 +ellps=WGS84 +units=m +no_defs 
source     : CMIP6 October Mollweide.tif 
names      : CMIP6_October_Mollweide 
values     : -54.11146, 33.15195  (min, max)


[[361]]
NULL

[[362]]
[1] "Error in h(simpleError(msg, call)) : \n  error in evaluating the argument 'x' in selecting a method for function 'extent': coordinate operation creation from WKT failed: Unknown error (code 4096)\n"
attr(,"class")
[1] "try-error"
attr(,"condition")
<simpleError in h(simpleError(msg, call)): error in evaluating the argument 'x' in selecting a method for function 'extent': coordinate operation creation from WKT failed: Unknown error (code 4096)>

[[363]]
[1] "Error in h(simpleError(msg, call)) : \n  error in evaluating the argument 'x' in selecting a method for function 'extent': coordinate operation creation from WKT failed: Unknown error (code 4096)\n"
attr(,"class")
[1] "try-error"
attr(,"condition")
<simpleError in h(simpleError(msg, call)): error in evaluating the argument 'x' in selecting a method for function 'extent': coordinate operation creation from WKT failed: Unknown error (code 4096)>

[[364]]
[1] "Error in h(simpleError(msg, call)) : \n  error in evaluating the argument 'x' in selecting a method for function 'extent': coordinate operation creation from WKT failed: Unknown error (code 4096)\n"
attr(,"class")
[1] "try-error"
attr(,"condition")
<simpleError in h(simpleError(msg, call)): error in evaluating the argument 'x' in selecting a method for function 'extent': coordinate operation creation from WKT failed: Unknown error (code 4096)>

[[365]]
[1] "Error in h(simpleError(msg, call)) : \n  error in evaluating the argument 'x' in selecting a method for function 'extent': target crs creation failed: Unknown error (code 4096)\n"
attr(,"class")
[1] "try-error"
attr(,"condition")
<simpleError in h(simpleError(msg, call)): error in evaluating the argument 'x' in selecting a method for function 'extent': target crs creation failed: Unknown error (code 4096)>

[[366]]
[1] "Error in h(simpleError(msg, call)) : \n  error in evaluating the argument 'x' in selecting a method for function 'extent': coordinate operation creation from WKT failed: Unknown error (code 4096)\n"
attr(,"class")
[1] "try-error"
attr(,"condition")
<simpleError in h(simpleError(msg, call)): error in evaluating the argument 'x' in selecting a method for function 'extent': coordinate operation creation from WKT failed: Unknown error (code 4096)>

[[367]]
[1] "Error in h(simpleError(msg, call)) : \n  error in evaluating the argument 'x' in selecting a method for function 'extent': coordinate operation creation from WKT failed: Unknown error (code 4096)\n"
attr(,"class")
[1] "try-error"
attr(,"condition")
<simpleError in h(simpleError(msg, call)): error in evaluating the argument 'x' in selecting a method for function 'extent': coordinate operation creation from WKT failed: Unknown error (code 4096)>

[[368]]
[1] "Error in h(simpleError(msg, call)) : \n  error in evaluating the argument 'x' in selecting a method for function 'extent': coordinate operation creation from WKT failed: Unknown error (code 4096)\n"
attr(,"class")
[1] "try-error"
attr(,"condition")
<simpleError in h(simpleError(msg, call)): error in evaluating the argument 'x' in selecting a method for function 'extent': coordinate operation creation from WKT failed: Unknown error (code 4096)>

[[369]]
[1] "Error in h(simpleError(msg, call)) : \n  error in evaluating the argument 'x' in selecting a method for function 'extent': target crs creation failed: Unknown error (code 4096)\n"
attr(,"class")
[1] "try-error"
attr(,"condition")
<simpleError in h(simpleError(msg, call)): error in evaluating the argument 'x' in selecting a method for function 'extent': target crs creation failed: Unknown error (code 4096)>

[[370]]
[1] "Error in rgdal::rawTransform(projto_int, projfrom, nrow(xy), xy[, 1],  : \n  coordinate operation creation from WKT failed: Unknown error (code 4096)\n"
attr(,"class")
[1] "try-error"
attr(,"condition")
<simpleError in rgdal::rawTransform(projto_int, projfrom, nrow(xy), xy[, 1],     xy[, 2], wkt = use_proj6): coordinate operation creation from WKT failed: Unknown error (code 4096)>

[[371]]
[1] "Error in .rasterObjectFromFile(x, band = band, objecttype = \"RasterLayer\",  : \n  Cannot create a RasterLayer object from this file.\n"
attr(,"class")
[1] "try-error"
attr(,"condition")
<simpleError in .rasterObjectFromFile(x, band = band, objecttype = "RasterLayer",     ...): Cannot create a RasterLayer object from this file.>

[[372]]
[1] "Error in h(simpleError(msg, call)) : \n  error in evaluating the argument 'x' in selecting a method for function 'extent': coordinate operation creation from WKT failed: Unknown error (code 4096)\n"
attr(,"class")
[1] "try-error"
attr(,"condition")
<simpleError in h(simpleError(msg, call)): error in evaluating the argument 'x' in selecting a method for function 'extent': coordinate operation creation from WKT failed: Unknown error (code 4096)>

[[373]]
[1] "Error in rgdal::rawTransform(projto_int, projfrom, nrow(xy), xy[, 1],  : \n  coordinate operation creation from WKT failed: Unknown error (code 4096)\n"
attr(,"class")
[1] "try-error"
attr(,"condition")
<simpleError in rgdal::rawTransform(projto_int, projfrom, nrow(xy), xy[, 1],     xy[, 2], wkt = use_proj6): coordinate operation creation from WKT failed: Unknown error (code 4096)>

[[374]]
[1] "Error in rgdal::rawTransform(projto_int, projfrom, nrow(xy), xy[, 1],  : \n  coordinate operation creation from WKT failed: Unknown error (code 4096)\n"
attr(,"class")
[1] "try-error"
attr(,"condition")
<simpleError in rgdal::rawTransform(projto_int, projfrom, nrow(xy), xy[, 1],     xy[, 2], wkt = use_proj6): coordinate operation creation from WKT failed: Unknown error (code 4096)>

[[375]]
class      : RasterLayer 
dimensions : 12027, 24053, 289285431  (nrow, ncol, ncell)
resolution : 1500.029, 1499.966  (x, y)
extent     : -18040096, 18040096, -9020048, 9020048  (xmin, xmax, ymin, ymax)
crs        : +proj=moll +lon_0=0 +x_0=0 +y_0=0 +ellps=WGS84 +units=m +no_defs 
source     : CMIP6 August Mollweide.tif 
names      : CMIP6_August_Mollweide 
values     : -61.06637, 41.13002  (min, max)


[[376]]
NULL

[[377]]
[1] "Error in h(simpleError(msg, call)) : \n  error in evaluating the argument 'x' in selecting a method for function 'extent': coordinate operation creation from WKT failed: Unknown error (code 4096)\n"
attr(,"class")
[1] "try-error"
attr(,"condition")
<simpleError in h(simpleError(msg, call)): error in evaluating the argument 'x' in selecting a method for function 'extent': coordinate operation creation from WKT failed: Unknown error (code 4096)>

[[378]]
[1] "Error in h(simpleError(msg, call)) : \n  error in evaluating the argument 'x' in selecting a method for function 'extent': coordinate operation creation from WKT failed: Unknown error (code 4096)\n"
attr(,"class")
[1] "try-error"
attr(,"condition")
<simpleError in h(simpleError(msg, call)): error in evaluating the argument 'x' in selecting a method for function 'extent': coordinate operation creation from WKT failed: Unknown error (code 4096)>

[[379]]
[1] "Error in h(simpleError(msg, call)) : \n  error in evaluating the argument 'x' in selecting a method for function 'extent': coordinate operation creation from WKT failed: Unknown error (code 4096)\n"
attr(,"class")
[1] "try-error"
attr(,"condition")
<simpleError in h(simpleError(msg, call)): error in evaluating the argument 'x' in selecting a method for function 'extent': coordinate operation creation from WKT failed: Unknown error (code 4096)>

[[380]]
[1] "Error in h(simpleError(msg, call)) : \n  error in evaluating the argument 'x' in selecting a method for function 'extent': target crs creation failed: Unknown error (code 4096)\n"
attr(,"class")
[1] "try-error"
attr(,"condition")
<simpleError in h(simpleError(msg, call)): error in evaluating the argument 'x' in selecting a method for function 'extent': target crs creation failed: Unknown error (code 4096)>

[[381]]
[1] "Error in h(simpleError(msg, call)) : \n  error in evaluating the argument 'x' in selecting a method for function 'extent': coordinate operation creation from WKT failed: Unknown error (code 4096)\n"
attr(,"class")
[1] "try-error"
attr(,"condition")
<simpleError in h(simpleError(msg, call)): error in evaluating the argument 'x' in selecting a method for function 'extent': coordinate operation creation from WKT failed: Unknown error (code 4096)>

[[382]]
[1] "Error in h(simpleError(msg, call)) : \n  error in evaluating the argument 'x' in selecting a method for function 'extent': coordinate operation creation from WKT failed: Unknown error (code 4096)\n"
attr(,"class")
[1] "try-error"
attr(,"condition")
<simpleError in h(simpleError(msg, call)): error in evaluating the argument 'x' in selecting a method for function 'extent': coordinate operation creation from WKT failed: Unknown error (code 4096)>

[[383]]
[1] "Error in h(simpleError(msg, call)) : \n  error in evaluating the argument 'x' in selecting a method for function 'extent': coordinate operation creation from WKT failed: Unknown error (code 4096)\n"
attr(,"class")
[1] "try-error"
attr(,"condition")
<simpleError in h(simpleError(msg, call)): error in evaluating the argument 'x' in selecting a method for function 'extent': coordinate operation creation from WKT failed: Unknown error (code 4096)>

[[384]]
[1] "Error in h(simpleError(msg, call)) : \n  error in evaluating the argument 'x' in selecting a method for function 'extent': target crs creation failed: Unknown error (code 4096)\n"
attr(,"class")
[1] "try-error"
attr(,"condition")
<simpleError in h(simpleError(msg, call)): error in evaluating the argument 'x' in selecting a method for function 'extent': target crs creation failed: Unknown error (code 4096)>

[[385]]
[1] "Error in rgdal::rawTransform(projto_int, projfrom, nrow(xy), xy[, 1],  : \n  coordinate operation creation from WKT failed: Unknown error (code 4096)\n"
attr(,"class")
[1] "try-error"
attr(,"condition")
<simpleError in rgdal::rawTransform(projto_int, projfrom, nrow(xy), xy[, 1],     xy[, 2], wkt = use_proj6): coordinate operation creation from WKT failed: Unknown error (code 4096)>

[[386]]
[1] "Error in .rasterObjectFromFile(x, band = band, objecttype = \"RasterLayer\",  : \n  Cannot create a RasterLayer object from this file.\n"
attr(,"class")
[1] "try-error"
attr(,"condition")
<simpleError in .rasterObjectFromFile(x, band = band, objecttype = "RasterLayer",     ...): Cannot create a RasterLayer object from this file.>

[[387]]
[1] "Error in h(simpleError(msg, call)) : \n  error in evaluating the argument 'x' in selecting a method for function 'extent': coordinate operation creation from WKT failed: Unknown error (code 4096)\n"
attr(,"class")
[1] "try-error"
attr(,"condition")
<simpleError in h(simpleError(msg, call)): error in evaluating the argument 'x' in selecting a method for function 'extent': coordinate operation creation from WKT failed: Unknown error (code 4096)>

[[388]]
[1] "Error in rgdal::rawTransform(projto_int, projfrom, nrow(xy), xy[, 1],  : \n  coordinate operation creation from WKT failed: Unknown error (code 4096)\n"
attr(,"class")
[1] "try-error"
attr(,"condition")
<simpleError in rgdal::rawTransform(projto_int, projfrom, nrow(xy), xy[, 1],     xy[, 2], wkt = use_proj6): coordinate operation creation from WKT failed: Unknown error (code 4096)>

[[389]]
[1] "Error in rgdal::rawTransform(projto_int, projfrom, nrow(xy), xy[, 1],  : \n  coordinate operation creation from WKT failed: Unknown error (code 4096)\n"
attr(,"class")
[1] "try-error"
attr(,"condition")
<simpleError in rgdal::rawTransform(projto_int, projfrom, nrow(xy), xy[, 1],     xy[, 2], wkt = use_proj6): coordinate operation creation from WKT failed: Unknown error (code 4096)>

[[390]]
class      : RasterLayer 
dimensions : 12027, 24053, 289285431  (nrow, ncol, ncell)
resolution : 1500.029, 1499.966  (x, y)
extent     : -18040096, 18040096, -9020048, 9020048  (xmin, xmax, ymin, ymax)
crs        : +proj=moll +lon_0=0 +x_0=0 +y_0=0 +ellps=WGS84 +units=m +no_defs 
source     : CMIP6 January Mollweide.tif 
names      : CMIP6_January_Mollweide 
values     : -37.18467, 35.21767  (min, max)


[[391]]
NULL

[[392]]
[1] "Error in h(simpleError(msg, call)) : \n  error in evaluating the argument 'x' in selecting a method for function 'extent': coordinate operation creation from WKT failed: Unknown error (code 4096)\n"
attr(,"class")
[1] "try-error"
attr(,"condition")
<simpleError in h(simpleError(msg, call)): error in evaluating the argument 'x' in selecting a method for function 'extent': coordinate operation creation from WKT failed: Unknown error (code 4096)>

[[393]]
[1] "Error in h(simpleError(msg, call)) : \n  error in evaluating the argument 'x' in selecting a method for function 'extent': coordinate operation creation from WKT failed: Unknown error (code 4096)\n"
attr(,"class")
[1] "try-error"
attr(,"condition")
<simpleError in h(simpleError(msg, call)): error in evaluating the argument 'x' in selecting a method for function 'extent': coordinate operation creation from WKT failed: Unknown error (code 4096)>

[[394]]
[1] "Error in h(simpleError(msg, call)) : \n  error in evaluating the argument 'x' in selecting a method for function 'extent': coordinate operation creation from WKT failed: Unknown error (code 4096)\n"
attr(,"class")
[1] "try-error"
attr(,"condition")
<simpleError in h(simpleError(msg, call)): error in evaluating the argument 'x' in selecting a method for function 'extent': coordinate operation creation from WKT failed: Unknown error (code 4096)>

[[395]]
[1] "Error in h(simpleError(msg, call)) : \n  error in evaluating the argument 'x' in selecting a method for function 'extent': target crs creation failed: Unknown error (code 4096)\n"
attr(,"class")
[1] "try-error"
attr(,"condition")
<simpleError in h(simpleError(msg, call)): error in evaluating the argument 'x' in selecting a method for function 'extent': target crs creation failed: Unknown error (code 4096)>

[[396]]
[1] "Error in h(simpleError(msg, call)) : \n  error in evaluating the argument 'x' in selecting a method for function 'extent': coordinate operation creation from WKT failed: Unknown error (code 4096)\n"
attr(,"class")
[1] "try-error"
attr(,"condition")
<simpleError in h(simpleError(msg, call)): error in evaluating the argument 'x' in selecting a method for function 'extent': coordinate operation creation from WKT failed: Unknown error (code 4096)>

[[397]]
[1] "Error in h(simpleError(msg, call)) : \n  error in evaluating the argument 'x' in selecting a method for function 'extent': coordinate operation creation from WKT failed: Unknown error (code 4096)\n"
attr(,"class")
[1] "try-error"
attr(,"condition")
<simpleError in h(simpleError(msg, call)): error in evaluating the argument 'x' in selecting a method for function 'extent': coordinate operation creation from WKT failed: Unknown error (code 4096)>

[[398]]
[1] "Error in h(simpleError(msg, call)) : \n  error in evaluating the argument 'x' in selecting a method for function 'extent': coordinate operation creation from WKT failed: Unknown error (code 4096)\n"
attr(,"class")
[1] "try-error"
attr(,"condition")
<simpleError in h(simpleError(msg, call)): error in evaluating the argument 'x' in selecting a method for function 'extent': coordinate operation creation from WKT failed: Unknown error (code 4096)>

[[399]]
[1] "Error in h(simpleError(msg, call)) : \n  error in evaluating the argument 'x' in selecting a method for function 'extent': target crs creation failed: Unknown error (code 4096)\n"
attr(,"class")
[1] "try-error"
attr(,"condition")
<simpleError in h(simpleError(msg, call)): error in evaluating the argument 'x' in selecting a method for function 'extent': target crs creation failed: Unknown error (code 4096)>

[[400]]
[1] "Error in rgdal::rawTransform(projto_int, projfrom, nrow(xy), xy[, 1],  : \n  coordinate operation creation from WKT failed: Unknown error (code 4096)\n"
attr(,"class")
[1] "try-error"
attr(,"condition")
<simpleError in rgdal::rawTransform(projto_int, projfrom, nrow(xy), xy[, 1],     xy[, 2], wkt = use_proj6): coordinate operation creation from WKT failed: Unknown error (code 4096)>

[[401]]
[1] "Error in .rasterObjectFromFile(x, band = band, objecttype = \"RasterLayer\",  : \n  Cannot create a RasterLayer object from this file.\n"
attr(,"class")
[1] "try-error"
attr(,"condition")
<simpleError in .rasterObjectFromFile(x, band = band, objecttype = "RasterLayer",     ...): Cannot create a RasterLayer object from this file.>

[[402]]
[1] "Error in h(simpleError(msg, call)) : \n  error in evaluating the argument 'x' in selecting a method for function 'extent': coordinate operation creation from WKT failed: Unknown error (code 4096)\n"
attr(,"class")
[1] "try-error"
attr(,"condition")
<simpleError in h(simpleError(msg, call)): error in evaluating the argument 'x' in selecting a method for function 'extent': coordinate operation creation from WKT failed: Unknown error (code 4096)>

[[403]]
[1] "Error in rgdal::rawTransform(projto_int, projfrom, nrow(xy), xy[, 1],  : \n  coordinate operation creation from WKT failed: Unknown error (code 4096)\n"
attr(,"class")
[1] "try-error"
attr(,"condition")
<simpleError in rgdal::rawTransform(projto_int, projfrom, nrow(xy), xy[, 1],     xy[, 2], wkt = use_proj6): coordinate operation creation from WKT failed: Unknown error (code 4096)>

[[404]]
[1] "Error in rgdal::rawTransform(projto_int, projfrom, nrow(xy), xy[, 1],  : \n  coordinate operation creation from WKT failed: Unknown error (code 4096)\n"
attr(,"class")
[1] "try-error"
attr(,"condition")
<simpleError in rgdal::rawTransform(projto_int, projfrom, nrow(xy), xy[, 1],     xy[, 2], wkt = use_proj6): coordinate operation creation from WKT failed: Unknown error (code 4096)>

[[405]]
class      : RasterLayer 
dimensions : 12027, 24053, 289285431  (nrow, ncol, ncell)
resolution : 1500.029, 1499.966  (x, y)
extent     : -18040096, 18040096, -9020048, 9020048  (xmin, xmax, ymin, ymax)
crs        : +proj=moll +lon_0=0 +x_0=0 +y_0=0 +ellps=WGS84 +units=m +no_defs 
source     : CMIP6 May Mollweide.tif 
names      : CMIP6_May_Mollweide 
values     : -65.07462, 29.95549  (min, max)


[[406]]
NULL

[[407]]
[1] "Error in h(simpleError(msg, call)) : \n  error in evaluating the argument 'x' in selecting a method for function 'extent': coordinate operation creation from WKT failed: Unknown error (code 4096)\n"
attr(,"class")
[1] "try-error"
attr(,"condition")
<simpleError in h(simpleError(msg, call)): error in evaluating the argument 'x' in selecting a method for function 'extent': coordinate operation creation from WKT failed: Unknown error (code 4096)>

[[408]]
[1] "Error in h(simpleError(msg, call)) : \n  error in evaluating the argument 'x' in selecting a method for function 'extent': coordinate operation creation from WKT failed: Unknown error (code 4096)\n"
attr(,"class")
[1] "try-error"
attr(,"condition")
<simpleError in h(simpleError(msg, call)): error in evaluating the argument 'x' in selecting a method for function 'extent': coordinate operation creation from WKT failed: Unknown error (code 4096)>

[[409]]
[1] "Error in h(simpleError(msg, call)) : \n  error in evaluating the argument 'x' in selecting a method for function 'extent': coordinate operation creation from WKT failed: Unknown error (code 4096)\n"
attr(,"class")
[1] "try-error"
attr(,"condition")
<simpleError in h(simpleError(msg, call)): error in evaluating the argument 'x' in selecting a method for function 'extent': coordinate operation creation from WKT failed: Unknown error (code 4096)>

[[410]]
[1] "Error in h(simpleError(msg, call)) : \n  error in evaluating the argument 'x' in selecting a method for function 'extent': target crs creation failed: Unknown error (code 4096)\n"
attr(,"class")
[1] "try-error"
attr(,"condition")
<simpleError in h(simpleError(msg, call)): error in evaluating the argument 'x' in selecting a method for function 'extent': target crs creation failed: Unknown error (code 4096)>

[[411]]
[1] "Error in h(simpleError(msg, call)) : \n  error in evaluating the argument 'x' in selecting a method for function 'extent': coordinate operation creation from WKT failed: Unknown error (code 4096)\n"
attr(,"class")
[1] "try-error"
attr(,"condition")
<simpleError in h(simpleError(msg, call)): error in evaluating the argument 'x' in selecting a method for function 'extent': coordinate operation creation from WKT failed: Unknown error (code 4096)>

[[412]]
[1] "Error in h(simpleError(msg, call)) : \n  error in evaluating the argument 'x' in selecting a method for function 'extent': coordinate operation creation from WKT failed: Unknown error (code 4096)\n"
attr(,"class")
[1] "try-error"
attr(,"condition")
<simpleError in h(simpleError(msg, call)): error in evaluating the argument 'x' in selecting a method for function 'extent': coordinate operation creation from WKT failed: Unknown error (code 4096)>

[[413]]
[1] "Error in h(simpleError(msg, call)) : \n  error in evaluating the argument 'x' in selecting a method for function 'extent': coordinate operation creation from WKT failed: Unknown error (code 4096)\n"
attr(,"class")
[1] "try-error"
attr(,"condition")
<simpleError in h(simpleError(msg, call)): error in evaluating the argument 'x' in selecting a method for function 'extent': coordinate operation creation from WKT failed: Unknown error (code 4096)>

[[414]]
[1] "Error in h(simpleError(msg, call)) : \n  error in evaluating the argument 'x' in selecting a method for function 'extent': target crs creation failed: Unknown error (code 4096)\n"
attr(,"class")
[1] "try-error"
attr(,"condition")
<simpleError in h(simpleError(msg, call)): error in evaluating the argument 'x' in selecting a method for function 'extent': target crs creation failed: Unknown error (code 4096)>

[[415]]
[1] "Error in rgdal::rawTransform(projto_int, projfrom, nrow(xy), xy[, 1],  : \n  coordinate operation creation from WKT failed: Unknown error (code 4096)\n"
attr(,"class")
[1] "try-error"
attr(,"condition")
<simpleError in rgdal::rawTransform(projto_int, projfrom, nrow(xy), xy[, 1],     xy[, 2], wkt = use_proj6): coordinate operation creation from WKT failed: Unknown error (code 4096)>

[[416]]
[1] "Error in .rasterObjectFromFile(x, band = band, objecttype = \"RasterLayer\",  : \n  Cannot create a RasterLayer object from this file.\n"
attr(,"class")
[1] "try-error"
attr(,"condition")
<simpleError in .rasterObjectFromFile(x, band = band, objecttype = "RasterLayer",     ...): Cannot create a RasterLayer object from this file.>

[[417]]
[1] "Error in h(simpleError(msg, call)) : \n  error in evaluating the argument 'x' in selecting a method for function 'extent': coordinate operation creation from WKT failed: Unknown error (code 4096)\n"
attr(,"class")
[1] "try-error"
attr(,"condition")
<simpleError in h(simpleError(msg, call)): error in evaluating the argument 'x' in selecting a method for function 'extent': coordinate operation creation from WKT failed: Unknown error (code 4096)>

[[418]]
[1] "Error in rgdal::rawTransform(projto_int, projfrom, nrow(xy), xy[, 1],  : \n  coordinate operation creation from WKT failed: Unknown error (code 4096)\n"
attr(,"class")
[1] "try-error"
attr(,"condition")
<simpleError in rgdal::rawTransform(projto_int, projfrom, nrow(xy), xy[, 1],     xy[, 2], wkt = use_proj6): coordinate operation creation from WKT failed: Unknown error (code 4096)>

[[419]]
[1] "Error in rgdal::rawTransform(projto_int, projfrom, nrow(xy), xy[, 1],  : \n  coordinate operation creation from WKT failed: Unknown error (code 4096)\n"
attr(,"class")
[1] "try-error"
attr(,"condition")
<simpleError in rgdal::rawTransform(projto_int, projfrom, nrow(xy), xy[, 1],     xy[, 2], wkt = use_proj6): coordinate operation creation from WKT failed: Unknown error (code 4096)>

[[420]]
class      : RasterLayer 
dimensions : 12027, 24053, 289285431  (nrow, ncol, ncell)
resolution : 1500.029, 1499.966  (x, y)
extent     : -18040096, 18040096, -9020048, 9020048  (xmin, xmax, ymin, ymax)
crs        : +proj=moll +lon_0=0 +x_0=0 +y_0=0 +ellps=WGS84 +units=m +no_defs 
source     : CMIP6 April Mollweide.tif 
names      : CMIP6_April_Mollweide 
values     : -62.80497, 29.32952  (min, max)


[[421]]
NULL

[[422]]
[1] "Error in h(simpleError(msg, call)) : \n  error in evaluating the argument 'x' in selecting a method for function 'extent': coordinate operation creation from WKT failed: Unknown error (code 4096)\n"
attr(,"class")
[1] "try-error"
attr(,"condition")
<simpleError in h(simpleError(msg, call)): error in evaluating the argument 'x' in selecting a method for function 'extent': coordinate operation creation from WKT failed: Unknown error (code 4096)>

[[423]]
[1] "Error in h(simpleError(msg, call)) : \n  error in evaluating the argument 'x' in selecting a method for function 'extent': coordinate operation creation from WKT failed: Unknown error (code 4096)\n"
attr(,"class")
[1] "try-error"
attr(,"condition")
<simpleError in h(simpleError(msg, call)): error in evaluating the argument 'x' in selecting a method for function 'extent': coordinate operation creation from WKT failed: Unknown error (code 4096)>

[[424]]
[1] "Error in h(simpleError(msg, call)) : \n  error in evaluating the argument 'x' in selecting a method for function 'extent': coordinate operation creation from WKT failed: Unknown error (code 4096)\n"
attr(,"class")
[1] "try-error"
attr(,"condition")
<simpleError in h(simpleError(msg, call)): error in evaluating the argument 'x' in selecting a method for function 'extent': coordinate operation creation from WKT failed: Unknown error (code 4096)>

[[425]]
[1] "Error in h(simpleError(msg, call)) : \n  error in evaluating the argument 'x' in selecting a method for function 'extent': target crs creation failed: Unknown error (code 4096)\n"
attr(,"class")
[1] "try-error"
attr(,"condition")
<simpleError in h(simpleError(msg, call)): error in evaluating the argument 'x' in selecting a method for function 'extent': target crs creation failed: Unknown error (code 4096)>

[[426]]
[1] "Error in h(simpleError(msg, call)) : \n  error in evaluating the argument 'x' in selecting a method for function 'extent': coordinate operation creation from WKT failed: Unknown error (code 4096)\n"
attr(,"class")
[1] "try-error"
attr(,"condition")
<simpleError in h(simpleError(msg, call)): error in evaluating the argument 'x' in selecting a method for function 'extent': coordinate operation creation from WKT failed: Unknown error (code 4096)>

[[427]]
[1] "Error in h(simpleError(msg, call)) : \n  error in evaluating the argument 'x' in selecting a method for function 'extent': coordinate operation creation from WKT failed: Unknown error (code 4096)\n"
attr(,"class")
[1] "try-error"
attr(,"condition")
<simpleError in h(simpleError(msg, call)): error in evaluating the argument 'x' in selecting a method for function 'extent': coordinate operation creation from WKT failed: Unknown error (code 4096)>

[[428]]
[1] "Error in h(simpleError(msg, call)) : \n  error in evaluating the argument 'x' in selecting a method for function 'extent': coordinate operation creation from WKT failed: Unknown error (code 4096)\n"
attr(,"class")
[1] "try-error"
attr(,"condition")
<simpleError in h(simpleError(msg, call)): error in evaluating the argument 'x' in selecting a method for function 'extent': coordinate operation creation from WKT failed: Unknown error (code 4096)>

[[429]]
[1] "Error in h(simpleError(msg, call)) : \n  error in evaluating the argument 'x' in selecting a method for function 'extent': target crs creation failed: Unknown error (code 4096)\n"
attr(,"class")
[1] "try-error"
attr(,"condition")
<simpleError in h(simpleError(msg, call)): error in evaluating the argument 'x' in selecting a method for function 'extent': target crs creation failed: Unknown error (code 4096)>

[[430]]
[1] "Error in rgdal::rawTransform(projto_int, projfrom, nrow(xy), xy[, 1],  : \n  coordinate operation creation from WKT failed: Unknown error (code 4096)\n"
attr(,"class")
[1] "try-error"
attr(,"condition")
<simpleError in rgdal::rawTransform(projto_int, projfrom, nrow(xy), xy[, 1],     xy[, 2], wkt = use_proj6): coordinate operation creation from WKT failed: Unknown error (code 4096)>

[[431]]
[1] "Error in .rasterObjectFromFile(x, band = band, objecttype = \"RasterLayer\",  : \n  Cannot create a RasterLayer object from this file.\n"
attr(,"class")
[1] "try-error"
attr(,"condition")
<simpleError in .rasterObjectFromFile(x, band = band, objecttype = "RasterLayer",     ...): Cannot create a RasterLayer object from this file.>

[[432]]
[1] "Error in h(simpleError(msg, call)) : \n  error in evaluating the argument 'x' in selecting a method for function 'extent': coordinate operation creation from WKT failed: Unknown error (code 4096)\n"
attr(,"class")
[1] "try-error"
attr(,"condition")
<simpleError in h(simpleError(msg, call)): error in evaluating the argument 'x' in selecting a method for function 'extent': coordinate operation creation from WKT failed: Unknown error (code 4096)>

[[433]]
[1] "Error in rgdal::rawTransform(projto_int, projfrom, nrow(xy), xy[, 1],  : \n  coordinate operation creation from WKT failed: Unknown error (code 4096)\n"
attr(,"class")
[1] "try-error"
attr(,"condition")
<simpleError in rgdal::rawTransform(projto_int, projfrom, nrow(xy), xy[, 1],     xy[, 2], wkt = use_proj6): coordinate operation creation from WKT failed: Unknown error (code 4096)>

[[434]]
[1] "Error in rgdal::rawTransform(projto_int, projfrom, nrow(xy), xy[, 1],  : \n  coordinate operation creation from WKT failed: Unknown error (code 4096)\n"
attr(,"class")
[1] "try-error"
attr(,"condition")
<simpleError in rgdal::rawTransform(projto_int, projfrom, nrow(xy), xy[, 1],     xy[, 2], wkt = use_proj6): coordinate operation creation from WKT failed: Unknown error (code 4096)>

[[435]]
class      : RasterLayer 
dimensions : 12027, 24053, 289285431  (nrow, ncol, ncell)
resolution : 1500.029, 1499.966  (x, y)
extent     : -18040096, 18040096, -9020048, 9020048  (xmin, xmax, ymin, ymax)
crs        : +proj=moll +lon_0=0 +x_0=0 +y_0=0 +ellps=WGS84 +units=m +no_defs 
source     : CMIP6 July Mollweide.tif 
names      : CMIP6_July_Mollweide 
values     : -64.45911, 34.52049  (min, max)


[[436]]
NULL

[[437]]
[1] "Error in h(simpleError(msg, call)) : \n  error in evaluating the argument 'x' in selecting a method for function 'extent': coordinate operation creation from WKT failed: Unknown error (code 4096)\n"
attr(,"class")
[1] "try-error"
attr(,"condition")
<simpleError in h(simpleError(msg, call)): error in evaluating the argument 'x' in selecting a method for function 'extent': coordinate operation creation from WKT failed: Unknown error (code 4096)>

[[438]]
[1] "Error in h(simpleError(msg, call)) : \n  error in evaluating the argument 'x' in selecting a method for function 'extent': coordinate operation creation from WKT failed: Unknown error (code 4096)\n"
attr(,"class")
[1] "try-error"
attr(,"condition")
<simpleError in h(simpleError(msg, call)): error in evaluating the argument 'x' in selecting a method for function 'extent': coordinate operation creation from WKT failed: Unknown error (code 4096)>

[[439]]
[1] "Error in h(simpleError(msg, call)) : \n  error in evaluating the argument 'x' in selecting a method for function 'extent': coordinate operation creation from WKT failed: Unknown error (code 4096)\n"
attr(,"class")
[1] "try-error"
attr(,"condition")
<simpleError in h(simpleError(msg, call)): error in evaluating the argument 'x' in selecting a method for function 'extent': coordinate operation creation from WKT failed: Unknown error (code 4096)>

[[440]]
[1] "Error in h(simpleError(msg, call)) : \n  error in evaluating the argument 'x' in selecting a method for function 'extent': target crs creation failed: Unknown error (code 4096)\n"
attr(,"class")
[1] "try-error"
attr(,"condition")
<simpleError in h(simpleError(msg, call)): error in evaluating the argument 'x' in selecting a method for function 'extent': target crs creation failed: Unknown error (code 4096)>

[[441]]
[1] "Error in h(simpleError(msg, call)) : \n  error in evaluating the argument 'x' in selecting a method for function 'extent': coordinate operation creation from WKT failed: Unknown error (code 4096)\n"
attr(,"class")
[1] "try-error"
attr(,"condition")
<simpleError in h(simpleError(msg, call)): error in evaluating the argument 'x' in selecting a method for function 'extent': coordinate operation creation from WKT failed: Unknown error (code 4096)>

[[442]]
[1] "Error in h(simpleError(msg, call)) : \n  error in evaluating the argument 'x' in selecting a method for function 'extent': coordinate operation creation from WKT failed: Unknown error (code 4096)\n"
attr(,"class")
[1] "try-error"
attr(,"condition")
<simpleError in h(simpleError(msg, call)): error in evaluating the argument 'x' in selecting a method for function 'extent': coordinate operation creation from WKT failed: Unknown error (code 4096)>

[[443]]
[1] "Error in h(simpleError(msg, call)) : \n  error in evaluating the argument 'x' in selecting a method for function 'extent': coordinate operation creation from WKT failed: Unknown error (code 4096)\n"
attr(,"class")
[1] "try-error"
attr(,"condition")
<simpleError in h(simpleError(msg, call)): error in evaluating the argument 'x' in selecting a method for function 'extent': coordinate operation creation from WKT failed: Unknown error (code 4096)>

[[444]]
[1] "Error in h(simpleError(msg, call)) : \n  error in evaluating the argument 'x' in selecting a method for function 'extent': target crs creation failed: Unknown error (code 4096)\n"
attr(,"class")
[1] "try-error"
attr(,"condition")
<simpleError in h(simpleError(msg, call)): error in evaluating the argument 'x' in selecting a method for function 'extent': target crs creation failed: Unknown error (code 4096)>

[[445]]
[1] "Error in rgdal::rawTransform(projto_int, projfrom, nrow(xy), xy[, 1],  : \n  coordinate operation creation from WKT failed: Unknown error (code 4096)\n"
attr(,"class")
[1] "try-error"
attr(,"condition")
<simpleError in rgdal::rawTransform(projto_int, projfrom, nrow(xy), xy[, 1],     xy[, 2], wkt = use_proj6): coordinate operation creation from WKT failed: Unknown error (code 4096)>

[[446]]
[1] "Error in .rasterObjectFromFile(x, band = band, objecttype = \"RasterLayer\",  : \n  Cannot create a RasterLayer object from this file.\n"
attr(,"class")
[1] "try-error"
attr(,"condition")
<simpleError in .rasterObjectFromFile(x, band = band, objecttype = "RasterLayer",     ...): Cannot create a RasterLayer object from this file.>

[[447]]
[1] "Error in h(simpleError(msg, call)) : \n  error in evaluating the argument 'x' in selecting a method for function 'extent': coordinate operation creation from WKT failed: Unknown error (code 4096)\n"
attr(,"class")
[1] "try-error"
attr(,"condition")
<simpleError in h(simpleError(msg, call)): error in evaluating the argument 'x' in selecting a method for function 'extent': coordinate operation creation from WKT failed: Unknown error (code 4096)>

[[448]]
[1] "Error in rgdal::rawTransform(projto_int, projfrom, nrow(xy), xy[, 1],  : \n  coordinate operation creation from WKT failed: Unknown error (code 4096)\n"
attr(,"class")
[1] "try-error"
attr(,"condition")
<simpleError in rgdal::rawTransform(projto_int, projfrom, nrow(xy), xy[, 1],     xy[, 2], wkt = use_proj6): coordinate operation creation from WKT failed: Unknown error (code 4096)>

[[449]]
[1] "Error in rgdal::rawTransform(projto_int, projfrom, nrow(xy), xy[, 1],  : \n  coordinate operation creation from WKT failed: Unknown error (code 4096)\n"
attr(,"class")
[1] "try-error"
attr(,"condition")
<simpleError in rgdal::rawTransform(projto_int, projfrom, nrow(xy), xy[, 1],     xy[, 2], wkt = use_proj6): coordinate operation creation from WKT failed: Unknown error (code 4096)>

[[450]]
class      : RasterLayer 
dimensions : 12027, 24053, 289285431  (nrow, ncol, ncell)
resolution : 1500.029, 1499.966  (x, y)
extent     : -18040096, 18040096, -9020048, 9020048  (xmin, xmax, ymin, ymax)
crs        : +proj=moll +lon_0=0 +x_0=0 +y_0=0 +ellps=WGS84 +units=m +no_defs 
source     : CMIP6 January Mollweide.tif 
names      : CMIP6_January_Mollweide 
values     : 0.001439687, 19.51043  (min, max)


[[451]]
NULL

[[452]]
[1] "Error in h(simpleError(msg, call)) : \n  error in evaluating the argument 'x' in selecting a method for function 'extent': coordinate operation creation from WKT failed: Unknown error (code 4096)\n"
attr(,"class")
[1] "try-error"
attr(,"condition")
<simpleError in h(simpleError(msg, call)): error in evaluating the argument 'x' in selecting a method for function 'extent': coordinate operation creation from WKT failed: Unknown error (code 4096)>

[[453]]
[1] "Error in h(simpleError(msg, call)) : \n  error in evaluating the argument 'x' in selecting a method for function 'extent': coordinate operation creation from WKT failed: Unknown error (code 4096)\n"
attr(,"class")
[1] "try-error"
attr(,"condition")
<simpleError in h(simpleError(msg, call)): error in evaluating the argument 'x' in selecting a method for function 'extent': coordinate operation creation from WKT failed: Unknown error (code 4096)>

[[454]]
[1] "Error in h(simpleError(msg, call)) : \n  error in evaluating the argument 'x' in selecting a method for function 'extent': coordinate operation creation from WKT failed: Unknown error (code 4096)\n"
attr(,"class")
[1] "try-error"
attr(,"condition")
<simpleError in h(simpleError(msg, call)): error in evaluating the argument 'x' in selecting a method for function 'extent': coordinate operation creation from WKT failed: Unknown error (code 4096)>

[[455]]
[1] "Error in h(simpleError(msg, call)) : \n  error in evaluating the argument 'x' in selecting a method for function 'extent': target crs creation failed: Unknown error (code 4096)\n"
attr(,"class")
[1] "try-error"
attr(,"condition")
<simpleError in h(simpleError(msg, call)): error in evaluating the argument 'x' in selecting a method for function 'extent': target crs creation failed: Unknown error (code 4096)>

[[456]]
[1] "Error in h(simpleError(msg, call)) : \n  error in evaluating the argument 'x' in selecting a method for function 'extent': coordinate operation creation from WKT failed: Unknown error (code 4096)\n"
attr(,"class")
[1] "try-error"
attr(,"condition")
<simpleError in h(simpleError(msg, call)): error in evaluating the argument 'x' in selecting a method for function 'extent': coordinate operation creation from WKT failed: Unknown error (code 4096)>

[[457]]
[1] "Error in h(simpleError(msg, call)) : \n  error in evaluating the argument 'x' in selecting a method for function 'extent': coordinate operation creation from WKT failed: Unknown error (code 4096)\n"
attr(,"class")
[1] "try-error"
attr(,"condition")
<simpleError in h(simpleError(msg, call)): error in evaluating the argument 'x' in selecting a method for function 'extent': coordinate operation creation from WKT failed: Unknown error (code 4096)>

[[458]]
[1] "Error in h(simpleError(msg, call)) : \n  error in evaluating the argument 'x' in selecting a method for function 'extent': coordinate operation creation from WKT failed: Unknown error (code 4096)\n"
attr(,"class")
[1] "try-error"
attr(,"condition")
<simpleError in h(simpleError(msg, call)): error in evaluating the argument 'x' in selecting a method for function 'extent': coordinate operation creation from WKT failed: Unknown error (code 4096)>

[[459]]
[1] "Error in h(simpleError(msg, call)) : \n  error in evaluating the argument 'x' in selecting a method for function 'extent': target crs creation failed: Unknown error (code 4096)\n"
attr(,"class")
[1] "try-error"
attr(,"condition")
<simpleError in h(simpleError(msg, call)): error in evaluating the argument 'x' in selecting a method for function 'extent': target crs creation failed: Unknown error (code 4096)>

[[460]]
[1] "Error in rgdal::rawTransform(projto_int, projfrom, nrow(xy), xy[, 1],  : \n  coordinate operation creation from WKT failed: Unknown error (code 4096)\n"
attr(,"class")
[1] "try-error"
attr(,"condition")
<simpleError in rgdal::rawTransform(projto_int, projfrom, nrow(xy), xy[, 1],     xy[, 2], wkt = use_proj6): coordinate operation creation from WKT failed: Unknown error (code 4096)>

[[461]]
[1] "Error in .rasterObjectFromFile(x, band = band, objecttype = \"RasterLayer\",  : \n  Cannot create a RasterLayer object from this file.\n"
attr(,"class")
[1] "try-error"
attr(,"condition")
<simpleError in .rasterObjectFromFile(x, band = band, objecttype = "RasterLayer",     ...): Cannot create a RasterLayer object from this file.>

[[462]]
[1] "Error in h(simpleError(msg, call)) : \n  error in evaluating the argument 'x' in selecting a method for function 'extent': coordinate operation creation from WKT failed: Unknown error (code 4096)\n"
attr(,"class")
[1] "try-error"
attr(,"condition")
<simpleError in h(simpleError(msg, call)): error in evaluating the argument 'x' in selecting a method for function 'extent': coordinate operation creation from WKT failed: Unknown error (code 4096)>

[[463]]
[1] "Error in rgdal::rawTransform(projto_int, projfrom, nrow(xy), xy[, 1],  : \n  coordinate operation creation from WKT failed: Unknown error (code 4096)\n"
attr(,"class")
[1] "try-error"
attr(,"condition")
<simpleError in rgdal::rawTransform(projto_int, projfrom, nrow(xy), xy[, 1],     xy[, 2], wkt = use_proj6): coordinate operation creation from WKT failed: Unknown error (code 4096)>

[[464]]
[1] "Error in rgdal::rawTransform(projto_int, projfrom, nrow(xy), xy[, 1],  : \n  coordinate operation creation from WKT failed: Unknown error (code 4096)\n"
attr(,"class")
[1] "try-error"
attr(,"condition")
<simpleError in rgdal::rawTransform(projto_int, projfrom, nrow(xy), xy[, 1],     xy[, 2], wkt = use_proj6): coordinate operation creation from WKT failed: Unknown error (code 4096)>

[[465]]
class      : RasterLayer 
dimensions : 12027, 24053, 289285431  (nrow, ncol, ncell)
resolution : 1500.029, 1499.966  (x, y)
extent     : -18040096, 18040096, -9020048, 9020048  (xmin, xmax, ymin, ymax)
crs        : +proj=moll +lon_0=0 +x_0=0 +y_0=0 +ellps=WGS84 +units=m +no_defs 
source     : CMIP6 March Mollweide.tif 
names      : CMIP6_March_Mollweide 
values     : 0.01635881, 21.37695  (min, max)


[[466]]
NULL

[[467]]
[1] "Error in h(simpleError(msg, call)) : \n  error in evaluating the argument 'x' in selecting a method for function 'extent': coordinate operation creation from WKT failed: Unknown error (code 4096)\n"
attr(,"class")
[1] "try-error"
attr(,"condition")
<simpleError in h(simpleError(msg, call)): error in evaluating the argument 'x' in selecting a method for function 'extent': coordinate operation creation from WKT failed: Unknown error (code 4096)>

[[468]]
[1] "Error in h(simpleError(msg, call)) : \n  error in evaluating the argument 'x' in selecting a method for function 'extent': coordinate operation creation from WKT failed: Unknown error (code 4096)\n"
attr(,"class")
[1] "try-error"
attr(,"condition")
<simpleError in h(simpleError(msg, call)): error in evaluating the argument 'x' in selecting a method for function 'extent': coordinate operation creation from WKT failed: Unknown error (code 4096)>

[[469]]
[1] "Error in h(simpleError(msg, call)) : \n  error in evaluating the argument 'x' in selecting a method for function 'extent': coordinate operation creation from WKT failed: Unknown error (code 4096)\n"
attr(,"class")
[1] "try-error"
attr(,"condition")
<simpleError in h(simpleError(msg, call)): error in evaluating the argument 'x' in selecting a method for function 'extent': coordinate operation creation from WKT failed: Unknown error (code 4096)>

[[470]]
[1] "Error in h(simpleError(msg, call)) : \n  error in evaluating the argument 'x' in selecting a method for function 'extent': target crs creation failed: Unknown error (code 4096)\n"
attr(,"class")
[1] "try-error"
attr(,"condition")
<simpleError in h(simpleError(msg, call)): error in evaluating the argument 'x' in selecting a method for function 'extent': target crs creation failed: Unknown error (code 4096)>

[[471]]
[1] "Error in h(simpleError(msg, call)) : \n  error in evaluating the argument 'x' in selecting a method for function 'extent': coordinate operation creation from WKT failed: Unknown error (code 4096)\n"
attr(,"class")
[1] "try-error"
attr(,"condition")
<simpleError in h(simpleError(msg, call)): error in evaluating the argument 'x' in selecting a method for function 'extent': coordinate operation creation from WKT failed: Unknown error (code 4096)>

[[472]]
[1] "Error in h(simpleError(msg, call)) : \n  error in evaluating the argument 'x' in selecting a method for function 'extent': coordinate operation creation from WKT failed: Unknown error (code 4096)\n"
attr(,"class")
[1] "try-error"
attr(,"condition")
<simpleError in h(simpleError(msg, call)): error in evaluating the argument 'x' in selecting a method for function 'extent': coordinate operation creation from WKT failed: Unknown error (code 4096)>

[[473]]
[1] "Error in h(simpleError(msg, call)) : \n  error in evaluating the argument 'x' in selecting a method for function 'extent': coordinate operation creation from WKT failed: Unknown error (code 4096)\n"
attr(,"class")
[1] "try-error"
attr(,"condition")
<simpleError in h(simpleError(msg, call)): error in evaluating the argument 'x' in selecting a method for function 'extent': coordinate operation creation from WKT failed: Unknown error (code 4096)>

[[474]]
[1] "Error in h(simpleError(msg, call)) : \n  error in evaluating the argument 'x' in selecting a method for function 'extent': target crs creation failed: Unknown error (code 4096)\n"
attr(,"class")
[1] "try-error"
attr(,"condition")
<simpleError in h(simpleError(msg, call)): error in evaluating the argument 'x' in selecting a method for function 'extent': target crs creation failed: Unknown error (code 4096)>

[[475]]
[1] "Error in rgdal::rawTransform(projto_int, projfrom, nrow(xy), xy[, 1],  : \n  coordinate operation creation from WKT failed: Unknown error (code 4096)\n"
attr(,"class")
[1] "try-error"
attr(,"condition")
<simpleError in rgdal::rawTransform(projto_int, projfrom, nrow(xy), xy[, 1],     xy[, 2], wkt = use_proj6): coordinate operation creation from WKT failed: Unknown error (code 4096)>

[[476]]
[1] "Error in .rasterObjectFromFile(x, band = band, objecttype = \"RasterLayer\",  : \n  Cannot create a RasterLayer object from this file.\n"
attr(,"class")
[1] "try-error"
attr(,"condition")
<simpleError in .rasterObjectFromFile(x, band = band, objecttype = "RasterLayer",     ...): Cannot create a RasterLayer object from this file.>

[[477]]
[1] "Error in h(simpleError(msg, call)) : \n  error in evaluating the argument 'x' in selecting a method for function 'extent': coordinate operation creation from WKT failed: Unknown error (code 4096)\n"
attr(,"class")
[1] "try-error"
attr(,"condition")
<simpleError in h(simpleError(msg, call)): error in evaluating the argument 'x' in selecting a method for function 'extent': coordinate operation creation from WKT failed: Unknown error (code 4096)>

[[478]]
[1] "Error in rgdal::rawTransform(projto_int, projfrom, nrow(xy), xy[, 1],  : \n  coordinate operation creation from WKT failed: Unknown error (code 4096)\n"
attr(,"class")
[1] "try-error"
attr(,"condition")
<simpleError in rgdal::rawTransform(projto_int, projfrom, nrow(xy), xy[, 1],     xy[, 2], wkt = use_proj6): coordinate operation creation from WKT failed: Unknown error (code 4096)>

[[479]]
[1] "Error in rgdal::rawTransform(projto_int, projfrom, nrow(xy), xy[, 1],  : \n  coordinate operation creation from WKT failed: Unknown error (code 4096)\n"
attr(,"class")
[1] "try-error"
attr(,"condition")
<simpleError in rgdal::rawTransform(projto_int, projfrom, nrow(xy), xy[, 1],     xy[, 2], wkt = use_proj6): coordinate operation creation from WKT failed: Unknown error (code 4096)>

[[480]]
class      : RasterLayer 
dimensions : 12027, 24053, 289285431  (nrow, ncol, ncell)
resolution : 1500.029, 1499.966  (x, y)
extent     : -18040096, 18040096, -9020048, 9020048  (xmin, xmax, ymin, ymax)
crs        : +proj=moll +lon_0=0 +x_0=0 +y_0=0 +ellps=WGS84 +units=m +no_defs 
source     : CMIP6 October Mollweide.tif 
names      : CMIP6_October_Mollweide 
values     : 0.02074262, 17.24396  (min, max)


[[481]]
NULL

[[482]]
[1] "Error in h(simpleError(msg, call)) : \n  error in evaluating the argument 'x' in selecting a method for function 'extent': coordinate operation creation from WKT failed: Unknown error (code 4096)\n"
attr(,"class")
[1] "try-error"
attr(,"condition")
<simpleError in h(simpleError(msg, call)): error in evaluating the argument 'x' in selecting a method for function 'extent': coordinate operation creation from WKT failed: Unknown error (code 4096)>

[[483]]
[1] "Error in h(simpleError(msg, call)) : \n  error in evaluating the argument 'x' in selecting a method for function 'extent': coordinate operation creation from WKT failed: Unknown error (code 4096)\n"
attr(,"class")
[1] "try-error"
attr(,"condition")
<simpleError in h(simpleError(msg, call)): error in evaluating the argument 'x' in selecting a method for function 'extent': coordinate operation creation from WKT failed: Unknown error (code 4096)>

[[484]]
[1] "Error in h(simpleError(msg, call)) : \n  error in evaluating the argument 'x' in selecting a method for function 'extent': coordinate operation creation from WKT failed: Unknown error (code 4096)\n"
attr(,"class")
[1] "try-error"
attr(,"condition")
<simpleError in h(simpleError(msg, call)): error in evaluating the argument 'x' in selecting a method for function 'extent': coordinate operation creation from WKT failed: Unknown error (code 4096)>

[[485]]
[1] "Error in h(simpleError(msg, call)) : \n  error in evaluating the argument 'x' in selecting a method for function 'extent': target crs creation failed: Unknown error (code 4096)\n"
attr(,"class")
[1] "try-error"
attr(,"condition")
<simpleError in h(simpleError(msg, call)): error in evaluating the argument 'x' in selecting a method for function 'extent': target crs creation failed: Unknown error (code 4096)>

[[486]]
[1] "Error in h(simpleError(msg, call)) : \n  error in evaluating the argument 'x' in selecting a method for function 'extent': coordinate operation creation from WKT failed: Unknown error (code 4096)\n"
attr(,"class")
[1] "try-error"
attr(,"condition")
<simpleError in h(simpleError(msg, call)): error in evaluating the argument 'x' in selecting a method for function 'extent': coordinate operation creation from WKT failed: Unknown error (code 4096)>

[[487]]
[1] "Error in h(simpleError(msg, call)) : \n  error in evaluating the argument 'x' in selecting a method for function 'extent': coordinate operation creation from WKT failed: Unknown error (code 4096)\n"
attr(,"class")
[1] "try-error"
attr(,"condition")
<simpleError in h(simpleError(msg, call)): error in evaluating the argument 'x' in selecting a method for function 'extent': coordinate operation creation from WKT failed: Unknown error (code 4096)>

[[488]]
[1] "Error in h(simpleError(msg, call)) : \n  error in evaluating the argument 'x' in selecting a method for function 'extent': coordinate operation creation from WKT failed: Unknown error (code 4096)\n"
attr(,"class")
[1] "try-error"
attr(,"condition")
<simpleError in h(simpleError(msg, call)): error in evaluating the argument 'x' in selecting a method for function 'extent': coordinate operation creation from WKT failed: Unknown error (code 4096)>

[[489]]
[1] "Error in h(simpleError(msg, call)) : \n  error in evaluating the argument 'x' in selecting a method for function 'extent': target crs creation failed: Unknown error (code 4096)\n"
attr(,"class")
[1] "try-error"
attr(,"condition")
<simpleError in h(simpleError(msg, call)): error in evaluating the argument 'x' in selecting a method for function 'extent': target crs creation failed: Unknown error (code 4096)>

[[490]]
[1] "Error in rgdal::rawTransform(projto_int, projfrom, nrow(xy), xy[, 1],  : \n  coordinate operation creation from WKT failed: Unknown error (code 4096)\n"
attr(,"class")
[1] "try-error"
attr(,"condition")
<simpleError in rgdal::rawTransform(projto_int, projfrom, nrow(xy), xy[, 1],     xy[, 2], wkt = use_proj6): coordinate operation creation from WKT failed: Unknown error (code 4096)>

[[491]]
[1] "Error in .rasterObjectFromFile(x, band = band, objecttype = \"RasterLayer\",  : \n  Cannot create a RasterLayer object from this file.\n"
attr(,"class")
[1] "try-error"
attr(,"condition")
<simpleError in .rasterObjectFromFile(x, band = band, objecttype = "RasterLayer",     ...): Cannot create a RasterLayer object from this file.>

[[492]]
[1] "Error in h(simpleError(msg, call)) : \n  error in evaluating the argument 'x' in selecting a method for function 'extent': coordinate operation creation from WKT failed: Unknown error (code 4096)\n"
attr(,"class")
[1] "try-error"
attr(,"condition")
<simpleError in h(simpleError(msg, call)): error in evaluating the argument 'x' in selecting a method for function 'extent': coordinate operation creation from WKT failed: Unknown error (code 4096)>

[[493]]
[1] "Error in rgdal::rawTransform(projto_int, projfrom, nrow(xy), xy[, 1],  : \n  coordinate operation creation from WKT failed: Unknown error (code 4096)\n"
attr(,"class")
[1] "try-error"
attr(,"condition")
<simpleError in rgdal::rawTransform(projto_int, projfrom, nrow(xy), xy[, 1],     xy[, 2], wkt = use_proj6): coordinate operation creation from WKT failed: Unknown error (code 4096)>

[[494]]
[1] "Error in rgdal::rawTransform(projto_int, projfrom, nrow(xy), xy[, 1],  : \n  coordinate operation creation from WKT failed: Unknown error (code 4096)\n"
attr(,"class")
[1] "try-error"
attr(,"condition")
<simpleError in rgdal::rawTransform(projto_int, projfrom, nrow(xy), xy[, 1],     xy[, 2], wkt = use_proj6): coordinate operation creation from WKT failed: Unknown error (code 4096)>

[[495]]
class      : RasterLayer 
dimensions : 12027, 24053, 289285431  (nrow, ncol, ncell)
resolution : 1500.029, 1499.966  (x, y)
extent     : -18040096, 18040096, -9020048, 9020048  (xmin, xmax, ymin, ymax)
crs        : +proj=moll +lon_0=0 +x_0=0 +y_0=0 +ellps=WGS84 +units=m +no_defs 
source     : CMIP6 August Mollweide.tif 
names      : CMIP6_August_Mollweide 
values     : -61.78104, 40.29434  (min, max)


[[496]]
NULL

[[497]]
[1] "Error in h(simpleError(msg, call)) : \n  error in evaluating the argument 'x' in selecting a method for function 'extent': coordinate operation creation from WKT failed: Unknown error (code 4096)\n"
attr(,"class")
[1] "try-error"
attr(,"condition")
<simpleError in h(simpleError(msg, call)): error in evaluating the argument 'x' in selecting a method for function 'extent': coordinate operation creation from WKT failed: Unknown error (code 4096)>

[[498]]
[1] "Error in h(simpleError(msg, call)) : \n  error in evaluating the argument 'x' in selecting a method for function 'extent': coordinate operation creation from WKT failed: Unknown error (code 4096)\n"
attr(,"class")
[1] "try-error"
attr(,"condition")
<simpleError in h(simpleError(msg, call)): error in evaluating the argument 'x' in selecting a method for function 'extent': coordinate operation creation from WKT failed: Unknown error (code 4096)>

[[499]]
[1] "Error in h(simpleError(msg, call)) : \n  error in evaluating the argument 'x' in selecting a method for function 'extent': coordinate operation creation from WKT failed: Unknown error (code 4096)\n"
attr(,"class")
[1] "try-error"
attr(,"condition")
<simpleError in h(simpleError(msg, call)): error in evaluating the argument 'x' in selecting a method for function 'extent': coordinate operation creation from WKT failed: Unknown error (code 4096)>

[[500]]
[1] "Error in h(simpleError(msg, call)) : \n  error in evaluating the argument 'x' in selecting a method for function 'extent': target crs creation failed: Unknown error (code 4096)\n"
attr(,"class")
[1] "try-error"
attr(,"condition")
<simpleError in h(simpleError(msg, call)): error in evaluating the argument 'x' in selecting a method for function 'extent': target crs creation failed: Unknown error (code 4096)>

[[501]]
[1] "Error in h(simpleError(msg, call)) : \n  error in evaluating the argument 'x' in selecting a method for function 'extent': coordinate operation creation from WKT failed: Unknown error (code 4096)\n"
attr(,"class")
[1] "try-error"
attr(,"condition")
<simpleError in h(simpleError(msg, call)): error in evaluating the argument 'x' in selecting a method for function 'extent': coordinate operation creation from WKT failed: Unknown error (code 4096)>

[[502]]
[1] "Error in h(simpleError(msg, call)) : \n  error in evaluating the argument 'x' in selecting a method for function 'extent': coordinate operation creation from WKT failed: Unknown error (code 4096)\n"
attr(,"class")
[1] "try-error"
attr(,"condition")
<simpleError in h(simpleError(msg, call)): error in evaluating the argument 'x' in selecting a method for function 'extent': coordinate operation creation from WKT failed: Unknown error (code 4096)>

[[503]]
[1] "Error in h(simpleError(msg, call)) : \n  error in evaluating the argument 'x' in selecting a method for function 'extent': coordinate operation creation from WKT failed: Unknown error (code 4096)\n"
attr(,"class")
[1] "try-error"
attr(,"condition")
<simpleError in h(simpleError(msg, call)): error in evaluating the argument 'x' in selecting a method for function 'extent': coordinate operation creation from WKT failed: Unknown error (code 4096)>

[[504]]
[1] "Error in h(simpleError(msg, call)) : \n  error in evaluating the argument 'x' in selecting a method for function 'extent': target crs creation failed: Unknown error (code 4096)\n"
attr(,"class")
[1] "try-error"
attr(,"condition")
<simpleError in h(simpleError(msg, call)): error in evaluating the argument 'x' in selecting a method for function 'extent': target crs creation failed: Unknown error (code 4096)>

[[505]]
[1] "Error in rgdal::rawTransform(projto_int, projfrom, nrow(xy), xy[, 1],  : \n  coordinate operation creation from WKT failed: Unknown error (code 4096)\n"
attr(,"class")
[1] "try-error"
attr(,"condition")
<simpleError in rgdal::rawTransform(projto_int, projfrom, nrow(xy), xy[, 1],     xy[, 2], wkt = use_proj6): coordinate operation creation from WKT failed: Unknown error (code 4096)>

[[506]]
[1] "Error in .rasterObjectFromFile(x, band = band, objecttype = \"RasterLayer\",  : \n  Cannot create a RasterLayer object from this file.\n"
attr(,"class")
[1] "try-error"
attr(,"condition")
<simpleError in .rasterObjectFromFile(x, band = band, objecttype = "RasterLayer",     ...): Cannot create a RasterLayer object from this file.>

[[507]]
[1] "Error in h(simpleError(msg, call)) : \n  error in evaluating the argument 'x' in selecting a method for function 'extent': coordinate operation creation from WKT failed: Unknown error (code 4096)\n"
attr(,"class")
[1] "try-error"
attr(,"condition")
<simpleError in h(simpleError(msg, call)): error in evaluating the argument 'x' in selecting a method for function 'extent': coordinate operation creation from WKT failed: Unknown error (code 4096)>

[[508]]
[1] "Error in rgdal::rawTransform(projto_int, projfrom, nrow(xy), xy[, 1],  : \n  coordinate operation creation from WKT failed: Unknown error (code 4096)\n"
attr(,"class")
[1] "try-error"
attr(,"condition")
<simpleError in rgdal::rawTransform(projto_int, projfrom, nrow(xy), xy[, 1],     xy[, 2], wkt = use_proj6): coordinate operation creation from WKT failed: Unknown error (code 4096)>

[[509]]
[1] "Error in rgdal::rawTransform(projto_int, projfrom, nrow(xy), xy[, 1],  : \n  coordinate operation creation from WKT failed: Unknown error (code 4096)\n"
attr(,"class")
[1] "try-error"
attr(,"condition")
<simpleError in rgdal::rawTransform(projto_int, projfrom, nrow(xy), xy[, 1],     xy[, 2], wkt = use_proj6): coordinate operation creation from WKT failed: Unknown error (code 4096)>

[[510]]
class      : RasterLayer 
dimensions : 12027, 24053, 289285431  (nrow, ncol, ncell)
resolution : 1500.029, 1499.966  (x, y)
extent     : -18040096, 18040096, -9020048, 9020048  (xmin, xmax, ymin, ymax)
crs        : +proj=moll +lon_0=0 +x_0=0 +y_0=0 +ellps=WGS84 +units=m +no_defs 
source     : CMIP6 January Mollweide.tif 
names      : CMIP6_January_Mollweide 
values     : -36.33091, 35.85531  (min, max)


[[511]]
NULL

[[512]]
[1] "Error in h(simpleError(msg, call)) : \n  error in evaluating the argument 'x' in selecting a method for function 'extent': coordinate operation creation from WKT failed: Unknown error (code 4096)\n"
attr(,"class")
[1] "try-error"
attr(,"condition")
<simpleError in h(simpleError(msg, call)): error in evaluating the argument 'x' in selecting a method for function 'extent': coordinate operation creation from WKT failed: Unknown error (code 4096)>

[[513]]
[1] "Error in h(simpleError(msg, call)) : \n  error in evaluating the argument 'x' in selecting a method for function 'extent': coordinate operation creation from WKT failed: Unknown error (code 4096)\n"
attr(,"class")
[1] "try-error"
attr(,"condition")
<simpleError in h(simpleError(msg, call)): error in evaluating the argument 'x' in selecting a method for function 'extent': coordinate operation creation from WKT failed: Unknown error (code 4096)>

[[514]]
[1] "Error in h(simpleError(msg, call)) : \n  error in evaluating the argument 'x' in selecting a method for function 'extent': coordinate operation creation from WKT failed: Unknown error (code 4096)\n"
attr(,"class")
[1] "try-error"
attr(,"condition")
<simpleError in h(simpleError(msg, call)): error in evaluating the argument 'x' in selecting a method for function 'extent': coordinate operation creation from WKT failed: Unknown error (code 4096)>

[[515]]
[1] "Error in h(simpleError(msg, call)) : \n  error in evaluating the argument 'x' in selecting a method for function 'extent': target crs creation failed: Unknown error (code 4096)\n"
attr(,"class")
[1] "try-error"
attr(,"condition")
<simpleError in h(simpleError(msg, call)): error in evaluating the argument 'x' in selecting a method for function 'extent': target crs creation failed: Unknown error (code 4096)>

[[516]]
[1] "Error in h(simpleError(msg, call)) : \n  error in evaluating the argument 'x' in selecting a method for function 'extent': coordinate operation creation from WKT failed: Unknown error (code 4096)\n"
attr(,"class")
[1] "try-error"
attr(,"condition")
<simpleError in h(simpleError(msg, call)): error in evaluating the argument 'x' in selecting a method for function 'extent': coordinate operation creation from WKT failed: Unknown error (code 4096)>

[[517]]
[1] "Error in h(simpleError(msg, call)) : \n  error in evaluating the argument 'x' in selecting a method for function 'extent': coordinate operation creation from WKT failed: Unknown error (code 4096)\n"
attr(,"class")
[1] "try-error"
attr(,"condition")
<simpleError in h(simpleError(msg, call)): error in evaluating the argument 'x' in selecting a method for function 'extent': coordinate operation creation from WKT failed: Unknown error (code 4096)>

[[518]]
[1] "Error in h(simpleError(msg, call)) : \n  error in evaluating the argument 'x' in selecting a method for function 'extent': coordinate operation creation from WKT failed: Unknown error (code 4096)\n"
attr(,"class")
[1] "try-error"
attr(,"condition")
<simpleError in h(simpleError(msg, call)): error in evaluating the argument 'x' in selecting a method for function 'extent': coordinate operation creation from WKT failed: Unknown error (code 4096)>

[[519]]
[1] "Error in h(simpleError(msg, call)) : \n  error in evaluating the argument 'x' in selecting a method for function 'extent': target crs creation failed: Unknown error (code 4096)\n"
attr(,"class")
[1] "try-error"
attr(,"condition")
<simpleError in h(simpleError(msg, call)): error in evaluating the argument 'x' in selecting a method for function 'extent': target crs creation failed: Unknown error (code 4096)>

[[520]]
[1] "Error in rgdal::rawTransform(projto_int, projfrom, nrow(xy), xy[, 1],  : \n  coordinate operation creation from WKT failed: Unknown error (code 4096)\n"
attr(,"class")
[1] "try-error"
attr(,"condition")
<simpleError in rgdal::rawTransform(projto_int, projfrom, nrow(xy), xy[, 1],     xy[, 2], wkt = use_proj6): coordinate operation creation from WKT failed: Unknown error (code 4096)>

[[521]]
[1] "Error in .rasterObjectFromFile(x, band = band, objecttype = \"RasterLayer\",  : \n  Cannot create a RasterLayer object from this file.\n"
attr(,"class")
[1] "try-error"
attr(,"condition")
<simpleError in .rasterObjectFromFile(x, band = band, objecttype = "RasterLayer",     ...): Cannot create a RasterLayer object from this file.>

[[522]]
[1] "Error in h(simpleError(msg, call)) : \n  error in evaluating the argument 'x' in selecting a method for function 'extent': coordinate operation creation from WKT failed: Unknown error (code 4096)\n"
attr(,"class")
[1] "try-error"
attr(,"condition")
<simpleError in h(simpleError(msg, call)): error in evaluating the argument 'x' in selecting a method for function 'extent': coordinate operation creation from WKT failed: Unknown error (code 4096)>

[[523]]
[1] "Error in rgdal::rawTransform(projto_int, projfrom, nrow(xy), xy[, 1],  : \n  coordinate operation creation from WKT failed: Unknown error (code 4096)\n"
attr(,"class")
[1] "try-error"
attr(,"condition")
<simpleError in rgdal::rawTransform(projto_int, projfrom, nrow(xy), xy[, 1],     xy[, 2], wkt = use_proj6): coordinate operation creation from WKT failed: Unknown error (code 4096)>

[[524]]
[1] "Error in rgdal::rawTransform(projto_int, projfrom, nrow(xy), xy[, 1],  : \n  coordinate operation creation from WKT failed: Unknown error (code 4096)\n"
attr(,"class")
[1] "try-error"
attr(,"condition")
<simpleError in rgdal::rawTransform(projto_int, projfrom, nrow(xy), xy[, 1],     xy[, 2], wkt = use_proj6): coordinate operation creation from WKT failed: Unknown error (code 4096)>

[[525]]
class      : RasterLayer 
dimensions : 12027, 24053, 289285431  (nrow, ncol, ncell)
resolution : 1500.029, 1499.966  (x, y)
extent     : -18040096, 18040096, -9020048, 9020048  (xmin, xmax, ymin, ymax)
crs        : +proj=moll +lon_0=0 +x_0=0 +y_0=0 +ellps=WGS84 +units=m +no_defs 
source     : CMIP6 March Mollweide.tif 
names      : CMIP6_March_Mollweide 
values     : -52.91644, 33.97963  (min, max)


[[526]]
NULL

[[527]]
[1] "Error in h(simpleError(msg, call)) : \n  error in evaluating the argument 'x' in selecting a method for function 'extent': coordinate operation creation from WKT failed: Unknown error (code 4096)\n"
attr(,"class")
[1] "try-error"
attr(,"condition")
<simpleError in h(simpleError(msg, call)): error in evaluating the argument 'x' in selecting a method for function 'extent': coordinate operation creation from WKT failed: Unknown error (code 4096)>

[[528]]
[1] "Error in h(simpleError(msg, call)) : \n  error in evaluating the argument 'x' in selecting a method for function 'extent': coordinate operation creation from WKT failed: Unknown error (code 4096)\n"
attr(,"class")
[1] "try-error"
attr(,"condition")
<simpleError in h(simpleError(msg, call)): error in evaluating the argument 'x' in selecting a method for function 'extent': coordinate operation creation from WKT failed: Unknown error (code 4096)>

[[529]]
[1] "Error in h(simpleError(msg, call)) : \n  error in evaluating the argument 'x' in selecting a method for function 'extent': coordinate operation creation from WKT failed: Unknown error (code 4096)\n"
attr(,"class")
[1] "try-error"
attr(,"condition")
<simpleError in h(simpleError(msg, call)): error in evaluating the argument 'x' in selecting a method for function 'extent': coordinate operation creation from WKT failed: Unknown error (code 4096)>

[[530]]
[1] "Error in h(simpleError(msg, call)) : \n  error in evaluating the argument 'x' in selecting a method for function 'extent': target crs creation failed: Unknown error (code 4096)\n"
attr(,"class")
[1] "try-error"
attr(,"condition")
<simpleError in h(simpleError(msg, call)): error in evaluating the argument 'x' in selecting a method for function 'extent': target crs creation failed: Unknown error (code 4096)>

[[531]]
[1] "Error in h(simpleError(msg, call)) : \n  error in evaluating the argument 'x' in selecting a method for function 'extent': coordinate operation creation from WKT failed: Unknown error (code 4096)\n"
attr(,"class")
[1] "try-error"
attr(,"condition")
<simpleError in h(simpleError(msg, call)): error in evaluating the argument 'x' in selecting a method for function 'extent': coordinate operation creation from WKT failed: Unknown error (code 4096)>

[[532]]
[1] "Error in h(simpleError(msg, call)) : \n  error in evaluating the argument 'x' in selecting a method for function 'extent': coordinate operation creation from WKT failed: Unknown error (code 4096)\n"
attr(,"class")
[1] "try-error"
attr(,"condition")
<simpleError in h(simpleError(msg, call)): error in evaluating the argument 'x' in selecting a method for function 'extent': coordinate operation creation from WKT failed: Unknown error (code 4096)>

[[533]]
[1] "Error in h(simpleError(msg, call)) : \n  error in evaluating the argument 'x' in selecting a method for function 'extent': coordinate operation creation from WKT failed: Unknown error (code 4096)\n"
attr(,"class")
[1] "try-error"
attr(,"condition")
<simpleError in h(simpleError(msg, call)): error in evaluating the argument 'x' in selecting a method for function 'extent': coordinate operation creation from WKT failed: Unknown error (code 4096)>

[[534]]
[1] "Error in h(simpleError(msg, call)) : \n  error in evaluating the argument 'x' in selecting a method for function 'extent': target crs creation failed: Unknown error (code 4096)\n"
attr(,"class")
[1] "try-error"
attr(,"condition")
<simpleError in h(simpleError(msg, call)): error in evaluating the argument 'x' in selecting a method for function 'extent': target crs creation failed: Unknown error (code 4096)>

[[535]]
[1] "Error in rgdal::rawTransform(projto_int, projfrom, nrow(xy), xy[, 1],  : \n  coordinate operation creation from WKT failed: Unknown error (code 4096)\n"
attr(,"class")
[1] "try-error"
attr(,"condition")
<simpleError in rgdal::rawTransform(projto_int, projfrom, nrow(xy), xy[, 1],     xy[, 2], wkt = use_proj6): coordinate operation creation from WKT failed: Unknown error (code 4096)>

[[536]]
[1] "Error in .rasterObjectFromFile(x, band = band, objecttype = \"RasterLayer\",  : \n  Cannot create a RasterLayer object from this file.\n"
attr(,"class")
[1] "try-error"
attr(,"condition")
<simpleError in .rasterObjectFromFile(x, band = band, objecttype = "RasterLayer",     ...): Cannot create a RasterLayer object from this file.>

[[537]]
[1] "Error in h(simpleError(msg, call)) : \n  error in evaluating the argument 'x' in selecting a method for function 'extent': coordinate operation creation from WKT failed: Unknown error (code 4096)\n"
attr(,"class")
[1] "try-error"
attr(,"condition")
<simpleError in h(simpleError(msg, call)): error in evaluating the argument 'x' in selecting a method for function 'extent': coordinate operation creation from WKT failed: Unknown error (code 4096)>

[[538]]
[1] "Error in rgdal::rawTransform(projto_int, projfrom, nrow(xy), xy[, 1],  : \n  coordinate operation creation from WKT failed: Unknown error (code 4096)\n"
attr(,"class")
[1] "try-error"
attr(,"condition")
<simpleError in rgdal::rawTransform(projto_int, projfrom, nrow(xy), xy[, 1],     xy[, 2], wkt = use_proj6): coordinate operation creation from WKT failed: Unknown error (code 4096)>

[[539]]
[1] "Error in rgdal::rawTransform(projto_int, projfrom, nrow(xy), xy[, 1],  : \n  coordinate operation creation from WKT failed: Unknown error (code 4096)\n"
attr(,"class")
[1] "try-error"
attr(,"condition")
<simpleError in rgdal::rawTransform(projto_int, projfrom, nrow(xy), xy[, 1],     xy[, 2], wkt = use_proj6): coordinate operation creation from WKT failed: Unknown error (code 4096)>

[[540]]
class      : RasterLayer 
dimensions : 12027, 24053, 289285431  (nrow, ncol, ncell)
resolution : 1500.029, 1499.966  (x, y)
extent     : -18040096, 18040096, -9020048, 9020048  (xmin, xmax, ymin, ymax)
crs        : +proj=moll +lon_0=0 +x_0=0 +y_0=0 +ellps=WGS84 +units=m +no_defs 
source     : CMIP6 October Mollweide.tif 
names      : CMIP6_October_Mollweide 
values     : -53.2509, 34.38147  (min, max)


[[541]]
NULL

[[542]]
[1] "Error in h(simpleError(msg, call)) : \n  error in evaluating the argument 'x' in selecting a method for function 'extent': coordinate operation creation from WKT failed: Unknown error (code 4096)\n"
attr(,"class")
[1] "try-error"
attr(,"condition")
<simpleError in h(simpleError(msg, call)): error in evaluating the argument 'x' in selecting a method for function 'extent': coordinate operation creation from WKT failed: Unknown error (code 4096)>

[[543]]
[1] "Error in h(simpleError(msg, call)) : \n  error in evaluating the argument 'x' in selecting a method for function 'extent': coordinate operation creation from WKT failed: Unknown error (code 4096)\n"
attr(,"class")
[1] "try-error"
attr(,"condition")
<simpleError in h(simpleError(msg, call)): error in evaluating the argument 'x' in selecting a method for function 'extent': coordinate operation creation from WKT failed: Unknown error (code 4096)>

[[544]]
[1] "Error in h(simpleError(msg, call)) : \n  error in evaluating the argument 'x' in selecting a method for function 'extent': coordinate operation creation from WKT failed: Unknown error (code 4096)\n"
attr(,"class")
[1] "try-error"
attr(,"condition")
<simpleError in h(simpleError(msg, call)): error in evaluating the argument 'x' in selecting a method for function 'extent': coordinate operation creation from WKT failed: Unknown error (code 4096)>

[[545]]
[1] "Error in h(simpleError(msg, call)) : \n  error in evaluating the argument 'x' in selecting a method for function 'extent': target crs creation failed: Unknown error (code 4096)\n"
attr(,"class")
[1] "try-error"
attr(,"condition")
<simpleError in h(simpleError(msg, call)): error in evaluating the argument 'x' in selecting a method for function 'extent': target crs creation failed: Unknown error (code 4096)>

[[546]]
[1] "Error in h(simpleError(msg, call)) : \n  error in evaluating the argument 'x' in selecting a method for function 'extent': coordinate operation creation from WKT failed: Unknown error (code 4096)\n"
attr(,"class")
[1] "try-error"
attr(,"condition")
<simpleError in h(simpleError(msg, call)): error in evaluating the argument 'x' in selecting a method for function 'extent': coordinate operation creation from WKT failed: Unknown error (code 4096)>

[[547]]
[1] "Error in h(simpleError(msg, call)) : \n  error in evaluating the argument 'x' in selecting a method for function 'extent': coordinate operation creation from WKT failed: Unknown error (code 4096)\n"
attr(,"class")
[1] "try-error"
attr(,"condition")
<simpleError in h(simpleError(msg, call)): error in evaluating the argument 'x' in selecting a method for function 'extent': coordinate operation creation from WKT failed: Unknown error (code 4096)>

[[548]]
[1] "Error in h(simpleError(msg, call)) : \n  error in evaluating the argument 'x' in selecting a method for function 'extent': coordinate operation creation from WKT failed: Unknown error (code 4096)\n"
attr(,"class")
[1] "try-error"
attr(,"condition")
<simpleError in h(simpleError(msg, call)): error in evaluating the argument 'x' in selecting a method for function 'extent': coordinate operation creation from WKT failed: Unknown error (code 4096)>

[[549]]
[1] "Error in h(simpleError(msg, call)) : \n  error in evaluating the argument 'x' in selecting a method for function 'extent': target crs creation failed: Unknown error (code 4096)\n"
attr(,"class")
[1] "try-error"
attr(,"condition")
<simpleError in h(simpleError(msg, call)): error in evaluating the argument 'x' in selecting a method for function 'extent': target crs creation failed: Unknown error (code 4096)>

[[550]]
[1] "Error in rgdal::rawTransform(projto_int, projfrom, nrow(xy), xy[, 1],  : \n  coordinate operation creation from WKT failed: Unknown error (code 4096)\n"
attr(,"class")
[1] "try-error"
attr(,"condition")
<simpleError in rgdal::rawTransform(projto_int, projfrom, nrow(xy), xy[, 1],     xy[, 2], wkt = use_proj6): coordinate operation creation from WKT failed: Unknown error (code 4096)>

[[551]]
[1] "Error in .rasterObjectFromFile(x, band = band, objecttype = \"RasterLayer\",  : \n  Cannot create a RasterLayer object from this file.\n"
attr(,"class")
[1] "try-error"
attr(,"condition")
<simpleError in .rasterObjectFromFile(x, band = band, objecttype = "RasterLayer",     ...): Cannot create a RasterLayer object from this file.>

[[552]]
[1] "Error in h(simpleError(msg, call)) : \n  error in evaluating the argument 'x' in selecting a method for function 'extent': coordinate operation creation from WKT failed: Unknown error (code 4096)\n"
attr(,"class")
[1] "try-error"
attr(,"condition")
<simpleError in h(simpleError(msg, call)): error in evaluating the argument 'x' in selecting a method for function 'extent': coordinate operation creation from WKT failed: Unknown error (code 4096)>

[[553]]
[1] "Error in rgdal::rawTransform(projto_int, projfrom, nrow(xy), xy[, 1],  : \n  coordinate operation creation from WKT failed: Unknown error (code 4096)\n"
attr(,"class")
[1] "try-error"
attr(,"condition")
<simpleError in rgdal::rawTransform(projto_int, projfrom, nrow(xy), xy[, 1],     xy[, 2], wkt = use_proj6): coordinate operation creation from WKT failed: Unknown error (code 4096)>

[[554]]
[1] "Error in rgdal::rawTransform(projto_int, projfrom, nrow(xy), xy[, 1],  : \n  coordinate operation creation from WKT failed: Unknown error (code 4096)\n"
attr(,"class")
[1] "try-error"
attr(,"condition")
<simpleError in rgdal::rawTransform(projto_int, projfrom, nrow(xy), xy[, 1],     xy[, 2], wkt = use_proj6): coordinate operation creation from WKT failed: Unknown error (code 4096)>

[[555]]
class      : RasterLayer 
dimensions : 12027, 24053, 289285431  (nrow, ncol, ncell)
resolution : 1500.029, 1499.966  (x, y)
extent     : -18040096, 18040096, -9020048, 9020048  (xmin, xmax, ymin, ymax)
crs        : +proj=moll +lon_0=0 +x_0=0 +y_0=0 +ellps=WGS84 +units=m +no_defs 
source     : CMIP6 August Mollweide.tif 
names      : CMIP6_August_Mollweide 
values     : -65.5247, 34.41916  (min, max)


[[556]]
NULL

[[557]]
[1] "Error in h(simpleError(msg, call)) : \n  error in evaluating the argument 'x' in selecting a method for function 'extent': coordinate operation creation from WKT failed: Unknown error (code 4096)\n"
attr(,"class")
[1] "try-error"
attr(,"condition")
<simpleError in h(simpleError(msg, call)): error in evaluating the argument 'x' in selecting a method for function 'extent': coordinate operation creation from WKT failed: Unknown error (code 4096)>

[[558]]
[1] "Error in h(simpleError(msg, call)) : \n  error in evaluating the argument 'x' in selecting a method for function 'extent': coordinate operation creation from WKT failed: Unknown error (code 4096)\n"
attr(,"class")
[1] "try-error"
attr(,"condition")
<simpleError in h(simpleError(msg, call)): error in evaluating the argument 'x' in selecting a method for function 'extent': coordinate operation creation from WKT failed: Unknown error (code 4096)>

[[559]]
[1] "Error in h(simpleError(msg, call)) : \n  error in evaluating the argument 'x' in selecting a method for function 'extent': coordinate operation creation from WKT failed: Unknown error (code 4096)\n"
attr(,"class")
[1] "try-error"
attr(,"condition")
<simpleError in h(simpleError(msg, call)): error in evaluating the argument 'x' in selecting a method for function 'extent': coordinate operation creation from WKT failed: Unknown error (code 4096)>

[[560]]
[1] "Error in h(simpleError(msg, call)) : \n  error in evaluating the argument 'x' in selecting a method for function 'extent': target crs creation failed: Unknown error (code 4096)\n"
attr(,"class")
[1] "try-error"
attr(,"condition")
<simpleError in h(simpleError(msg, call)): error in evaluating the argument 'x' in selecting a method for function 'extent': target crs creation failed: Unknown error (code 4096)>

[[561]]
[1] "Error in h(simpleError(msg, call)) : \n  error in evaluating the argument 'x' in selecting a method for function 'extent': coordinate operation creation from WKT failed: Unknown error (code 4096)\n"
attr(,"class")
[1] "try-error"
attr(,"condition")
<simpleError in h(simpleError(msg, call)): error in evaluating the argument 'x' in selecting a method for function 'extent': coordinate operation creation from WKT failed: Unknown error (code 4096)>

[[562]]
[1] "Error in h(simpleError(msg, call)) : \n  error in evaluating the argument 'x' in selecting a method for function 'extent': coordinate operation creation from WKT failed: Unknown error (code 4096)\n"
attr(,"class")
[1] "try-error"
attr(,"condition")
<simpleError in h(simpleError(msg, call)): error in evaluating the argument 'x' in selecting a method for function 'extent': coordinate operation creation from WKT failed: Unknown error (code 4096)>

[[563]]
[1] "Error in h(simpleError(msg, call)) : \n  error in evaluating the argument 'x' in selecting a method for function 'extent': coordinate operation creation from WKT failed: Unknown error (code 4096)\n"
attr(,"class")
[1] "try-error"
attr(,"condition")
<simpleError in h(simpleError(msg, call)): error in evaluating the argument 'x' in selecting a method for function 'extent': coordinate operation creation from WKT failed: Unknown error (code 4096)>

[[564]]
[1] "Error in h(simpleError(msg, call)) : \n  error in evaluating the argument 'x' in selecting a method for function 'extent': target crs creation failed: Unknown error (code 4096)\n"
attr(,"class")
[1] "try-error"
attr(,"condition")
<simpleError in h(simpleError(msg, call)): error in evaluating the argument 'x' in selecting a method for function 'extent': target crs creation failed: Unknown error (code 4096)>

[[565]]
[1] "Error in rgdal::rawTransform(projto_int, projfrom, nrow(xy), xy[, 1],  : \n  coordinate operation creation from WKT failed: Unknown error (code 4096)\n"
attr(,"class")
[1] "try-error"
attr(,"condition")
<simpleError in rgdal::rawTransform(projto_int, projfrom, nrow(xy), xy[, 1],     xy[, 2], wkt = use_proj6): coordinate operation creation from WKT failed: Unknown error (code 4096)>

[[566]]
[1] "Error in .rasterObjectFromFile(x, band = band, objecttype = \"RasterLayer\",  : \n  Cannot create a RasterLayer object from this file.\n"
attr(,"class")
[1] "try-error"
attr(,"condition")
<simpleError in .rasterObjectFromFile(x, band = band, objecttype = "RasterLayer",     ...): Cannot create a RasterLayer object from this file.>

[[567]]
[1] "Error in h(simpleError(msg, call)) : \n  error in evaluating the argument 'x' in selecting a method for function 'extent': coordinate operation creation from WKT failed: Unknown error (code 4096)\n"
attr(,"class")
[1] "try-error"
attr(,"condition")
<simpleError in h(simpleError(msg, call)): error in evaluating the argument 'x' in selecting a method for function 'extent': coordinate operation creation from WKT failed: Unknown error (code 4096)>

[[568]]
[1] "Error in rgdal::rawTransform(projto_int, projfrom, nrow(xy), xy[, 1],  : \n  coordinate operation creation from WKT failed: Unknown error (code 4096)\n"
attr(,"class")
[1] "try-error"
attr(,"condition")
<simpleError in rgdal::rawTransform(projto_int, projfrom, nrow(xy), xy[, 1],     xy[, 2], wkt = use_proj6): coordinate operation creation from WKT failed: Unknown error (code 4096)>

[[569]]
[1] "Error in rgdal::rawTransform(projto_int, projfrom, nrow(xy), xy[, 1],  : \n  coordinate operation creation from WKT failed: Unknown error (code 4096)\n"
attr(,"class")
[1] "try-error"
attr(,"condition")
<simpleError in rgdal::rawTransform(projto_int, projfrom, nrow(xy), xy[, 1],     xy[, 2], wkt = use_proj6): coordinate operation creation from WKT failed: Unknown error (code 4096)>

[[570]]
class      : RasterLayer 
dimensions : 12027, 24053, 289285431  (nrow, ncol, ncell)
resolution : 1500.029, 1499.966  (x, y)
extent     : -18040096, 18040096, -9020048, 9020048  (xmin, xmax, ymin, ymax)
crs        : +proj=moll +lon_0=0 +x_0=0 +y_0=0 +ellps=WGS84 +units=m +no_defs 
source     : CMIP6 June Mollweide.tif 
names      : CMIP6_June_Mollweide 
values     : -63.72917, 32.92926  (min, max)


[[571]]
NULL

[[572]]
[1] "Error in h(simpleError(msg, call)) : \n  error in evaluating the argument 'x' in selecting a method for function 'extent': coordinate operation creation from WKT failed: Unknown error (code 4096)\n"
attr(,"class")
[1] "try-error"
attr(,"condition")
<simpleError in h(simpleError(msg, call)): error in evaluating the argument 'x' in selecting a method for function 'extent': coordinate operation creation from WKT failed: Unknown error (code 4096)>

[[573]]
[1] "Error in h(simpleError(msg, call)) : \n  error in evaluating the argument 'x' in selecting a method for function 'extent': coordinate operation creation from WKT failed: Unknown error (code 4096)\n"
attr(,"class")
[1] "try-error"
attr(,"condition")
<simpleError in h(simpleError(msg, call)): error in evaluating the argument 'x' in selecting a method for function 'extent': coordinate operation creation from WKT failed: Unknown error (code 4096)>

[[574]]
[1] "Error in h(simpleError(msg, call)) : \n  error in evaluating the argument 'x' in selecting a method for function 'extent': coordinate operation creation from WKT failed: Unknown error (code 4096)\n"
attr(,"class")
[1] "try-error"
attr(,"condition")
<simpleError in h(simpleError(msg, call)): error in evaluating the argument 'x' in selecting a method for function 'extent': coordinate operation creation from WKT failed: Unknown error (code 4096)>

[[575]]
[1] "Error in h(simpleError(msg, call)) : \n  error in evaluating the argument 'x' in selecting a method for function 'extent': target crs creation failed: Unknown error (code 4096)\n"
attr(,"class")
[1] "try-error"
attr(,"condition")
<simpleError in h(simpleError(msg, call)): error in evaluating the argument 'x' in selecting a method for function 'extent': target crs creation failed: Unknown error (code 4096)>

[[576]]
[1] "Error in h(simpleError(msg, call)) : \n  error in evaluating the argument 'x' in selecting a method for function 'extent': coordinate operation creation from WKT failed: Unknown error (code 4096)\n"
attr(,"class")
[1] "try-error"
attr(,"condition")
<simpleError in h(simpleError(msg, call)): error in evaluating the argument 'x' in selecting a method for function 'extent': coordinate operation creation from WKT failed: Unknown error (code 4096)>

[[577]]
[1] "Error in h(simpleError(msg, call)) : \n  error in evaluating the argument 'x' in selecting a method for function 'extent': coordinate operation creation from WKT failed: Unknown error (code 4096)\n"
attr(,"class")
[1] "try-error"
attr(,"condition")
<simpleError in h(simpleError(msg, call)): error in evaluating the argument 'x' in selecting a method for function 'extent': coordinate operation creation from WKT failed: Unknown error (code 4096)>

[[578]]
[1] "Error in h(simpleError(msg, call)) : \n  error in evaluating the argument 'x' in selecting a method for function 'extent': coordinate operation creation from WKT failed: Unknown error (code 4096)\n"
attr(,"class")
[1] "try-error"
attr(,"condition")
<simpleError in h(simpleError(msg, call)): error in evaluating the argument 'x' in selecting a method for function 'extent': coordinate operation creation from WKT failed: Unknown error (code 4096)>

[[579]]
[1] "Error in h(simpleError(msg, call)) : \n  error in evaluating the argument 'x' in selecting a method for function 'extent': target crs creation failed: Unknown error (code 4096)\n"
attr(,"class")
[1] "try-error"
attr(,"condition")
<simpleError in h(simpleError(msg, call)): error in evaluating the argument 'x' in selecting a method for function 'extent': target crs creation failed: Unknown error (code 4096)>

[[580]]
[1] "Error in rgdal::rawTransform(projto_int, projfrom, nrow(xy), xy[, 1],  : \n  coordinate operation creation from WKT failed: Unknown error (code 4096)\n"
attr(,"class")
[1] "try-error"
attr(,"condition")
<simpleError in rgdal::rawTransform(projto_int, projfrom, nrow(xy), xy[, 1],     xy[, 2], wkt = use_proj6): coordinate operation creation from WKT failed: Unknown error (code 4096)>

[[581]]
[1] "Error in .rasterObjectFromFile(x, band = band, objecttype = \"RasterLayer\",  : \n  Cannot create a RasterLayer object from this file.\n"
attr(,"class")
[1] "try-error"
attr(,"condition")
<simpleError in .rasterObjectFromFile(x, band = band, objecttype = "RasterLayer",     ...): Cannot create a RasterLayer object from this file.>

[[582]]
[1] "Error in h(simpleError(msg, call)) : \n  error in evaluating the argument 'x' in selecting a method for function 'extent': coordinate operation creation from WKT failed: Unknown error (code 4096)\n"
attr(,"class")
[1] "try-error"
attr(,"condition")
<simpleError in h(simpleError(msg, call)): error in evaluating the argument 'x' in selecting a method for function 'extent': coordinate operation creation from WKT failed: Unknown error (code 4096)>

[[583]]
[1] "Error in rgdal::rawTransform(projto_int, projfrom, nrow(xy), xy[, 1],  : \n  coordinate operation creation from WKT failed: Unknown error (code 4096)\n"
attr(,"class")
[1] "try-error"
attr(,"condition")
<simpleError in rgdal::rawTransform(projto_int, projfrom, nrow(xy), xy[, 1],     xy[, 2], wkt = use_proj6): coordinate operation creation from WKT failed: Unknown error (code 4096)>

[[584]]
[1] "Error in rgdal::rawTransform(projto_int, projfrom, nrow(xy), xy[, 1],  : \n  coordinate operation creation from WKT failed: Unknown error (code 4096)\n"
attr(,"class")
[1] "try-error"
attr(,"condition")
<simpleError in rgdal::rawTransform(projto_int, projfrom, nrow(xy), xy[, 1],     xy[, 2], wkt = use_proj6): coordinate operation creation from WKT failed: Unknown error (code 4096)>

[[585]]
class      : RasterLayer 
dimensions : 12027, 24053, 289285431  (nrow, ncol, ncell)
resolution : 1500.029, 1499.966  (x, y)
extent     : -18040096, 18040096, -9020048, 9020048  (xmin, xmax, ymin, ymax)
crs        : +proj=moll +lon_0=0 +x_0=0 +y_0=0 +ellps=WGS84 +units=m +no_defs 
source     : CMIP6 October Mollweide.tif 
names      : CMIP6_October_Mollweide 
values     : -55.5394, 33.66178  (min, max)


[[586]]
NULL

[[587]]
[1] "Error in h(simpleError(msg, call)) : \n  error in evaluating the argument 'x' in selecting a method for function 'extent': coordinate operation creation from WKT failed: Unknown error (code 4096)\n"
attr(,"class")
[1] "try-error"
attr(,"condition")
<simpleError in h(simpleError(msg, call)): error in evaluating the argument 'x' in selecting a method for function 'extent': coordinate operation creation from WKT failed: Unknown error (code 4096)>

[[588]]
[1] "Error in h(simpleError(msg, call)) : \n  error in evaluating the argument 'x' in selecting a method for function 'extent': coordinate operation creation from WKT failed: Unknown error (code 4096)\n"
attr(,"class")
[1] "try-error"
attr(,"condition")
<simpleError in h(simpleError(msg, call)): error in evaluating the argument 'x' in selecting a method for function 'extent': coordinate operation creation from WKT failed: Unknown error (code 4096)>

[[589]]
[1] "Error in h(simpleError(msg, call)) : \n  error in evaluating the argument 'x' in selecting a method for function 'extent': coordinate operation creation from WKT failed: Unknown error (code 4096)\n"
attr(,"class")
[1] "try-error"
attr(,"condition")
<simpleError in h(simpleError(msg, call)): error in evaluating the argument 'x' in selecting a method for function 'extent': coordinate operation creation from WKT failed: Unknown error (code 4096)>

[[590]]
[1] "Error in h(simpleError(msg, call)) : \n  error in evaluating the argument 'x' in selecting a method for function 'extent': target crs creation failed: Unknown error (code 4096)\n"
attr(,"class")
[1] "try-error"
attr(,"condition")
<simpleError in h(simpleError(msg, call)): error in evaluating the argument 'x' in selecting a method for function 'extent': target crs creation failed: Unknown error (code 4096)>

[[591]]
[1] "Error in h(simpleError(msg, call)) : \n  error in evaluating the argument 'x' in selecting a method for function 'extent': coordinate operation creation from WKT failed: Unknown error (code 4096)\n"
attr(,"class")
[1] "try-error"
attr(,"condition")
<simpleError in h(simpleError(msg, call)): error in evaluating the argument 'x' in selecting a method for function 'extent': coordinate operation creation from WKT failed: Unknown error (code 4096)>

[[592]]
[1] "Error in h(simpleError(msg, call)) : \n  error in evaluating the argument 'x' in selecting a method for function 'extent': coordinate operation creation from WKT failed: Unknown error (code 4096)\n"
attr(,"class")
[1] "try-error"
attr(,"condition")
<simpleError in h(simpleError(msg, call)): error in evaluating the argument 'x' in selecting a method for function 'extent': coordinate operation creation from WKT failed: Unknown error (code 4096)>

[[593]]
[1] "Error in h(simpleError(msg, call)) : \n  error in evaluating the argument 'x' in selecting a method for function 'extent': coordinate operation creation from WKT failed: Unknown error (code 4096)\n"
attr(,"class")
[1] "try-error"
attr(,"condition")
<simpleError in h(simpleError(msg, call)): error in evaluating the argument 'x' in selecting a method for function 'extent': coordinate operation creation from WKT failed: Unknown error (code 4096)>

[[594]]
[1] "Error in h(simpleError(msg, call)) : \n  error in evaluating the argument 'x' in selecting a method for function 'extent': target crs creation failed: Unknown error (code 4096)\n"
attr(,"class")
[1] "try-error"
attr(,"condition")
<simpleError in h(simpleError(msg, call)): error in evaluating the argument 'x' in selecting a method for function 'extent': target crs creation failed: Unknown error (code 4096)>

[[595]]
[1] "Error in rgdal::rawTransform(projto_int, projfrom, nrow(xy), xy[, 1],  : \n  coordinate operation creation from WKT failed: Unknown error (code 4096)\n"
attr(,"class")
[1] "try-error"
attr(,"condition")
<simpleError in rgdal::rawTransform(projto_int, projfrom, nrow(xy), xy[, 1],     xy[, 2], wkt = use_proj6): coordinate operation creation from WKT failed: Unknown error (code 4096)>

[[596]]
[1] "Error in .rasterObjectFromFile(x, band = band, objecttype = \"RasterLayer\",  : \n  Cannot create a RasterLayer object from this file.\n"
attr(,"class")
[1] "try-error"
attr(,"condition")
<simpleError in .rasterObjectFromFile(x, band = band, objecttype = "RasterLayer",     ...): Cannot create a RasterLayer object from this file.>

[[597]]
[1] "Error in h(simpleError(msg, call)) : \n  error in evaluating the argument 'x' in selecting a method for function 'extent': coordinate operation creation from WKT failed: Unknown error (code 4096)\n"
attr(,"class")
[1] "try-error"
attr(,"condition")
<simpleError in h(simpleError(msg, call)): error in evaluating the argument 'x' in selecting a method for function 'extent': coordinate operation creation from WKT failed: Unknown error (code 4096)>

[[598]]
[1] "Error in rgdal::rawTransform(projto_int, projfrom, nrow(xy), xy[, 1],  : \n  coordinate operation creation from WKT failed: Unknown error (code 4096)\n"
attr(,"class")
[1] "try-error"
attr(,"condition")
<simpleError in rgdal::rawTransform(projto_int, projfrom, nrow(xy), xy[, 1],     xy[, 2], wkt = use_proj6): coordinate operation creation from WKT failed: Unknown error (code 4096)>

[[599]]
[1] "Error in rgdal::rawTransform(projto_int, projfrom, nrow(xy), xy[, 1],  : \n  coordinate operation creation from WKT failed: Unknown error (code 4096)\n"
attr(,"class")
[1] "try-error"
attr(,"condition")
<simpleError in rgdal::rawTransform(projto_int, projfrom, nrow(xy), xy[, 1],     xy[, 2], wkt = use_proj6): coordinate operation creation from WKT failed: Unknown error (code 4096)>

[[600]]
class      : RasterLayer 
dimensions : 12027, 24053, 289285431  (nrow, ncol, ncell)
resolution : 1500.029, 1499.966  (x, y)
extent     : -18040096, 18040096, -9020048, 9020048  (xmin, xmax, ymin, ymax)
crs        : +proj=moll +lon_0=0 +x_0=0 +y_0=0 +ellps=WGS84 +units=m +no_defs 
source     : CMIP6 November Mollweide.tif 
names      : CMIP6_November_Mollweide 
values     : 0.005462489, 17.51641  (min, max)


[[601]]
NULL

[[602]]
[1] "Error in h(simpleError(msg, call)) : \n  error in evaluating the argument 'x' in selecting a method for function 'extent': coordinate operation creation from WKT failed: Unknown error (code 4096)\n"
attr(,"class")
[1] "try-error"
attr(,"condition")
<simpleError in h(simpleError(msg, call)): error in evaluating the argument 'x' in selecting a method for function 'extent': coordinate operation creation from WKT failed: Unknown error (code 4096)>

[[603]]
[1] "Error in h(simpleError(msg, call)) : \n  error in evaluating the argument 'x' in selecting a method for function 'extent': coordinate operation creation from WKT failed: Unknown error (code 4096)\n"
attr(,"class")
[1] "try-error"
attr(,"condition")
<simpleError in h(simpleError(msg, call)): error in evaluating the argument 'x' in selecting a method for function 'extent': coordinate operation creation from WKT failed: Unknown error (code 4096)>

[[604]]
[1] "Error in h(simpleError(msg, call)) : \n  error in evaluating the argument 'x' in selecting a method for function 'extent': coordinate operation creation from WKT failed: Unknown error (code 4096)\n"
attr(,"class")
[1] "try-error"
attr(,"condition")
<simpleError in h(simpleError(msg, call)): error in evaluating the argument 'x' in selecting a method for function 'extent': coordinate operation creation from WKT failed: Unknown error (code 4096)>

[[605]]
[1] "Error in h(simpleError(msg, call)) : \n  error in evaluating the argument 'x' in selecting a method for function 'extent': target crs creation failed: Unknown error (code 4096)\n"
attr(,"class")
[1] "try-error"
attr(,"condition")
<simpleError in h(simpleError(msg, call)): error in evaluating the argument 'x' in selecting a method for function 'extent': target crs creation failed: Unknown error (code 4096)>

[[606]]
[1] "Error in h(simpleError(msg, call)) : \n  error in evaluating the argument 'x' in selecting a method for function 'extent': coordinate operation creation from WKT failed: Unknown error (code 4096)\n"
attr(,"class")
[1] "try-error"
attr(,"condition")
<simpleError in h(simpleError(msg, call)): error in evaluating the argument 'x' in selecting a method for function 'extent': coordinate operation creation from WKT failed: Unknown error (code 4096)>

[[607]]
[1] "Error in h(simpleError(msg, call)) : \n  error in evaluating the argument 'x' in selecting a method for function 'extent': coordinate operation creation from WKT failed: Unknown error (code 4096)\n"
attr(,"class")
[1] "try-error"
attr(,"condition")
<simpleError in h(simpleError(msg, call)): error in evaluating the argument 'x' in selecting a method for function 'extent': coordinate operation creation from WKT failed: Unknown error (code 4096)>

[[608]]
[1] "Error in h(simpleError(msg, call)) : \n  error in evaluating the argument 'x' in selecting a method for function 'extent': coordinate operation creation from WKT failed: Unknown error (code 4096)\n"
attr(,"class")
[1] "try-error"
attr(,"condition")
<simpleError in h(simpleError(msg, call)): error in evaluating the argument 'x' in selecting a method for function 'extent': coordinate operation creation from WKT failed: Unknown error (code 4096)>

[[609]]
[1] "Error in h(simpleError(msg, call)) : \n  error in evaluating the argument 'x' in selecting a method for function 'extent': target crs creation failed: Unknown error (code 4096)\n"
attr(,"class")
[1] "try-error"
attr(,"condition")
<simpleError in h(simpleError(msg, call)): error in evaluating the argument 'x' in selecting a method for function 'extent': target crs creation failed: Unknown error (code 4096)>

[[610]]
[1] "Error in rgdal::rawTransform(projto_int, projfrom, nrow(xy), xy[, 1],  : \n  coordinate operation creation from WKT failed: Unknown error (code 4096)\n"
attr(,"class")
[1] "try-error"
attr(,"condition")
<simpleError in rgdal::rawTransform(projto_int, projfrom, nrow(xy), xy[, 1],     xy[, 2], wkt = use_proj6): coordinate operation creation from WKT failed: Unknown error (code 4096)>

[[611]]
[1] "Error in .rasterObjectFromFile(x, band = band, objecttype = \"RasterLayer\",  : \n  Cannot create a RasterLayer object from this file.\n"
attr(,"class")
[1] "try-error"
attr(,"condition")
<simpleError in .rasterObjectFromFile(x, band = band, objecttype = "RasterLayer",     ...): Cannot create a RasterLayer object from this file.>

[[612]]
[1] "Error in h(simpleError(msg, call)) : \n  error in evaluating the argument 'x' in selecting a method for function 'extent': coordinate operation creation from WKT failed: Unknown error (code 4096)\n"
attr(,"class")
[1] "try-error"
attr(,"condition")
<simpleError in h(simpleError(msg, call)): error in evaluating the argument 'x' in selecting a method for function 'extent': coordinate operation creation from WKT failed: Unknown error (code 4096)>

[[613]]
[1] "Error in rgdal::rawTransform(projto_int, projfrom, nrow(xy), xy[, 1],  : \n  coordinate operation creation from WKT failed: Unknown error (code 4096)\n"
attr(,"class")
[1] "try-error"
attr(,"condition")
<simpleError in rgdal::rawTransform(projto_int, projfrom, nrow(xy), xy[, 1],     xy[, 2], wkt = use_proj6): coordinate operation creation from WKT failed: Unknown error (code 4096)>

[[614]]
[1] "Error in rgdal::rawTransform(projto_int, projfrom, nrow(xy), xy[, 1],  : \n  coordinate operation creation from WKT failed: Unknown error (code 4096)\n"
attr(,"class")
[1] "try-error"
attr(,"condition")
<simpleError in rgdal::rawTransform(projto_int, projfrom, nrow(xy), xy[, 1],     xy[, 2], wkt = use_proj6): coordinate operation creation from WKT failed: Unknown error (code 4096)>

[[615]]
class      : RasterLayer 
dimensions : 12027, 24053, 289285431  (nrow, ncol, ncell)
resolution : 1500.029, 1499.966  (x, y)
extent     : -18040096, 18040096, -9020048, 9020048  (xmin, xmax, ymin, ymax)
crs        : +proj=moll +lon_0=0 +x_0=0 +y_0=0 +ellps=WGS84 +units=m +no_defs 
source     : CMIP6 April Mollweide.tif 
names      : CMIP6_April_Mollweide 
values     : 0.03978322, 20.89047  (min, max)


[[616]]
NULL

[[617]]
[1] "Error in h(simpleError(msg, call)) : \n  error in evaluating the argument 'x' in selecting a method for function 'extent': coordinate operation creation from WKT failed: Unknown error (code 4096)\n"
attr(,"class")
[1] "try-error"
attr(,"condition")
<simpleError in h(simpleError(msg, call)): error in evaluating the argument 'x' in selecting a method for function 'extent': coordinate operation creation from WKT failed: Unknown error (code 4096)>

[[618]]
[1] "Error in h(simpleError(msg, call)) : \n  error in evaluating the argument 'x' in selecting a method for function 'extent': coordinate operation creation from WKT failed: Unknown error (code 4096)\n"
attr(,"class")
[1] "try-error"
attr(,"condition")
<simpleError in h(simpleError(msg, call)): error in evaluating the argument 'x' in selecting a method for function 'extent': coordinate operation creation from WKT failed: Unknown error (code 4096)>

[[619]]
[1] "Error in h(simpleError(msg, call)) : \n  error in evaluating the argument 'x' in selecting a method for function 'extent': coordinate operation creation from WKT failed: Unknown error (code 4096)\n"
attr(,"class")
[1] "try-error"
attr(,"condition")
<simpleError in h(simpleError(msg, call)): error in evaluating the argument 'x' in selecting a method for function 'extent': coordinate operation creation from WKT failed: Unknown error (code 4096)>

[[620]]
[1] "Error in h(simpleError(msg, call)) : \n  error in evaluating the argument 'x' in selecting a method for function 'extent': target crs creation failed: Unknown error (code 4096)\n"
attr(,"class")
[1] "try-error"
attr(,"condition")
<simpleError in h(simpleError(msg, call)): error in evaluating the argument 'x' in selecting a method for function 'extent': target crs creation failed: Unknown error (code 4096)>

[[621]]
[1] "Error in h(simpleError(msg, call)) : \n  error in evaluating the argument 'x' in selecting a method for function 'extent': coordinate operation creation from WKT failed: Unknown error (code 4096)\n"
attr(,"class")
[1] "try-error"
attr(,"condition")
<simpleError in h(simpleError(msg, call)): error in evaluating the argument 'x' in selecting a method for function 'extent': coordinate operation creation from WKT failed: Unknown error (code 4096)>

[[622]]
[1] "Error in h(simpleError(msg, call)) : \n  error in evaluating the argument 'x' in selecting a method for function 'extent': coordinate operation creation from WKT failed: Unknown error (code 4096)\n"
attr(,"class")
[1] "try-error"
attr(,"condition")
<simpleError in h(simpleError(msg, call)): error in evaluating the argument 'x' in selecting a method for function 'extent': coordinate operation creation from WKT failed: Unknown error (code 4096)>

[[623]]
[1] "Error in h(simpleError(msg, call)) : \n  error in evaluating the argument 'x' in selecting a method for function 'extent': coordinate operation creation from WKT failed: Unknown error (code 4096)\n"
attr(,"class")
[1] "try-error"
attr(,"condition")
<simpleError in h(simpleError(msg, call)): error in evaluating the argument 'x' in selecting a method for function 'extent': coordinate operation creation from WKT failed: Unknown error (code 4096)>

[[624]]
[1] "Error in h(simpleError(msg, call)) : \n  error in evaluating the argument 'x' in selecting a method for function 'extent': target crs creation failed: Unknown error (code 4096)\n"
attr(,"class")
[1] "try-error"
attr(,"condition")
<simpleError in h(simpleError(msg, call)): error in evaluating the argument 'x' in selecting a method for function 'extent': target crs creation failed: Unknown error (code 4096)>

[[625]]
[1] "Error in rgdal::rawTransform(projto_int, projfrom, nrow(xy), xy[, 1],  : \n  coordinate operation creation from WKT failed: Unknown error (code 4096)\n"
attr(,"class")
[1] "try-error"
attr(,"condition")
<simpleError in rgdal::rawTransform(projto_int, projfrom, nrow(xy), xy[, 1],     xy[, 2], wkt = use_proj6): coordinate operation creation from WKT failed: Unknown error (code 4096)>

[[626]]
[1] "Error in .rasterObjectFromFile(x, band = band, objecttype = \"RasterLayer\",  : \n  Cannot create a RasterLayer object from this file.\n"
attr(,"class")
[1] "try-error"
attr(,"condition")
<simpleError in .rasterObjectFromFile(x, band = band, objecttype = "RasterLayer",     ...): Cannot create a RasterLayer object from this file.>

[[627]]
[1] "Error in h(simpleError(msg, call)) : \n  error in evaluating the argument 'x' in selecting a method for function 'extent': coordinate operation creation from WKT failed: Unknown error (code 4096)\n"
attr(,"class")
[1] "try-error"
attr(,"condition")
<simpleError in h(simpleError(msg, call)): error in evaluating the argument 'x' in selecting a method for function 'extent': coordinate operation creation from WKT failed: Unknown error (code 4096)>

[[628]]
[1] "Error in rgdal::rawTransform(projto_int, projfrom, nrow(xy), xy[, 1],  : \n  coordinate operation creation from WKT failed: Unknown error (code 4096)\n"
attr(,"class")
[1] "try-error"
attr(,"condition")
<simpleError in rgdal::rawTransform(projto_int, projfrom, nrow(xy), xy[, 1],     xy[, 2], wkt = use_proj6): coordinate operation creation from WKT failed: Unknown error (code 4096)>

[[629]]
[1] "Error in rgdal::rawTransform(projto_int, projfrom, nrow(xy), xy[, 1],  : \n  coordinate operation creation from WKT failed: Unknown error (code 4096)\n"
attr(,"class")
[1] "try-error"
attr(,"condition")
<simpleError in rgdal::rawTransform(projto_int, projfrom, nrow(xy), xy[, 1],     xy[, 2], wkt = use_proj6): coordinate operation creation from WKT failed: Unknown error (code 4096)>

[[630]]
class      : RasterLayer 
dimensions : 12027, 24053, 289285431  (nrow, ncol, ncell)
resolution : 1500.029, 1499.966  (x, y)
extent     : -18040096, 18040096, -9020048, 9020048  (xmin, xmax, ymin, ymax)
crs        : +proj=moll +lon_0=0 +x_0=0 +y_0=0 +ellps=WGS84 +units=m +no_defs 
source     : CMIP6 February Mollweide.tif 
names      : CMIP6_February_Mollweide 
values     : 0.00410781, 23.7949  (min, max)


[[631]]
NULL

[[632]]
[1] "Error in h(simpleError(msg, call)) : \n  error in evaluating the argument 'x' in selecting a method for function 'extent': coordinate operation creation from WKT failed: Unknown error (code 4096)\n"
attr(,"class")
[1] "try-error"
attr(,"condition")
<simpleError in h(simpleError(msg, call)): error in evaluating the argument 'x' in selecting a method for function 'extent': coordinate operation creation from WKT failed: Unknown error (code 4096)>

[[633]]
[1] "Error in h(simpleError(msg, call)) : \n  error in evaluating the argument 'x' in selecting a method for function 'extent': coordinate operation creation from WKT failed: Unknown error (code 4096)\n"
attr(,"class")
[1] "try-error"
attr(,"condition")
<simpleError in h(simpleError(msg, call)): error in evaluating the argument 'x' in selecting a method for function 'extent': coordinate operation creation from WKT failed: Unknown error (code 4096)>

[[634]]
[1] "Error in h(simpleError(msg, call)) : \n  error in evaluating the argument 'x' in selecting a method for function 'extent': coordinate operation creation from WKT failed: Unknown error (code 4096)\n"
attr(,"class")
[1] "try-error"
attr(,"condition")
<simpleError in h(simpleError(msg, call)): error in evaluating the argument 'x' in selecting a method for function 'extent': coordinate operation creation from WKT failed: Unknown error (code 4096)>

[[635]]
[1] "Error in h(simpleError(msg, call)) : \n  error in evaluating the argument 'x' in selecting a method for function 'extent': target crs creation failed: Unknown error (code 4096)\n"
attr(,"class")
[1] "try-error"
attr(,"condition")
<simpleError in h(simpleError(msg, call)): error in evaluating the argument 'x' in selecting a method for function 'extent': target crs creation failed: Unknown error (code 4096)>

[[636]]
[1] "Error in h(simpleError(msg, call)) : \n  error in evaluating the argument 'x' in selecting a method for function 'extent': coordinate operation creation from WKT failed: Unknown error (code 4096)\n"
attr(,"class")
[1] "try-error"
attr(,"condition")
<simpleError in h(simpleError(msg, call)): error in evaluating the argument 'x' in selecting a method for function 'extent': coordinate operation creation from WKT failed: Unknown error (code 4096)>

[[637]]
[1] "Error in h(simpleError(msg, call)) : \n  error in evaluating the argument 'x' in selecting a method for function 'extent': coordinate operation creation from WKT failed: Unknown error (code 4096)\n"
attr(,"class")
[1] "try-error"
attr(,"condition")
<simpleError in h(simpleError(msg, call)): error in evaluating the argument 'x' in selecting a method for function 'extent': coordinate operation creation from WKT failed: Unknown error (code 4096)>

[[638]]
[1] "Error in h(simpleError(msg, call)) : \n  error in evaluating the argument 'x' in selecting a method for function 'extent': coordinate operation creation from WKT failed: Unknown error (code 4096)\n"
attr(,"class")
[1] "try-error"
attr(,"condition")
<simpleError in h(simpleError(msg, call)): error in evaluating the argument 'x' in selecting a method for function 'extent': coordinate operation creation from WKT failed: Unknown error (code 4096)>

[[639]]
[1] "Error in h(simpleError(msg, call)) : \n  error in evaluating the argument 'x' in selecting a method for function 'extent': target crs creation failed: Unknown error (code 4096)\n"
attr(,"class")
[1] "try-error"
attr(,"condition")
<simpleError in h(simpleError(msg, call)): error in evaluating the argument 'x' in selecting a method for function 'extent': target crs creation failed: Unknown error (code 4096)>

[[640]]
[1] "Error in rgdal::rawTransform(projto_int, projfrom, nrow(xy), xy[, 1],  : \n  coordinate operation creation from WKT failed: Unknown error (code 4096)\n"
attr(,"class")
[1] "try-error"
attr(,"condition")
<simpleError in rgdal::rawTransform(projto_int, projfrom, nrow(xy), xy[, 1],     xy[, 2], wkt = use_proj6): coordinate operation creation from WKT failed: Unknown error (code 4096)>

[[641]]
[1] "Error in .rasterObjectFromFile(x, band = band, objecttype = \"RasterLayer\",  : \n  Cannot create a RasterLayer object from this file.\n"
attr(,"class")
[1] "try-error"
attr(,"condition")
<simpleError in .rasterObjectFromFile(x, band = band, objecttype = "RasterLayer",     ...): Cannot create a RasterLayer object from this file.>

[[642]]
[1] "Error in h(simpleError(msg, call)) : \n  error in evaluating the argument 'x' in selecting a method for function 'extent': coordinate operation creation from WKT failed: Unknown error (code 4096)\n"
attr(,"class")
[1] "try-error"
attr(,"condition")
<simpleError in h(simpleError(msg, call)): error in evaluating the argument 'x' in selecting a method for function 'extent': coordinate operation creation from WKT failed: Unknown error (code 4096)>

[[643]]
[1] "Error in rgdal::rawTransform(projto_int, projfrom, nrow(xy), xy[, 1],  : \n  coordinate operation creation from WKT failed: Unknown error (code 4096)\n"
attr(,"class")
[1] "try-error"
attr(,"condition")
<simpleError in rgdal::rawTransform(projto_int, projfrom, nrow(xy), xy[, 1],     xy[, 2], wkt = use_proj6): coordinate operation creation from WKT failed: Unknown error (code 4096)>

[[644]]
[1] "Error in rgdal::rawTransform(projto_int, projfrom, nrow(xy), xy[, 1],  : \n  coordinate operation creation from WKT failed: Unknown error (code 4096)\n"
attr(,"class")
[1] "try-error"
attr(,"condition")
<simpleError in rgdal::rawTransform(projto_int, projfrom, nrow(xy), xy[, 1],     xy[, 2], wkt = use_proj6): coordinate operation creation from WKT failed: Unknown error (code 4096)>

[[645]]
class      : RasterLayer 
dimensions : 12027, 24053, 289285431  (nrow, ncol, ncell)
resolution : 1500.029, 1499.966  (x, y)
extent     : -18040096, 18040096, -9020048, 9020048  (xmin, xmax, ymin, ymax)
crs        : +proj=moll +lon_0=0 +x_0=0 +y_0=0 +ellps=WGS84 +units=m +no_defs 
source     : CMIP6 July Mollweide.tif 
names      : CMIP6_July_Mollweide 
values     : -62.06863, 40.94037  (min, max)


[[646]]
NULL

[[647]]
[1] "Error in h(simpleError(msg, call)) : \n  error in evaluating the argument 'x' in selecting a method for function 'extent': coordinate operation creation from WKT failed: Unknown error (code 4096)\n"
attr(,"class")
[1] "try-error"
attr(,"condition")
<simpleError in h(simpleError(msg, call)): error in evaluating the argument 'x' in selecting a method for function 'extent': coordinate operation creation from WKT failed: Unknown error (code 4096)>

[[648]]
[1] "Error in h(simpleError(msg, call)) : \n  error in evaluating the argument 'x' in selecting a method for function 'extent': coordinate operation creation from WKT failed: Unknown error (code 4096)\n"
attr(,"class")
[1] "try-error"
attr(,"condition")
<simpleError in h(simpleError(msg, call)): error in evaluating the argument 'x' in selecting a method for function 'extent': coordinate operation creation from WKT failed: Unknown error (code 4096)>

[[649]]
[1] "Error in h(simpleError(msg, call)) : \n  error in evaluating the argument 'x' in selecting a method for function 'extent': coordinate operation creation from WKT failed: Unknown error (code 4096)\n"
attr(,"class")
[1] "try-error"
attr(,"condition")
<simpleError in h(simpleError(msg, call)): error in evaluating the argument 'x' in selecting a method for function 'extent': coordinate operation creation from WKT failed: Unknown error (code 4096)>

[[650]]
[1] "Error in h(simpleError(msg, call)) : \n  error in evaluating the argument 'x' in selecting a method for function 'extent': target crs creation failed: Unknown error (code 4096)\n"
attr(,"class")
[1] "try-error"
attr(,"condition")
<simpleError in h(simpleError(msg, call)): error in evaluating the argument 'x' in selecting a method for function 'extent': target crs creation failed: Unknown error (code 4096)>

[[651]]
[1] "Error in h(simpleError(msg, call)) : \n  error in evaluating the argument 'x' in selecting a method for function 'extent': coordinate operation creation from WKT failed: Unknown error (code 4096)\n"
attr(,"class")
[1] "try-error"
attr(,"condition")
<simpleError in h(simpleError(msg, call)): error in evaluating the argument 'x' in selecting a method for function 'extent': coordinate operation creation from WKT failed: Unknown error (code 4096)>

[[652]]
[1] "Error in h(simpleError(msg, call)) : \n  error in evaluating the argument 'x' in selecting a method for function 'extent': coordinate operation creation from WKT failed: Unknown error (code 4096)\n"
attr(,"class")
[1] "try-error"
attr(,"condition")
<simpleError in h(simpleError(msg, call)): error in evaluating the argument 'x' in selecting a method for function 'extent': coordinate operation creation from WKT failed: Unknown error (code 4096)>

[[653]]
[1] "Error in h(simpleError(msg, call)) : \n  error in evaluating the argument 'x' in selecting a method for function 'extent': coordinate operation creation from WKT failed: Unknown error (code 4096)\n"
attr(,"class")
[1] "try-error"
attr(,"condition")
<simpleError in h(simpleError(msg, call)): error in evaluating the argument 'x' in selecting a method for function 'extent': coordinate operation creation from WKT failed: Unknown error (code 4096)>

[[654]]
[1] "Error in h(simpleError(msg, call)) : \n  error in evaluating the argument 'x' in selecting a method for function 'extent': target crs creation failed: Unknown error (code 4096)\n"
attr(,"class")
[1] "try-error"
attr(,"condition")
<simpleError in h(simpleError(msg, call)): error in evaluating the argument 'x' in selecting a method for function 'extent': target crs creation failed: Unknown error (code 4096)>

[[655]]
[1] "Error in rgdal::rawTransform(projto_int, projfrom, nrow(xy), xy[, 1],  : \n  coordinate operation creation from WKT failed: Unknown error (code 4096)\n"
attr(,"class")
[1] "try-error"
attr(,"condition")
<simpleError in rgdal::rawTransform(projto_int, projfrom, nrow(xy), xy[, 1],     xy[, 2], wkt = use_proj6): coordinate operation creation from WKT failed: Unknown error (code 4096)>

[[656]]
[1] "Error in .rasterObjectFromFile(x, band = band, objecttype = \"RasterLayer\",  : \n  Cannot create a RasterLayer object from this file.\n"
attr(,"class")
[1] "try-error"
attr(,"condition")
<simpleError in .rasterObjectFromFile(x, band = band, objecttype = "RasterLayer",     ...): Cannot create a RasterLayer object from this file.>

[[657]]
[1] "Error in h(simpleError(msg, call)) : \n  error in evaluating the argument 'x' in selecting a method for function 'extent': coordinate operation creation from WKT failed: Unknown error (code 4096)\n"
attr(,"class")
[1] "try-error"
attr(,"condition")
<simpleError in h(simpleError(msg, call)): error in evaluating the argument 'x' in selecting a method for function 'extent': coordinate operation creation from WKT failed: Unknown error (code 4096)>

[[658]]
[1] "Error in rgdal::rawTransform(projto_int, projfrom, nrow(xy), xy[, 1],  : \n  coordinate operation creation from WKT failed: Unknown error (code 4096)\n"
attr(,"class")
[1] "try-error"
attr(,"condition")
<simpleError in rgdal::rawTransform(projto_int, projfrom, nrow(xy), xy[, 1],     xy[, 2], wkt = use_proj6): coordinate operation creation from WKT failed: Unknown error (code 4096)>

[[659]]
[1] "Error in rgdal::rawTransform(projto_int, projfrom, nrow(xy), xy[, 1],  : \n  coordinate operation creation from WKT failed: Unknown error (code 4096)\n"
attr(,"class")
[1] "try-error"
attr(,"condition")
<simpleError in rgdal::rawTransform(projto_int, projfrom, nrow(xy), xy[, 1],     xy[, 2], wkt = use_proj6): coordinate operation creation from WKT failed: Unknown error (code 4096)>

[[660]]
class      : RasterLayer 
dimensions : 12027, 24053, 289285431  (nrow, ncol, ncell)
resolution : 1500.029, 1499.966  (x, y)
extent     : -18040096, 18040096, -9020048, 9020048  (xmin, xmax, ymin, ymax)
crs        : +proj=moll +lon_0=0 +x_0=0 +y_0=0 +ellps=WGS84 +units=m +no_defs 
source     : CMIP6 November Mollweide.tif 
names      : CMIP6_November_Mollweide 
values     : -45.52518, 29.17959  (min, max)


[[661]]
NULL

[[662]]
[1] "Error in h(simpleError(msg, call)) : \n  error in evaluating the argument 'x' in selecting a method for function 'extent': coordinate operation creation from WKT failed: Unknown error (code 4096)\n"
attr(,"class")
[1] "try-error"
attr(,"condition")
<simpleError in h(simpleError(msg, call)): error in evaluating the argument 'x' in selecting a method for function 'extent': coordinate operation creation from WKT failed: Unknown error (code 4096)>

[[663]]
[1] "Error in h(simpleError(msg, call)) : \n  error in evaluating the argument 'x' in selecting a method for function 'extent': coordinate operation creation from WKT failed: Unknown error (code 4096)\n"
attr(,"class")
[1] "try-error"
attr(,"condition")
<simpleError in h(simpleError(msg, call)): error in evaluating the argument 'x' in selecting a method for function 'extent': coordinate operation creation from WKT failed: Unknown error (code 4096)>

[[664]]
[1] "Error in h(simpleError(msg, call)) : \n  error in evaluating the argument 'x' in selecting a method for function 'extent': coordinate operation creation from WKT failed: Unknown error (code 4096)\n"
attr(,"class")
[1] "try-error"
attr(,"condition")
<simpleError in h(simpleError(msg, call)): error in evaluating the argument 'x' in selecting a method for function 'extent': coordinate operation creation from WKT failed: Unknown error (code 4096)>

[[665]]
[1] "Error in h(simpleError(msg, call)) : \n  error in evaluating the argument 'x' in selecting a method for function 'extent': target crs creation failed: Unknown error (code 4096)\n"
attr(,"class")
[1] "try-error"
attr(,"condition")
<simpleError in h(simpleError(msg, call)): error in evaluating the argument 'x' in selecting a method for function 'extent': target crs creation failed: Unknown error (code 4096)>

[[666]]
[1] "Error in h(simpleError(msg, call)) : \n  error in evaluating the argument 'x' in selecting a method for function 'extent': coordinate operation creation from WKT failed: Unknown error (code 4096)\n"
attr(,"class")
[1] "try-error"
attr(,"condition")
<simpleError in h(simpleError(msg, call)): error in evaluating the argument 'x' in selecting a method for function 'extent': coordinate operation creation from WKT failed: Unknown error (code 4096)>

[[667]]
[1] "Error in h(simpleError(msg, call)) : \n  error in evaluating the argument 'x' in selecting a method for function 'extent': coordinate operation creation from WKT failed: Unknown error (code 4096)\n"
attr(,"class")
[1] "try-error"
attr(,"condition")
<simpleError in h(simpleError(msg, call)): error in evaluating the argument 'x' in selecting a method for function 'extent': coordinate operation creation from WKT failed: Unknown error (code 4096)>

[[668]]
[1] "Error in h(simpleError(msg, call)) : \n  error in evaluating the argument 'x' in selecting a method for function 'extent': coordinate operation creation from WKT failed: Unknown error (code 4096)\n"
attr(,"class")
[1] "try-error"
attr(,"condition")
<simpleError in h(simpleError(msg, call)): error in evaluating the argument 'x' in selecting a method for function 'extent': coordinate operation creation from WKT failed: Unknown error (code 4096)>

[[669]]
[1] "Error in h(simpleError(msg, call)) : \n  error in evaluating the argument 'x' in selecting a method for function 'extent': target crs creation failed: Unknown error (code 4096)\n"
attr(,"class")
[1] "try-error"
attr(,"condition")
<simpleError in h(simpleError(msg, call)): error in evaluating the argument 'x' in selecting a method for function 'extent': target crs creation failed: Unknown error (code 4096)>

[[670]]
[1] "Error in rgdal::rawTransform(projto_int, projfrom, nrow(xy), xy[, 1],  : \n  coordinate operation creation from WKT failed: Unknown error (code 4096)\n"
attr(,"class")
[1] "try-error"
attr(,"condition")
<simpleError in rgdal::rawTransform(projto_int, projfrom, nrow(xy), xy[, 1],     xy[, 2], wkt = use_proj6): coordinate operation creation from WKT failed: Unknown error (code 4096)>

[[671]]
[1] "Error in .rasterObjectFromFile(x, band = band, objecttype = \"RasterLayer\",  : \n  Cannot create a RasterLayer object from this file.\n"
attr(,"class")
[1] "try-error"
attr(,"condition")
<simpleError in .rasterObjectFromFile(x, band = band, objecttype = "RasterLayer",     ...): Cannot create a RasterLayer object from this file.>

[[672]]
[1] "Error in h(simpleError(msg, call)) : \n  error in evaluating the argument 'x' in selecting a method for function 'extent': coordinate operation creation from WKT failed: Unknown error (code 4096)\n"
attr(,"class")
[1] "try-error"
attr(,"condition")
<simpleError in h(simpleError(msg, call)): error in evaluating the argument 'x' in selecting a method for function 'extent': coordinate operation creation from WKT failed: Unknown error (code 4096)>

[[673]]
[1] "Error in rgdal::rawTransform(projto_int, projfrom, nrow(xy), xy[, 1],  : \n  coordinate operation creation from WKT failed: Unknown error (code 4096)\n"
attr(,"class")
[1] "try-error"
attr(,"condition")
<simpleError in rgdal::rawTransform(projto_int, projfrom, nrow(xy), xy[, 1],     xy[, 2], wkt = use_proj6): coordinate operation creation from WKT failed: Unknown error (code 4096)>

[[674]]
[1] "Error in rgdal::rawTransform(projto_int, projfrom, nrow(xy), xy[, 1],  : \n  coordinate operation creation from WKT failed: Unknown error (code 4096)\n"
attr(,"class")
[1] "try-error"
attr(,"condition")
<simpleError in rgdal::rawTransform(projto_int, projfrom, nrow(xy), xy[, 1],     xy[, 2], wkt = use_proj6): coordinate operation creation from WKT failed: Unknown error (code 4096)>

[[675]]
class      : RasterLayer 
dimensions : 12027, 24053, 289285431  (nrow, ncol, ncell)
resolution : 1500.029, 1499.966  (x, y)
extent     : -18040096, 18040096, -9020048, 9020048  (xmin, xmax, ymin, ymax)
crs        : +proj=moll +lon_0=0 +x_0=0 +y_0=0 +ellps=WGS84 +units=m +no_defs 
source     : CMIP6 September Mollweide.tif 
names      : CMIP6_September_Mollweide 
values     : 0.01255977, 16.16832  (min, max)


[[676]]
NULL

[[677]]
[1] "Error in h(simpleError(msg, call)) : \n  error in evaluating the argument 'x' in selecting a method for function 'extent': coordinate operation creation from WKT failed: Unknown error (code 4096)\n"
attr(,"class")
[1] "try-error"
attr(,"condition")
<simpleError in h(simpleError(msg, call)): error in evaluating the argument 'x' in selecting a method for function 'extent': coordinate operation creation from WKT failed: Unknown error (code 4096)>

[[678]]
[1] "Error in h(simpleError(msg, call)) : \n  error in evaluating the argument 'x' in selecting a method for function 'extent': coordinate operation creation from WKT failed: Unknown error (code 4096)\n"
attr(,"class")
[1] "try-error"
attr(,"condition")
<simpleError in h(simpleError(msg, call)): error in evaluating the argument 'x' in selecting a method for function 'extent': coordinate operation creation from WKT failed: Unknown error (code 4096)>

[[679]]
[1] "Error in h(simpleError(msg, call)) : \n  error in evaluating the argument 'x' in selecting a method for function 'extent': coordinate operation creation from WKT failed: Unknown error (code 4096)\n"
attr(,"class")
[1] "try-error"
attr(,"condition")
<simpleError in h(simpleError(msg, call)): error in evaluating the argument 'x' in selecting a method for function 'extent': coordinate operation creation from WKT failed: Unknown error (code 4096)>

[[680]]
[1] "Error in h(simpleError(msg, call)) : \n  error in evaluating the argument 'x' in selecting a method for function 'extent': target crs creation failed: Unknown error (code 4096)\n"
attr(,"class")
[1] "try-error"
attr(,"condition")
<simpleError in h(simpleError(msg, call)): error in evaluating the argument 'x' in selecting a method for function 'extent': target crs creation failed: Unknown error (code 4096)>

[[681]]
[1] "Error in h(simpleError(msg, call)) : \n  error in evaluating the argument 'x' in selecting a method for function 'extent': coordinate operation creation from WKT failed: Unknown error (code 4096)\n"
attr(,"class")
[1] "try-error"
attr(,"condition")
<simpleError in h(simpleError(msg, call)): error in evaluating the argument 'x' in selecting a method for function 'extent': coordinate operation creation from WKT failed: Unknown error (code 4096)>

[[682]]
[1] "Error in h(simpleError(msg, call)) : \n  error in evaluating the argument 'x' in selecting a method for function 'extent': coordinate operation creation from WKT failed: Unknown error (code 4096)\n"
attr(,"class")
[1] "try-error"
attr(,"condition")
<simpleError in h(simpleError(msg, call)): error in evaluating the argument 'x' in selecting a method for function 'extent': coordinate operation creation from WKT failed: Unknown error (code 4096)>

[[683]]
[1] "Error in h(simpleError(msg, call)) : \n  error in evaluating the argument 'x' in selecting a method for function 'extent': coordinate operation creation from WKT failed: Unknown error (code 4096)\n"
attr(,"class")
[1] "try-error"
attr(,"condition")
<simpleError in h(simpleError(msg, call)): error in evaluating the argument 'x' in selecting a method for function 'extent': coordinate operation creation from WKT failed: Unknown error (code 4096)>

[[684]]
[1] "Error in h(simpleError(msg, call)) : \n  error in evaluating the argument 'x' in selecting a method for function 'extent': target crs creation failed: Unknown error (code 4096)\n"
attr(,"class")
[1] "try-error"
attr(,"condition")
<simpleError in h(simpleError(msg, call)): error in evaluating the argument 'x' in selecting a method for function 'extent': target crs creation failed: Unknown error (code 4096)>

[[685]]
[1] "Error in rgdal::rawTransform(projto_int, projfrom, nrow(xy), xy[, 1],  : \n  coordinate operation creation from WKT failed: Unknown error (code 4096)\n"
attr(,"class")
[1] "try-error"
attr(,"condition")
<simpleError in rgdal::rawTransform(projto_int, projfrom, nrow(xy), xy[, 1],     xy[, 2], wkt = use_proj6): coordinate operation creation from WKT failed: Unknown error (code 4096)>

[[686]]
[1] "Error in .rasterObjectFromFile(x, band = band, objecttype = \"RasterLayer\",  : \n  Cannot create a RasterLayer object from this file.\n"
attr(,"class")
[1] "try-error"
attr(,"condition")
<simpleError in .rasterObjectFromFile(x, band = band, objecttype = "RasterLayer",     ...): Cannot create a RasterLayer object from this file.>

[[687]]
[1] "Error in h(simpleError(msg, call)) : \n  error in evaluating the argument 'x' in selecting a method for function 'extent': coordinate operation creation from WKT failed: Unknown error (code 4096)\n"
attr(,"class")
[1] "try-error"
attr(,"condition")
<simpleError in h(simpleError(msg, call)): error in evaluating the argument 'x' in selecting a method for function 'extent': coordinate operation creation from WKT failed: Unknown error (code 4096)>

[[688]]
[1] "Error in rgdal::rawTransform(projto_int, projfrom, nrow(xy), xy[, 1],  : \n  coordinate operation creation from WKT failed: Unknown error (code 4096)\n"
attr(,"class")
[1] "try-error"
attr(,"condition")
<simpleError in rgdal::rawTransform(projto_int, projfrom, nrow(xy), xy[, 1],     xy[, 2], wkt = use_proj6): coordinate operation creation from WKT failed: Unknown error (code 4096)>

[[689]]
[1] "Error in rgdal::rawTransform(projto_int, projfrom, nrow(xy), xy[, 1],  : \n  coordinate operation creation from WKT failed: Unknown error (code 4096)\n"
attr(,"class")
[1] "try-error"
attr(,"condition")
<simpleError in rgdal::rawTransform(projto_int, projfrom, nrow(xy), xy[, 1],     xy[, 2], wkt = use_proj6): coordinate operation creation from WKT failed: Unknown error (code 4096)>

[[690]]
class      : RasterLayer 
dimensions : 12027, 24053, 289285431  (nrow, ncol, ncell)
resolution : 1500.029, 1499.966  (x, y)
extent     : -18040096, 18040096, -9020048, 9020048  (xmin, xmax, ymin, ymax)
crs        : +proj=moll +lon_0=0 +x_0=0 +y_0=0 +ellps=WGS84 +units=m +no_defs 
source     : CMIP6 August Mollweide.tif 
names      : CMIP6_August_Mollweide 
values     : -66.24467, 33.8381  (min, max)


[[691]]
NULL

[[692]]
[1] "Error in h(simpleError(msg, call)) : \n  error in evaluating the argument 'x' in selecting a method for function 'extent': coordinate operation creation from WKT failed: Unknown error (code 4096)\n"
attr(,"class")
[1] "try-error"
attr(,"condition")
<simpleError in h(simpleError(msg, call)): error in evaluating the argument 'x' in selecting a method for function 'extent': coordinate operation creation from WKT failed: Unknown error (code 4096)>

[[693]]
[1] "Error in h(simpleError(msg, call)) : \n  error in evaluating the argument 'x' in selecting a method for function 'extent': coordinate operation creation from WKT failed: Unknown error (code 4096)\n"
attr(,"class")
[1] "try-error"
attr(,"condition")
<simpleError in h(simpleError(msg, call)): error in evaluating the argument 'x' in selecting a method for function 'extent': coordinate operation creation from WKT failed: Unknown error (code 4096)>

[[694]]
[1] "Error in h(simpleError(msg, call)) : \n  error in evaluating the argument 'x' in selecting a method for function 'extent': coordinate operation creation from WKT failed: Unknown error (code 4096)\n"
attr(,"class")
[1] "try-error"
attr(,"condition")
<simpleError in h(simpleError(msg, call)): error in evaluating the argument 'x' in selecting a method for function 'extent': coordinate operation creation from WKT failed: Unknown error (code 4096)>

[[695]]
[1] "Error in h(simpleError(msg, call)) : \n  error in evaluating the argument 'x' in selecting a method for function 'extent': target crs creation failed: Unknown error (code 4096)\n"
attr(,"class")
[1] "try-error"
attr(,"condition")
<simpleError in h(simpleError(msg, call)): error in evaluating the argument 'x' in selecting a method for function 'extent': target crs creation failed: Unknown error (code 4096)>

[[696]]
[1] "Error in h(simpleError(msg, call)) : \n  error in evaluating the argument 'x' in selecting a method for function 'extent': coordinate operation creation from WKT failed: Unknown error (code 4096)\n"
attr(,"class")
[1] "try-error"
attr(,"condition")
<simpleError in h(simpleError(msg, call)): error in evaluating the argument 'x' in selecting a method for function 'extent': coordinate operation creation from WKT failed: Unknown error (code 4096)>

[[697]]
[1] "Error in h(simpleError(msg, call)) : \n  error in evaluating the argument 'x' in selecting a method for function 'extent': coordinate operation creation from WKT failed: Unknown error (code 4096)\n"
attr(,"class")
[1] "try-error"
attr(,"condition")
<simpleError in h(simpleError(msg, call)): error in evaluating the argument 'x' in selecting a method for function 'extent': coordinate operation creation from WKT failed: Unknown error (code 4096)>

[[698]]
[1] "Error in h(simpleError(msg, call)) : \n  error in evaluating the argument 'x' in selecting a method for function 'extent': coordinate operation creation from WKT failed: Unknown error (code 4096)\n"
attr(,"class")
[1] "try-error"
attr(,"condition")
<simpleError in h(simpleError(msg, call)): error in evaluating the argument 'x' in selecting a method for function 'extent': coordinate operation creation from WKT failed: Unknown error (code 4096)>

[[699]]
[1] "Error in h(simpleError(msg, call)) : \n  error in evaluating the argument 'x' in selecting a method for function 'extent': target crs creation failed: Unknown error (code 4096)\n"
attr(,"class")
[1] "try-error"
attr(,"condition")
<simpleError in h(simpleError(msg, call)): error in evaluating the argument 'x' in selecting a method for function 'extent': target crs creation failed: Unknown error (code 4096)>

[[700]]
[1] "Error in rgdal::rawTransform(projto_int, projfrom, nrow(xy), xy[, 1],  : \n  coordinate operation creation from WKT failed: Unknown error (code 4096)\n"
attr(,"class")
[1] "try-error"
attr(,"condition")
<simpleError in rgdal::rawTransform(projto_int, projfrom, nrow(xy), xy[, 1],     xy[, 2], wkt = use_proj6): coordinate operation creation from WKT failed: Unknown error (code 4096)>

[[701]]
[1] "Error in .rasterObjectFromFile(x, band = band, objecttype = \"RasterLayer\",  : \n  Cannot create a RasterLayer object from this file.\n"
attr(,"class")
[1] "try-error"
attr(,"condition")
<simpleError in .rasterObjectFromFile(x, band = band, objecttype = "RasterLayer",     ...): Cannot create a RasterLayer object from this file.>

[[702]]
[1] "Error in h(simpleError(msg, call)) : \n  error in evaluating the argument 'x' in selecting a method for function 'extent': coordinate operation creation from WKT failed: Unknown error (code 4096)\n"
attr(,"class")
[1] "try-error"
attr(,"condition")
<simpleError in h(simpleError(msg, call)): error in evaluating the argument 'x' in selecting a method for function 'extent': coordinate operation creation from WKT failed: Unknown error (code 4096)>

[[703]]
[1] "Error in rgdal::rawTransform(projto_int, projfrom, nrow(xy), xy[, 1],  : \n  coordinate operation creation from WKT failed: Unknown error (code 4096)\n"
attr(,"class")
[1] "try-error"
attr(,"condition")
<simpleError in rgdal::rawTransform(projto_int, projfrom, nrow(xy), xy[, 1],     xy[, 2], wkt = use_proj6): coordinate operation creation from WKT failed: Unknown error (code 4096)>

[[704]]
[1] "Error in rgdal::rawTransform(projto_int, projfrom, nrow(xy), xy[, 1],  : \n  coordinate operation creation from WKT failed: Unknown error (code 4096)\n"
attr(,"class")
[1] "try-error"
attr(,"condition")
<simpleError in rgdal::rawTransform(projto_int, projfrom, nrow(xy), xy[, 1],     xy[, 2], wkt = use_proj6): coordinate operation creation from WKT failed: Unknown error (code 4096)>

[[705]]
class      : RasterLayer 
dimensions : 12027, 24053, 289285431  (nrow, ncol, ncell)
resolution : 1500.029, 1499.966  (x, y)
extent     : -18040096, 18040096, -9020048, 9020048  (xmin, xmax, ymin, ymax)
crs        : +proj=moll +lon_0=0 +x_0=0 +y_0=0 +ellps=WGS84 +units=m +no_defs 
source     : CMIP6 January Mollweide.tif 
names      : CMIP6_January_Mollweide 
values     : 0.001439687, 19.51043  (min, max)


[[706]]
NULL

[[707]]
[1] "Error in h(simpleError(msg, call)) : \n  error in evaluating the argument 'x' in selecting a method for function 'extent': coordinate operation creation from WKT failed: Unknown error (code 4096)\n"
attr(,"class")
[1] "try-error"
attr(,"condition")
<simpleError in h(simpleError(msg, call)): error in evaluating the argument 'x' in selecting a method for function 'extent': coordinate operation creation from WKT failed: Unknown error (code 4096)>

[[708]]
[1] "Error in h(simpleError(msg, call)) : \n  error in evaluating the argument 'x' in selecting a method for function 'extent': coordinate operation creation from WKT failed: Unknown error (code 4096)\n"
attr(,"class")
[1] "try-error"
attr(,"condition")
<simpleError in h(simpleError(msg, call)): error in evaluating the argument 'x' in selecting a method for function 'extent': coordinate operation creation from WKT failed: Unknown error (code 4096)>

[[709]]
[1] "Error in h(simpleError(msg, call)) : \n  error in evaluating the argument 'x' in selecting a method for function 'extent': coordinate operation creation from WKT failed: Unknown error (code 4096)\n"
attr(,"class")
[1] "try-error"
attr(,"condition")
<simpleError in h(simpleError(msg, call)): error in evaluating the argument 'x' in selecting a method for function 'extent': coordinate operation creation from WKT failed: Unknown error (code 4096)>

[[710]]
[1] "Error in h(simpleError(msg, call)) : \n  error in evaluating the argument 'x' in selecting a method for function 'extent': target crs creation failed: Unknown error (code 4096)\n"
attr(,"class")
[1] "try-error"
attr(,"condition")
<simpleError in h(simpleError(msg, call)): error in evaluating the argument 'x' in selecting a method for function 'extent': target crs creation failed: Unknown error (code 4096)>

[[711]]
[1] "Error in h(simpleError(msg, call)) : \n  error in evaluating the argument 'x' in selecting a method for function 'extent': coordinate operation creation from WKT failed: Unknown error (code 4096)\n"
attr(,"class")
[1] "try-error"
attr(,"condition")
<simpleError in h(simpleError(msg, call)): error in evaluating the argument 'x' in selecting a method for function 'extent': coordinate operation creation from WKT failed: Unknown error (code 4096)>

[[712]]
[1] "Error in h(simpleError(msg, call)) : \n  error in evaluating the argument 'x' in selecting a method for function 'extent': coordinate operation creation from WKT failed: Unknown error (code 4096)\n"
attr(,"class")
[1] "try-error"
attr(,"condition")
<simpleError in h(simpleError(msg, call)): error in evaluating the argument 'x' in selecting a method for function 'extent': coordinate operation creation from WKT failed: Unknown error (code 4096)>

[[713]]
[1] "Error in h(simpleError(msg, call)) : \n  error in evaluating the argument 'x' in selecting a method for function 'extent': coordinate operation creation from WKT failed: Unknown error (code 4096)\n"
attr(,"class")
[1] "try-error"
attr(,"condition")
<simpleError in h(simpleError(msg, call)): error in evaluating the argument 'x' in selecting a method for function 'extent': coordinate operation creation from WKT failed: Unknown error (code 4096)>

[[714]]
[1] "Error in h(simpleError(msg, call)) : \n  error in evaluating the argument 'x' in selecting a method for function 'extent': target crs creation failed: Unknown error (code 4096)\n"
attr(,"class")
[1] "try-error"
attr(,"condition")
<simpleError in h(simpleError(msg, call)): error in evaluating the argument 'x' in selecting a method for function 'extent': target crs creation failed: Unknown error (code 4096)>

[[715]]
[1] "Error in rgdal::rawTransform(projto_int, projfrom, nrow(xy), xy[, 1],  : \n  coordinate operation creation from WKT failed: Unknown error (code 4096)\n"
attr(,"class")
[1] "try-error"
attr(,"condition")
<simpleError in rgdal::rawTransform(projto_int, projfrom, nrow(xy), xy[, 1],     xy[, 2], wkt = use_proj6): coordinate operation creation from WKT failed: Unknown error (code 4096)>

[[716]]
[1] "Error in .rasterObjectFromFile(x, band = band, objecttype = \"RasterLayer\",  : \n  Cannot create a RasterLayer object from this file.\n"
attr(,"class")
[1] "try-error"
attr(,"condition")
<simpleError in .rasterObjectFromFile(x, band = band, objecttype = "RasterLayer",     ...): Cannot create a RasterLayer object from this file.>

[[717]]
[1] "Error in h(simpleError(msg, call)) : \n  error in evaluating the argument 'x' in selecting a method for function 'extent': coordinate operation creation from WKT failed: Unknown error (code 4096)\n"
attr(,"class")
[1] "try-error"
attr(,"condition")
<simpleError in h(simpleError(msg, call)): error in evaluating the argument 'x' in selecting a method for function 'extent': coordinate operation creation from WKT failed: Unknown error (code 4096)>

[[718]]
[1] "Error in rgdal::rawTransform(projto_int, projfrom, nrow(xy), xy[, 1],  : \n  coordinate operation creation from WKT failed: Unknown error (code 4096)\n"
attr(,"class")
[1] "try-error"
attr(,"condition")
<simpleError in rgdal::rawTransform(projto_int, projfrom, nrow(xy), xy[, 1],     xy[, 2], wkt = use_proj6): coordinate operation creation from WKT failed: Unknown error (code 4096)>

[[719]]
[1] "Error in rgdal::rawTransform(projto_int, projfrom, nrow(xy), xy[, 1],  : \n  coordinate operation creation from WKT failed: Unknown error (code 4096)\n"
attr(,"class")
[1] "try-error"
attr(,"condition")
<simpleError in rgdal::rawTransform(projto_int, projfrom, nrow(xy), xy[, 1],     xy[, 2], wkt = use_proj6): coordinate operation creation from WKT failed: Unknown error (code 4096)>

[[720]]
class      : RasterLayer 
dimensions : 12027, 24053, 289285431  (nrow, ncol, ncell)
resolution : 1500.029, 1499.966  (x, y)
extent     : -18040096, 18040096, -9020048, 9020048  (xmin, xmax, ymin, ymax)
crs        : +proj=moll +lon_0=0 +x_0=0 +y_0=0 +ellps=WGS84 +units=m +no_defs 
source     : CMIP6 June Mollweide.tif 
names      : CMIP6_June_Mollweide 
values     : -61.06136, 39.45825  (min, max)


[[721]]
NULL

[[722]]
[1] "Error in h(simpleError(msg, call)) : \n  error in evaluating the argument 'x' in selecting a method for function 'extent': coordinate operation creation from WKT failed: Unknown error (code 4096)\n"
attr(,"class")
[1] "try-error"
attr(,"condition")
<simpleError in h(simpleError(msg, call)): error in evaluating the argument 'x' in selecting a method for function 'extent': coordinate operation creation from WKT failed: Unknown error (code 4096)>

[[723]]
[1] "Error in h(simpleError(msg, call)) : \n  error in evaluating the argument 'x' in selecting a method for function 'extent': coordinate operation creation from WKT failed: Unknown error (code 4096)\n"
attr(,"class")
[1] "try-error"
attr(,"condition")
<simpleError in h(simpleError(msg, call)): error in evaluating the argument 'x' in selecting a method for function 'extent': coordinate operation creation from WKT failed: Unknown error (code 4096)>

[[724]]
[1] "Error in h(simpleError(msg, call)) : \n  error in evaluating the argument 'x' in selecting a method for function 'extent': coordinate operation creation from WKT failed: Unknown error (code 4096)\n"
attr(,"class")
[1] "try-error"
attr(,"condition")
<simpleError in h(simpleError(msg, call)): error in evaluating the argument 'x' in selecting a method for function 'extent': coordinate operation creation from WKT failed: Unknown error (code 4096)>

[[725]]
[1] "Error in h(simpleError(msg, call)) : \n  error in evaluating the argument 'x' in selecting a method for function 'extent': target crs creation failed: Unknown error (code 4096)\n"
attr(,"class")
[1] "try-error"
attr(,"condition")
<simpleError in h(simpleError(msg, call)): error in evaluating the argument 'x' in selecting a method for function 'extent': target crs creation failed: Unknown error (code 4096)>

[[726]]
[1] "Error in h(simpleError(msg, call)) : \n  error in evaluating the argument 'x' in selecting a method for function 'extent': coordinate operation creation from WKT failed: Unknown error (code 4096)\n"
attr(,"class")
[1] "try-error"
attr(,"condition")
<simpleError in h(simpleError(msg, call)): error in evaluating the argument 'x' in selecting a method for function 'extent': coordinate operation creation from WKT failed: Unknown error (code 4096)>

[[727]]
[1] "Error in h(simpleError(msg, call)) : \n  error in evaluating the argument 'x' in selecting a method for function 'extent': coordinate operation creation from WKT failed: Unknown error (code 4096)\n"
attr(,"class")
[1] "try-error"
attr(,"condition")
<simpleError in h(simpleError(msg, call)): error in evaluating the argument 'x' in selecting a method for function 'extent': coordinate operation creation from WKT failed: Unknown error (code 4096)>

[[728]]
[1] "Error in h(simpleError(msg, call)) : \n  error in evaluating the argument 'x' in selecting a method for function 'extent': coordinate operation creation from WKT failed: Unknown error (code 4096)\n"
attr(,"class")
[1] "try-error"
attr(,"condition")
<simpleError in h(simpleError(msg, call)): error in evaluating the argument 'x' in selecting a method for function 'extent': coordinate operation creation from WKT failed: Unknown error (code 4096)>

[[729]]
[1] "Error in h(simpleError(msg, call)) : \n  error in evaluating the argument 'x' in selecting a method for function 'extent': target crs creation failed: Unknown error (code 4096)\n"
attr(,"class")
[1] "try-error"
attr(,"condition")
<simpleError in h(simpleError(msg, call)): error in evaluating the argument 'x' in selecting a method for function 'extent': target crs creation failed: Unknown error (code 4096)>

[[730]]
[1] "Error in rgdal::rawTransform(projto_int, projfrom, nrow(xy), xy[, 1],  : \n  coordinate operation creation from WKT failed: Unknown error (code 4096)\n"
attr(,"class")
[1] "try-error"
attr(,"condition")
<simpleError in rgdal::rawTransform(projto_int, projfrom, nrow(xy), xy[, 1],     xy[, 2], wkt = use_proj6): coordinate operation creation from WKT failed: Unknown error (code 4096)>

[[731]]
[1] "Error in .rasterObjectFromFile(x, band = band, objecttype = \"RasterLayer\",  : \n  Cannot create a RasterLayer object from this file.\n"
attr(,"class")
[1] "try-error"
attr(,"condition")
<simpleError in .rasterObjectFromFile(x, band = band, objecttype = "RasterLayer",     ...): Cannot create a RasterLayer object from this file.>

[[732]]
[1] "Error in h(simpleError(msg, call)) : \n  error in evaluating the argument 'x' in selecting a method for function 'extent': coordinate operation creation from WKT failed: Unknown error (code 4096)\n"
attr(,"class")
[1] "try-error"
attr(,"condition")
<simpleError in h(simpleError(msg, call)): error in evaluating the argument 'x' in selecting a method for function 'extent': coordinate operation creation from WKT failed: Unknown error (code 4096)>

[[733]]
[1] "Error in rgdal::rawTransform(projto_int, projfrom, nrow(xy), xy[, 1],  : \n  coordinate operation creation from WKT failed: Unknown error (code 4096)\n"
attr(,"class")
[1] "try-error"
attr(,"condition")
<simpleError in rgdal::rawTransform(projto_int, projfrom, nrow(xy), xy[, 1],     xy[, 2], wkt = use_proj6): coordinate operation creation from WKT failed: Unknown error (code 4096)>

[[734]]
[1] "Error in rgdal::rawTransform(projto_int, projfrom, nrow(xy), xy[, 1],  : \n  coordinate operation creation from WKT failed: Unknown error (code 4096)\n"
attr(,"class")
[1] "try-error"
attr(,"condition")
<simpleError in rgdal::rawTransform(projto_int, projfrom, nrow(xy), xy[, 1],     xy[, 2], wkt = use_proj6): coordinate operation creation from WKT failed: Unknown error (code 4096)>

[[735]]
class      : RasterLayer 
dimensions : 12027, 24053, 289285431  (nrow, ncol, ncell)
resolution : 1500.029, 1499.966  (x, y)
extent     : -18040096, 18040096, -9020048, 9020048  (xmin, xmax, ymin, ymax)
crs        : +proj=moll +lon_0=0 +x_0=0 +y_0=0 +ellps=WGS84 +units=m +no_defs 
source     : CMIP6 October Mollweide.tif 
names      : CMIP6_October_Mollweide 
values     : -59.04238, 30.53633  (min, max)


[[736]]
NULL

[[737]]
[1] "Error in h(simpleError(msg, call)) : \n  error in evaluating the argument 'x' in selecting a method for function 'extent': coordinate operation creation from WKT failed: Unknown error (code 4096)\n"
attr(,"class")
[1] "try-error"
attr(,"condition")
<simpleError in h(simpleError(msg, call)): error in evaluating the argument 'x' in selecting a method for function 'extent': coordinate operation creation from WKT failed: Unknown error (code 4096)>

[[738]]
[1] "Error in h(simpleError(msg, call)) : \n  error in evaluating the argument 'x' in selecting a method for function 'extent': coordinate operation creation from WKT failed: Unknown error (code 4096)\n"
attr(,"class")
[1] "try-error"
attr(,"condition")
<simpleError in h(simpleError(msg, call)): error in evaluating the argument 'x' in selecting a method for function 'extent': coordinate operation creation from WKT failed: Unknown error (code 4096)>

[[739]]
[1] "Error in h(simpleError(msg, call)) : \n  error in evaluating the argument 'x' in selecting a method for function 'extent': coordinate operation creation from WKT failed: Unknown error (code 4096)\n"
attr(,"class")
[1] "try-error"
attr(,"condition")
<simpleError in h(simpleError(msg, call)): error in evaluating the argument 'x' in selecting a method for function 'extent': coordinate operation creation from WKT failed: Unknown error (code 4096)>

[[740]]
[1] "Error in h(simpleError(msg, call)) : \n  error in evaluating the argument 'x' in selecting a method for function 'extent': target crs creation failed: Unknown error (code 4096)\n"
attr(,"class")
[1] "try-error"
attr(,"condition")
<simpleError in h(simpleError(msg, call)): error in evaluating the argument 'x' in selecting a method for function 'extent': target crs creation failed: Unknown error (code 4096)>

[[741]]
[1] "Error in h(simpleError(msg, call)) : \n  error in evaluating the argument 'x' in selecting a method for function 'extent': coordinate operation creation from WKT failed: Unknown error (code 4096)\n"
attr(,"class")
[1] "try-error"
attr(,"condition")
<simpleError in h(simpleError(msg, call)): error in evaluating the argument 'x' in selecting a method for function 'extent': coordinate operation creation from WKT failed: Unknown error (code 4096)>

[[742]]
[1] "Error in h(simpleError(msg, call)) : \n  error in evaluating the argument 'x' in selecting a method for function 'extent': coordinate operation creation from WKT failed: Unknown error (code 4096)\n"
attr(,"class")
[1] "try-error"
attr(,"condition")
<simpleError in h(simpleError(msg, call)): error in evaluating the argument 'x' in selecting a method for function 'extent': coordinate operation creation from WKT failed: Unknown error (code 4096)>

[[743]]
[1] "Error in h(simpleError(msg, call)) : \n  error in evaluating the argument 'x' in selecting a method for function 'extent': coordinate operation creation from WKT failed: Unknown error (code 4096)\n"
attr(,"class")
[1] "try-error"
attr(,"condition")
<simpleError in h(simpleError(msg, call)): error in evaluating the argument 'x' in selecting a method for function 'extent': coordinate operation creation from WKT failed: Unknown error (code 4096)>

[[744]]
[1] "Error in h(simpleError(msg, call)) : \n  error in evaluating the argument 'x' in selecting a method for function 'extent': target crs creation failed: Unknown error (code 4096)\n"
attr(,"class")
[1] "try-error"
attr(,"condition")
<simpleError in h(simpleError(msg, call)): error in evaluating the argument 'x' in selecting a method for function 'extent': target crs creation failed: Unknown error (code 4096)>

[[745]]
[1] "Error in rgdal::rawTransform(projto_int, projfrom, nrow(xy), xy[, 1],  : \n  coordinate operation creation from WKT failed: Unknown error (code 4096)\n"
attr(,"class")
[1] "try-error"
attr(,"condition")
<simpleError in rgdal::rawTransform(projto_int, projfrom, nrow(xy), xy[, 1],     xy[, 2], wkt = use_proj6): coordinate operation creation from WKT failed: Unknown error (code 4096)>

[[746]]
[1] "Error in .rasterObjectFromFile(x, band = band, objecttype = \"RasterLayer\",  : \n  Cannot create a RasterLayer object from this file.\n"
attr(,"class")
[1] "try-error"
attr(,"condition")
<simpleError in .rasterObjectFromFile(x, band = band, objecttype = "RasterLayer",     ...): Cannot create a RasterLayer object from this file.>

[[747]]
[1] "Error in h(simpleError(msg, call)) : \n  error in evaluating the argument 'x' in selecting a method for function 'extent': coordinate operation creation from WKT failed: Unknown error (code 4096)\n"
attr(,"class")
[1] "try-error"
attr(,"condition")
<simpleError in h(simpleError(msg, call)): error in evaluating the argument 'x' in selecting a method for function 'extent': coordinate operation creation from WKT failed: Unknown error (code 4096)>

[[748]]
[1] "Error in rgdal::rawTransform(projto_int, projfrom, nrow(xy), xy[, 1],  : \n  coordinate operation creation from WKT failed: Unknown error (code 4096)\n"
attr(,"class")
[1] "try-error"
attr(,"condition")
<simpleError in rgdal::rawTransform(projto_int, projfrom, nrow(xy), xy[, 1],     xy[, 2], wkt = use_proj6): coordinate operation creation from WKT failed: Unknown error (code 4096)>

[[749]]
[1] "Error in rgdal::rawTransform(projto_int, projfrom, nrow(xy), xy[, 1],  : \n  coordinate operation creation from WKT failed: Unknown error (code 4096)\n"
attr(,"class")
[1] "try-error"
attr(,"condition")
<simpleError in rgdal::rawTransform(projto_int, projfrom, nrow(xy), xy[, 1],     xy[, 2], wkt = use_proj6): coordinate operation creation from WKT failed: Unknown error (code 4096)>

[[750]]
class      : RasterLayer 
dimensions : 12027, 24053, 289285431  (nrow, ncol, ncell)
resolution : 1500.029, 1499.966  (x, y)
extent     : -18040096, 18040096, -9020048, 9020048  (xmin, xmax, ymin, ymax)
crs        : +proj=moll +lon_0=0 +x_0=0 +y_0=0 +ellps=WGS84 +units=m +no_defs 
source     : Precip_in_warmest_quarter_Mollweide.tif 
names      : Precip_in_warmest_quarter_Mollweide 
values     : 0.02659414, 59.58354  (min, max)


[[751]]
NULL

[[752]]
[1] "Error in h(simpleError(msg, call)) : \n  error in evaluating the argument 'x' in selecting a method for function 'extent': coordinate operation creation from WKT failed: Unknown error (code 4096)\n"
attr(,"class")
[1] "try-error"
attr(,"condition")
<simpleError in h(simpleError(msg, call)): error in evaluating the argument 'x' in selecting a method for function 'extent': coordinate operation creation from WKT failed: Unknown error (code 4096)>

[[753]]
[1] "Error in h(simpleError(msg, call)) : \n  error in evaluating the argument 'x' in selecting a method for function 'extent': coordinate operation creation from WKT failed: Unknown error (code 4096)\n"
attr(,"class")
[1] "try-error"
attr(,"condition")
<simpleError in h(simpleError(msg, call)): error in evaluating the argument 'x' in selecting a method for function 'extent': coordinate operation creation from WKT failed: Unknown error (code 4096)>

[[754]]
[1] "Error in h(simpleError(msg, call)) : \n  error in evaluating the argument 'x' in selecting a method for function 'extent': coordinate operation creation from WKT failed: Unknown error (code 4096)\n"
attr(,"class")
[1] "try-error"
attr(,"condition")
<simpleError in h(simpleError(msg, call)): error in evaluating the argument 'x' in selecting a method for function 'extent': coordinate operation creation from WKT failed: Unknown error (code 4096)>

[[755]]
[1] "Error in h(simpleError(msg, call)) : \n  error in evaluating the argument 'x' in selecting a method for function 'extent': target crs creation failed: Unknown error (code 4096)\n"
attr(,"class")
[1] "try-error"
attr(,"condition")
<simpleError in h(simpleError(msg, call)): error in evaluating the argument 'x' in selecting a method for function 'extent': target crs creation failed: Unknown error (code 4096)>

[[756]]
[1] "Error in h(simpleError(msg, call)) : \n  error in evaluating the argument 'x' in selecting a method for function 'extent': coordinate operation creation from WKT failed: Unknown error (code 4096)\n"
attr(,"class")
[1] "try-error"
attr(,"condition")
<simpleError in h(simpleError(msg, call)): error in evaluating the argument 'x' in selecting a method for function 'extent': coordinate operation creation from WKT failed: Unknown error (code 4096)>

[[757]]
[1] "Error in h(simpleError(msg, call)) : \n  error in evaluating the argument 'x' in selecting a method for function 'extent': coordinate operation creation from WKT failed: Unknown error (code 4096)\n"
attr(,"class")
[1] "try-error"
attr(,"condition")
<simpleError in h(simpleError(msg, call)): error in evaluating the argument 'x' in selecting a method for function 'extent': coordinate operation creation from WKT failed: Unknown error (code 4096)>

[[758]]
[1] "Error in h(simpleError(msg, call)) : \n  error in evaluating the argument 'x' in selecting a method for function 'extent': coordinate operation creation from WKT failed: Unknown error (code 4096)\n"
attr(,"class")
[1] "try-error"
attr(,"condition")
<simpleError in h(simpleError(msg, call)): error in evaluating the argument 'x' in selecting a method for function 'extent': coordinate operation creation from WKT failed: Unknown error (code 4096)>

[[759]]
[1] "Error in h(simpleError(msg, call)) : \n  error in evaluating the argument 'x' in selecting a method for function 'extent': target crs creation failed: Unknown error (code 4096)\n"
attr(,"class")
[1] "try-error"
attr(,"condition")
<simpleError in h(simpleError(msg, call)): error in evaluating the argument 'x' in selecting a method for function 'extent': target crs creation failed: Unknown error (code 4096)>

[[760]]
[1] "Error in rgdal::rawTransform(projto_int, projfrom, nrow(xy), xy[, 1],  : \n  coordinate operation creation from WKT failed: Unknown error (code 4096)\n"
attr(,"class")
[1] "try-error"
attr(,"condition")
<simpleError in rgdal::rawTransform(projto_int, projfrom, nrow(xy), xy[, 1],     xy[, 2], wkt = use_proj6): coordinate operation creation from WKT failed: Unknown error (code 4096)>

[[761]]
[1] "Error in .rasterObjectFromFile(x, band = band, objecttype = \"RasterLayer\",  : \n  Cannot create a RasterLayer object from this file.\n"
attr(,"class")
[1] "try-error"
attr(,"condition")
<simpleError in .rasterObjectFromFile(x, band = band, objecttype = "RasterLayer",     ...): Cannot create a RasterLayer object from this file.>

[[762]]
[1] "Error in h(simpleError(msg, call)) : \n  error in evaluating the argument 'x' in selecting a method for function 'extent': coordinate operation creation from WKT failed: Unknown error (code 4096)\n"
attr(,"class")
[1] "try-error"
attr(,"condition")
<simpleError in h(simpleError(msg, call)): error in evaluating the argument 'x' in selecting a method for function 'extent': coordinate operation creation from WKT failed: Unknown error (code 4096)>

[[763]]
[1] "Error in rgdal::rawTransform(projto_int, projfrom, nrow(xy), xy[, 1],  : \n  coordinate operation creation from WKT failed: Unknown error (code 4096)\n"
attr(,"class")
[1] "try-error"
attr(,"condition")
<simpleError in rgdal::rawTransform(projto_int, projfrom, nrow(xy), xy[, 1],     xy[, 2], wkt = use_proj6): coordinate operation creation from WKT failed: Unknown error (code 4096)>

[[764]]
[1] "Error in rgdal::rawTransform(projto_int, projfrom, nrow(xy), xy[, 1],  : \n  coordinate operation creation from WKT failed: Unknown error (code 4096)\n"
attr(,"class")
[1] "try-error"
attr(,"condition")
<simpleError in rgdal::rawTransform(projto_int, projfrom, nrow(xy), xy[, 1],     xy[, 2], wkt = use_proj6): coordinate operation creation from WKT failed: Unknown error (code 4096)>

[[765]]
class      : RasterLayer 
dimensions : 12027, 24053, 289285431  (nrow, ncol, ncell)
resolution : 1500.029, 1499.966  (x, y)
extent     : -18040096, 18040096, -9020048, 9020048  (xmin, xmax, ymin, ymax)
crs        : +proj=moll +lon_0=0 +x_0=0 +y_0=0 +ellps=WGS84 +units=m +no_defs 
source     : CMIP6 December Mollweide.tif 
names      : CMIP6_December_Mollweide 
values     : -41.03407, 29.38644  (min, max)


[[766]]
NULL

[[767]]
[1] "Error in h(simpleError(msg, call)) : \n  error in evaluating the argument 'x' in selecting a method for function 'extent': coordinate operation creation from WKT failed: Unknown error (code 4096)\n"
attr(,"class")
[1] "try-error"
attr(,"condition")
<simpleError in h(simpleError(msg, call)): error in evaluating the argument 'x' in selecting a method for function 'extent': coordinate operation creation from WKT failed: Unknown error (code 4096)>

[[768]]
[1] "Error in h(simpleError(msg, call)) : \n  error in evaluating the argument 'x' in selecting a method for function 'extent': coordinate operation creation from WKT failed: Unknown error (code 4096)\n"
attr(,"class")
[1] "try-error"
attr(,"condition")
<simpleError in h(simpleError(msg, call)): error in evaluating the argument 'x' in selecting a method for function 'extent': coordinate operation creation from WKT failed: Unknown error (code 4096)>

[[769]]
[1] "Error in h(simpleError(msg, call)) : \n  error in evaluating the argument 'x' in selecting a method for function 'extent': coordinate operation creation from WKT failed: Unknown error (code 4096)\n"
attr(,"class")
[1] "try-error"
attr(,"condition")
<simpleError in h(simpleError(msg, call)): error in evaluating the argument 'x' in selecting a method for function 'extent': coordinate operation creation from WKT failed: Unknown error (code 4096)>

[[770]]
[1] "Error in h(simpleError(msg, call)) : \n  error in evaluating the argument 'x' in selecting a method for function 'extent': target crs creation failed: Unknown error (code 4096)\n"
attr(,"class")
[1] "try-error"
attr(,"condition")
<simpleError in h(simpleError(msg, call)): error in evaluating the argument 'x' in selecting a method for function 'extent': target crs creation failed: Unknown error (code 4096)>

[[771]]
[1] "Error in h(simpleError(msg, call)) : \n  error in evaluating the argument 'x' in selecting a method for function 'extent': coordinate operation creation from WKT failed: Unknown error (code 4096)\n"
attr(,"class")
[1] "try-error"
attr(,"condition")
<simpleError in h(simpleError(msg, call)): error in evaluating the argument 'x' in selecting a method for function 'extent': coordinate operation creation from WKT failed: Unknown error (code 4096)>

[[772]]
[1] "Error in h(simpleError(msg, call)) : \n  error in evaluating the argument 'x' in selecting a method for function 'extent': coordinate operation creation from WKT failed: Unknown error (code 4096)\n"
attr(,"class")
[1] "try-error"
attr(,"condition")
<simpleError in h(simpleError(msg, call)): error in evaluating the argument 'x' in selecting a method for function 'extent': coordinate operation creation from WKT failed: Unknown error (code 4096)>

[[773]]
[1] "Error in h(simpleError(msg, call)) : \n  error in evaluating the argument 'x' in selecting a method for function 'extent': coordinate operation creation from WKT failed: Unknown error (code 4096)\n"
attr(,"class")
[1] "try-error"
attr(,"condition")
<simpleError in h(simpleError(msg, call)): error in evaluating the argument 'x' in selecting a method for function 'extent': coordinate operation creation from WKT failed: Unknown error (code 4096)>

[[774]]
[1] "Error in h(simpleError(msg, call)) : \n  error in evaluating the argument 'x' in selecting a method for function 'extent': target crs creation failed: Unknown error (code 4096)\n"
attr(,"class")
[1] "try-error"
attr(,"condition")
<simpleError in h(simpleError(msg, call)): error in evaluating the argument 'x' in selecting a method for function 'extent': target crs creation failed: Unknown error (code 4096)>

[[775]]
[1] "Error in rgdal::rawTransform(projto_int, projfrom, nrow(xy), xy[, 1],  : \n  coordinate operation creation from WKT failed: Unknown error (code 4096)\n"
attr(,"class")
[1] "try-error"
attr(,"condition")
<simpleError in rgdal::rawTransform(projto_int, projfrom, nrow(xy), xy[, 1],     xy[, 2], wkt = use_proj6): coordinate operation creation from WKT failed: Unknown error (code 4096)>

[[776]]
[1] "Error in .rasterObjectFromFile(x, band = band, objecttype = \"RasterLayer\",  : \n  Cannot create a RasterLayer object from this file.\n"
attr(,"class")
[1] "try-error"
attr(,"condition")
<simpleError in .rasterObjectFromFile(x, band = band, objecttype = "RasterLayer",     ...): Cannot create a RasterLayer object from this file.>

[[777]]
[1] "Error in h(simpleError(msg, call)) : \n  error in evaluating the argument 'x' in selecting a method for function 'extent': coordinate operation creation from WKT failed: Unknown error (code 4096)\n"
attr(,"class")
[1] "try-error"
attr(,"condition")
<simpleError in h(simpleError(msg, call)): error in evaluating the argument 'x' in selecting a method for function 'extent': coordinate operation creation from WKT failed: Unknown error (code 4096)>

[[778]]
[1] "Error in rgdal::rawTransform(projto_int, projfrom, nrow(xy), xy[, 1],  : \n  coordinate operation creation from WKT failed: Unknown error (code 4096)\n"
attr(,"class")
[1] "try-error"
attr(,"condition")
<simpleError in rgdal::rawTransform(projto_int, projfrom, nrow(xy), xy[, 1],     xy[, 2], wkt = use_proj6): coordinate operation creation from WKT failed: Unknown error (code 4096)>

[[779]]
[1] "Error in rgdal::rawTransform(projto_int, projfrom, nrow(xy), xy[, 1],  : \n  coordinate operation creation from WKT failed: Unknown error (code 4096)\n"
attr(,"class")
[1] "try-error"
attr(,"condition")
<simpleError in rgdal::rawTransform(projto_int, projfrom, nrow(xy), xy[, 1],     xy[, 2], wkt = use_proj6): coordinate operation creation from WKT failed: Unknown error (code 4096)>

[[780]]
class      : RasterLayer 
dimensions : 12027, 24053, 289285431  (nrow, ncol, ncell)
resolution : 1500.029, 1499.966  (x, y)
extent     : -18040096, 18040096, -9020048, 9020048  (xmin, xmax, ymin, ymax)
crs        : +proj=moll +lon_0=0 +x_0=0 +y_0=0 +ellps=WGS84 +units=m +no_defs 
source     : CMIP6 July Mollweide.tif 
names      : CMIP6_July_Mollweide 
values     : 0.004833211, 22.03434  (min, max)


[[781]]
NULL

[[782]]
[1] "Error in h(simpleError(msg, call)) : \n  error in evaluating the argument 'x' in selecting a method for function 'extent': coordinate operation creation from WKT failed: Unknown error (code 4096)\n"
attr(,"class")
[1] "try-error"
attr(,"condition")
<simpleError in h(simpleError(msg, call)): error in evaluating the argument 'x' in selecting a method for function 'extent': coordinate operation creation from WKT failed: Unknown error (code 4096)>

[[783]]
[1] "Error in h(simpleError(msg, call)) : \n  error in evaluating the argument 'x' in selecting a method for function 'extent': coordinate operation creation from WKT failed: Unknown error (code 4096)\n"
attr(,"class")
[1] "try-error"
attr(,"condition")
<simpleError in h(simpleError(msg, call)): error in evaluating the argument 'x' in selecting a method for function 'extent': coordinate operation creation from WKT failed: Unknown error (code 4096)>

[[784]]
[1] "Error in h(simpleError(msg, call)) : \n  error in evaluating the argument 'x' in selecting a method for function 'extent': coordinate operation creation from WKT failed: Unknown error (code 4096)\n"
attr(,"class")
[1] "try-error"
attr(,"condition")
<simpleError in h(simpleError(msg, call)): error in evaluating the argument 'x' in selecting a method for function 'extent': coordinate operation creation from WKT failed: Unknown error (code 4096)>

[[785]]
[1] "Error in h(simpleError(msg, call)) : \n  error in evaluating the argument 'x' in selecting a method for function 'extent': target crs creation failed: Unknown error (code 4096)\n"
attr(,"class")
[1] "try-error"
attr(,"condition")
<simpleError in h(simpleError(msg, call)): error in evaluating the argument 'x' in selecting a method for function 'extent': target crs creation failed: Unknown error (code 4096)>

[[786]]
[1] "Error in h(simpleError(msg, call)) : \n  error in evaluating the argument 'x' in selecting a method for function 'extent': coordinate operation creation from WKT failed: Unknown error (code 4096)\n"
attr(,"class")
[1] "try-error"
attr(,"condition")
<simpleError in h(simpleError(msg, call)): error in evaluating the argument 'x' in selecting a method for function 'extent': coordinate operation creation from WKT failed: Unknown error (code 4096)>

[[787]]
[1] "Error in h(simpleError(msg, call)) : \n  error in evaluating the argument 'x' in selecting a method for function 'extent': coordinate operation creation from WKT failed: Unknown error (code 4096)\n"
attr(,"class")
[1] "try-error"
attr(,"condition")
<simpleError in h(simpleError(msg, call)): error in evaluating the argument 'x' in selecting a method for function 'extent': coordinate operation creation from WKT failed: Unknown error (code 4096)>

[[788]]
[1] "Error in h(simpleError(msg, call)) : \n  error in evaluating the argument 'x' in selecting a method for function 'extent': coordinate operation creation from WKT failed: Unknown error (code 4096)\n"
attr(,"class")
[1] "try-error"
attr(,"condition")
<simpleError in h(simpleError(msg, call)): error in evaluating the argument 'x' in selecting a method for function 'extent': coordinate operation creation from WKT failed: Unknown error (code 4096)>

[[789]]
[1] "Error in h(simpleError(msg, call)) : \n  error in evaluating the argument 'x' in selecting a method for function 'extent': target crs creation failed: Unknown error (code 4096)\n"
attr(,"class")
[1] "try-error"
attr(,"condition")
<simpleError in h(simpleError(msg, call)): error in evaluating the argument 'x' in selecting a method for function 'extent': target crs creation failed: Unknown error (code 4096)>

[[790]]
[1] "Error in rgdal::rawTransform(projto_int, projfrom, nrow(xy), xy[, 1],  : \n  coordinate operation creation from WKT failed: Unknown error (code 4096)\n"
attr(,"class")
[1] "try-error"
attr(,"condition")
<simpleError in rgdal::rawTransform(projto_int, projfrom, nrow(xy), xy[, 1],     xy[, 2], wkt = use_proj6): coordinate operation creation from WKT failed: Unknown error (code 4096)>

[[791]]
[1] "Error in .rasterObjectFromFile(x, band = band, objecttype = \"RasterLayer\",  : \n  Cannot create a RasterLayer object from this file.\n"
attr(,"class")
[1] "try-error"
attr(,"condition")
<simpleError in .rasterObjectFromFile(x, band = band, objecttype = "RasterLayer",     ...): Cannot create a RasterLayer object from this file.>

[[792]]
[1] "Error in h(simpleError(msg, call)) : \n  error in evaluating the argument 'x' in selecting a method for function 'extent': coordinate operation creation from WKT failed: Unknown error (code 4096)\n"
attr(,"class")
[1] "try-error"
attr(,"condition")
<simpleError in h(simpleError(msg, call)): error in evaluating the argument 'x' in selecting a method for function 'extent': coordinate operation creation from WKT failed: Unknown error (code 4096)>

[[793]]
[1] "Error in rgdal::rawTransform(projto_int, projfrom, nrow(xy), xy[, 1],  : \n  coordinate operation creation from WKT failed: Unknown error (code 4096)\n"
attr(,"class")
[1] "try-error"
attr(,"condition")
<simpleError in rgdal::rawTransform(projto_int, projfrom, nrow(xy), xy[, 1],     xy[, 2], wkt = use_proj6): coordinate operation creation from WKT failed: Unknown error (code 4096)>

[[794]]
[1] "Error in rgdal::rawTransform(projto_int, projfrom, nrow(xy), xy[, 1],  : \n  coordinate operation creation from WKT failed: Unknown error (code 4096)\n"
attr(,"class")
[1] "try-error"
attr(,"condition")
<simpleError in rgdal::rawTransform(projto_int, projfrom, nrow(xy), xy[, 1],     xy[, 2], wkt = use_proj6): coordinate operation creation from WKT failed: Unknown error (code 4096)>

[[795]]
class      : RasterLayer 
dimensions : 12027, 24053, 289285431  (nrow, ncol, ncell)
resolution : 1500.029, 1499.966  (x, y)
extent     : -18040096, 18040096, -9020048, 9020048  (xmin, xmax, ymin, ymax)
crs        : +proj=moll +lon_0=0 +x_0=0 +y_0=0 +ellps=WGS84 +units=m +no_defs 
source     : CMIP6 March Mollweide.tif 
names      : CMIP6_March_Mollweide 
values     : -53.22594, 33.76393  (min, max)


[[796]]
NULL

[[797]]
[1] "Error in h(simpleError(msg, call)) : \n  error in evaluating the argument 'x' in selecting a method for function 'extent': coordinate operation creation from WKT failed: Unknown error (code 4096)\n"
attr(,"class")
[1] "try-error"
attr(,"condition")
<simpleError in h(simpleError(msg, call)): error in evaluating the argument 'x' in selecting a method for function 'extent': coordinate operation creation from WKT failed: Unknown error (code 4096)>

[[798]]
[1] "Error in h(simpleError(msg, call)) : \n  error in evaluating the argument 'x' in selecting a method for function 'extent': coordinate operation creation from WKT failed: Unknown error (code 4096)\n"
attr(,"class")
[1] "try-error"
attr(,"condition")
<simpleError in h(simpleError(msg, call)): error in evaluating the argument 'x' in selecting a method for function 'extent': coordinate operation creation from WKT failed: Unknown error (code 4096)>

[[799]]
[1] "Error in h(simpleError(msg, call)) : \n  error in evaluating the argument 'x' in selecting a method for function 'extent': coordinate operation creation from WKT failed: Unknown error (code 4096)\n"
attr(,"class")
[1] "try-error"
attr(,"condition")
<simpleError in h(simpleError(msg, call)): error in evaluating the argument 'x' in selecting a method for function 'extent': coordinate operation creation from WKT failed: Unknown error (code 4096)>

[[800]]
[1] "Error in h(simpleError(msg, call)) : \n  error in evaluating the argument 'x' in selecting a method for function 'extent': target crs creation failed: Unknown error (code 4096)\n"
attr(,"class")
[1] "try-error"
attr(,"condition")
<simpleError in h(simpleError(msg, call)): error in evaluating the argument 'x' in selecting a method for function 'extent': target crs creation failed: Unknown error (code 4096)>

[[801]]
[1] "Error in h(simpleError(msg, call)) : \n  error in evaluating the argument 'x' in selecting a method for function 'extent': coordinate operation creation from WKT failed: Unknown error (code 4096)\n"
attr(,"class")
[1] "try-error"
attr(,"condition")
<simpleError in h(simpleError(msg, call)): error in evaluating the argument 'x' in selecting a method for function 'extent': coordinate operation creation from WKT failed: Unknown error (code 4096)>

[[802]]
[1] "Error in h(simpleError(msg, call)) : \n  error in evaluating the argument 'x' in selecting a method for function 'extent': coordinate operation creation from WKT failed: Unknown error (code 4096)\n"
attr(,"class")
[1] "try-error"
attr(,"condition")
<simpleError in h(simpleError(msg, call)): error in evaluating the argument 'x' in selecting a method for function 'extent': coordinate operation creation from WKT failed: Unknown error (code 4096)>

[[803]]
[1] "Error in h(simpleError(msg, call)) : \n  error in evaluating the argument 'x' in selecting a method for function 'extent': coordinate operation creation from WKT failed: Unknown error (code 4096)\n"
attr(,"class")
[1] "try-error"
attr(,"condition")
<simpleError in h(simpleError(msg, call)): error in evaluating the argument 'x' in selecting a method for function 'extent': coordinate operation creation from WKT failed: Unknown error (code 4096)>

[[804]]
[1] "Error in h(simpleError(msg, call)) : \n  error in evaluating the argument 'x' in selecting a method for function 'extent': target crs creation failed: Unknown error (code 4096)\n"
attr(,"class")
[1] "try-error"
attr(,"condition")
<simpleError in h(simpleError(msg, call)): error in evaluating the argument 'x' in selecting a method for function 'extent': target crs creation failed: Unknown error (code 4096)>

[[805]]
[1] "Error in rgdal::rawTransform(projto_int, projfrom, nrow(xy), xy[, 1],  : \n  coordinate operation creation from WKT failed: Unknown error (code 4096)\n"
attr(,"class")
[1] "try-error"
attr(,"condition")
<simpleError in rgdal::rawTransform(projto_int, projfrom, nrow(xy), xy[, 1],     xy[, 2], wkt = use_proj6): coordinate operation creation from WKT failed: Unknown error (code 4096)>

[[806]]
[1] "Error in .rasterObjectFromFile(x, band = band, objecttype = \"RasterLayer\",  : \n  Cannot create a RasterLayer object from this file.\n"
attr(,"class")
[1] "try-error"
attr(,"condition")
<simpleError in .rasterObjectFromFile(x, band = band, objecttype = "RasterLayer",     ...): Cannot create a RasterLayer object from this file.>

[[807]]
[1] "Error in h(simpleError(msg, call)) : \n  error in evaluating the argument 'x' in selecting a method for function 'extent': coordinate operation creation from WKT failed: Unknown error (code 4096)\n"
attr(,"class")
[1] "try-error"
attr(,"condition")
<simpleError in h(simpleError(msg, call)): error in evaluating the argument 'x' in selecting a method for function 'extent': coordinate operation creation from WKT failed: Unknown error (code 4096)>

[[808]]
[1] "Error in rgdal::rawTransform(projto_int, projfrom, nrow(xy), xy[, 1],  : \n  coordinate operation creation from WKT failed: Unknown error (code 4096)\n"
attr(,"class")
[1] "try-error"
attr(,"condition")
<simpleError in rgdal::rawTransform(projto_int, projfrom, nrow(xy), xy[, 1],     xy[, 2], wkt = use_proj6): coordinate operation creation from WKT failed: Unknown error (code 4096)>

[[809]]
[1] "Error in rgdal::rawTransform(projto_int, projfrom, nrow(xy), xy[, 1],  : \n  coordinate operation creation from WKT failed: Unknown error (code 4096)\n"
attr(,"class")
[1] "try-error"
attr(,"condition")
<simpleError in rgdal::rawTransform(projto_int, projfrom, nrow(xy), xy[, 1],     xy[, 2], wkt = use_proj6): coordinate operation creation from WKT failed: Unknown error (code 4096)>

[[810]]
class      : RasterLayer 
dimensions : 12027, 24053, 289285431  (nrow, ncol, ncell)
resolution : 1500.029, 1499.966  (x, y)
extent     : -18040096, 18040096, -9020048, 9020048  (xmin, xmax, ymin, ymax)
crs        : +proj=moll +lon_0=0 +x_0=0 +y_0=0 +ellps=WGS84 +units=m +no_defs 
source     : CMIP6 September Mollweide.tif 
names      : CMIP6_September_Mollweide 
values     : -65.49107, 32.68634  (min, max)


[[811]]
NULL

[[812]]
[1] "Error in h(simpleError(msg, call)) : \n  error in evaluating the argument 'x' in selecting a method for function 'extent': coordinate operation creation from WKT failed: Unknown error (code 4096)\n"
attr(,"class")
[1] "try-error"
attr(,"condition")
<simpleError in h(simpleError(msg, call)): error in evaluating the argument 'x' in selecting a method for function 'extent': coordinate operation creation from WKT failed: Unknown error (code 4096)>

[[813]]
[1] "Error in h(simpleError(msg, call)) : \n  error in evaluating the argument 'x' in selecting a method for function 'extent': coordinate operation creation from WKT failed: Unknown error (code 4096)\n"
attr(,"class")
[1] "try-error"
attr(,"condition")
<simpleError in h(simpleError(msg, call)): error in evaluating the argument 'x' in selecting a method for function 'extent': coordinate operation creation from WKT failed: Unknown error (code 4096)>

[[814]]
[1] "Error in h(simpleError(msg, call)) : \n  error in evaluating the argument 'x' in selecting a method for function 'extent': coordinate operation creation from WKT failed: Unknown error (code 4096)\n"
attr(,"class")
[1] "try-error"
attr(,"condition")
<simpleError in h(simpleError(msg, call)): error in evaluating the argument 'x' in selecting a method for function 'extent': coordinate operation creation from WKT failed: Unknown error (code 4096)>

[[815]]
[1] "Error in h(simpleError(msg, call)) : \n  error in evaluating the argument 'x' in selecting a method for function 'extent': target crs creation failed: Unknown error (code 4096)\n"
attr(,"class")
[1] "try-error"
attr(,"condition")
<simpleError in h(simpleError(msg, call)): error in evaluating the argument 'x' in selecting a method for function 'extent': target crs creation failed: Unknown error (code 4096)>

[[816]]
[1] "Error in h(simpleError(msg, call)) : \n  error in evaluating the argument 'x' in selecting a method for function 'extent': coordinate operation creation from WKT failed: Unknown error (code 4096)\n"
attr(,"class")
[1] "try-error"
attr(,"condition")
<simpleError in h(simpleError(msg, call)): error in evaluating the argument 'x' in selecting a method for function 'extent': coordinate operation creation from WKT failed: Unknown error (code 4096)>

[[817]]
[1] "Error in h(simpleError(msg, call)) : \n  error in evaluating the argument 'x' in selecting a method for function 'extent': coordinate operation creation from WKT failed: Unknown error (code 4096)\n"
attr(,"class")
[1] "try-error"
attr(,"condition")
<simpleError in h(simpleError(msg, call)): error in evaluating the argument 'x' in selecting a method for function 'extent': coordinate operation creation from WKT failed: Unknown error (code 4096)>

[[818]]
[1] "Error in h(simpleError(msg, call)) : \n  error in evaluating the argument 'x' in selecting a method for function 'extent': coordinate operation creation from WKT failed: Unknown error (code 4096)\n"
attr(,"class")
[1] "try-error"
attr(,"condition")
<simpleError in h(simpleError(msg, call)): error in evaluating the argument 'x' in selecting a method for function 'extent': coordinate operation creation from WKT failed: Unknown error (code 4096)>

[[819]]
[1] "Error in h(simpleError(msg, call)) : \n  error in evaluating the argument 'x' in selecting a method for function 'extent': target crs creation failed: Unknown error (code 4096)\n"
attr(,"class")
[1] "try-error"
attr(,"condition")
<simpleError in h(simpleError(msg, call)): error in evaluating the argument 'x' in selecting a method for function 'extent': target crs creation failed: Unknown error (code 4096)>

[[820]]
[1] "Error in rgdal::rawTransform(projto_int, projfrom, nrow(xy), xy[, 1],  : \n  coordinate operation creation from WKT failed: Unknown error (code 4096)\n"
attr(,"class")
[1] "try-error"
attr(,"condition")
<simpleError in rgdal::rawTransform(projto_int, projfrom, nrow(xy), xy[, 1],     xy[, 2], wkt = use_proj6): coordinate operation creation from WKT failed: Unknown error (code 4096)>

[[821]]
[1] "Error in .rasterObjectFromFile(x, band = band, objecttype = \"RasterLayer\",  : \n  Cannot create a RasterLayer object from this file.\n"
attr(,"class")
[1] "try-error"
attr(,"condition")
<simpleError in .rasterObjectFromFile(x, band = band, objecttype = "RasterLayer",     ...): Cannot create a RasterLayer object from this file.>

[[822]]
[1] "Error in h(simpleError(msg, call)) : \n  error in evaluating the argument 'x' in selecting a method for function 'extent': coordinate operation creation from WKT failed: Unknown error (code 4096)\n"
attr(,"class")
[1] "try-error"
attr(,"condition")
<simpleError in h(simpleError(msg, call)): error in evaluating the argument 'x' in selecting a method for function 'extent': coordinate operation creation from WKT failed: Unknown error (code 4096)>

[[823]]
[1] "Error in rgdal::rawTransform(projto_int, projfrom, nrow(xy), xy[, 1],  : \n  coordinate operation creation from WKT failed: Unknown error (code 4096)\n"
attr(,"class")
[1] "try-error"
attr(,"condition")
<simpleError in rgdal::rawTransform(projto_int, projfrom, nrow(xy), xy[, 1],     xy[, 2], wkt = use_proj6): coordinate operation creation from WKT failed: Unknown error (code 4096)>

[[824]]
[1] "Error in rgdal::rawTransform(projto_int, projfrom, nrow(xy), xy[, 1],  : \n  coordinate operation creation from WKT failed: Unknown error (code 4096)\n"
attr(,"class")
[1] "try-error"
attr(,"condition")
<simpleError in rgdal::rawTransform(projto_int, projfrom, nrow(xy), xy[, 1],     xy[, 2], wkt = use_proj6): coordinate operation creation from WKT failed: Unknown error (code 4096)>

[[825]]
class      : RasterLayer 
dimensions : 12027, 24053, 289285431  (nrow, ncol, ncell)
resolution : 1500.029, 1499.966  (x, y)
extent     : -18040096, 18040096, -9020048, 9020048  (xmin, xmax, ymin, ymax)
crs        : +proj=moll +lon_0=0 +x_0=0 +y_0=0 +ellps=WGS84 +units=m +no_defs 
source     : CMIP6 April Mollweide.tif 
names      : CMIP6_April_Mollweide 
values     : -58.8797, 34.96859  (min, max)


[[826]]
NULL

[[827]]
[1] "Error in h(simpleError(msg, call)) : \n  error in evaluating the argument 'x' in selecting a method for function 'extent': coordinate operation creation from WKT failed: Unknown error (code 4096)\n"
attr(,"class")
[1] "try-error"
attr(,"condition")
<simpleError in h(simpleError(msg, call)): error in evaluating the argument 'x' in selecting a method for function 'extent': coordinate operation creation from WKT failed: Unknown error (code 4096)>

[[828]]
[1] "Error in h(simpleError(msg, call)) : \n  error in evaluating the argument 'x' in selecting a method for function 'extent': coordinate operation creation from WKT failed: Unknown error (code 4096)\n"
attr(,"class")
[1] "try-error"
attr(,"condition")
<simpleError in h(simpleError(msg, call)): error in evaluating the argument 'x' in selecting a method for function 'extent': coordinate operation creation from WKT failed: Unknown error (code 4096)>

[[829]]
[1] "Error in h(simpleError(msg, call)) : \n  error in evaluating the argument 'x' in selecting a method for function 'extent': coordinate operation creation from WKT failed: Unknown error (code 4096)\n"
attr(,"class")
[1] "try-error"
attr(,"condition")
<simpleError in h(simpleError(msg, call)): error in evaluating the argument 'x' in selecting a method for function 'extent': coordinate operation creation from WKT failed: Unknown error (code 4096)>

[[830]]
[1] "Error in h(simpleError(msg, call)) : \n  error in evaluating the argument 'x' in selecting a method for function 'extent': target crs creation failed: Unknown error (code 4096)\n"
attr(,"class")
[1] "try-error"
attr(,"condition")
<simpleError in h(simpleError(msg, call)): error in evaluating the argument 'x' in selecting a method for function 'extent': target crs creation failed: Unknown error (code 4096)>

[[831]]
[1] "Error in h(simpleError(msg, call)) : \n  error in evaluating the argument 'x' in selecting a method for function 'extent': coordinate operation creation from WKT failed: Unknown error (code 4096)\n"
attr(,"class")
[1] "try-error"
attr(,"condition")
<simpleError in h(simpleError(msg, call)): error in evaluating the argument 'x' in selecting a method for function 'extent': coordinate operation creation from WKT failed: Unknown error (code 4096)>

[[832]]
[1] "Error in h(simpleError(msg, call)) : \n  error in evaluating the argument 'x' in selecting a method for function 'extent': coordinate operation creation from WKT failed: Unknown error (code 4096)\n"
attr(,"class")
[1] "try-error"
attr(,"condition")
<simpleError in h(simpleError(msg, call)): error in evaluating the argument 'x' in selecting a method for function 'extent': coordinate operation creation from WKT failed: Unknown error (code 4096)>

[[833]]
[1] "Error in h(simpleError(msg, call)) : \n  error in evaluating the argument 'x' in selecting a method for function 'extent': coordinate operation creation from WKT failed: Unknown error (code 4096)\n"
attr(,"class")
[1] "try-error"
attr(,"condition")
<simpleError in h(simpleError(msg, call)): error in evaluating the argument 'x' in selecting a method for function 'extent': coordinate operation creation from WKT failed: Unknown error (code 4096)>

[[834]]
[1] "Error in h(simpleError(msg, call)) : \n  error in evaluating the argument 'x' in selecting a method for function 'extent': target crs creation failed: Unknown error (code 4096)\n"
attr(,"class")
[1] "try-error"
attr(,"condition")
<simpleError in h(simpleError(msg, call)): error in evaluating the argument 'x' in selecting a method for function 'extent': target crs creation failed: Unknown error (code 4096)>

[[835]]
[1] "Error in rgdal::rawTransform(projto_int, projfrom, nrow(xy), xy[, 1],  : \n  coordinate operation creation from WKT failed: Unknown error (code 4096)\n"
attr(,"class")
[1] "try-error"
attr(,"condition")
<simpleError in rgdal::rawTransform(projto_int, projfrom, nrow(xy), xy[, 1],     xy[, 2], wkt = use_proj6): coordinate operation creation from WKT failed: Unknown error (code 4096)>

[[836]]
[1] "Error in .rasterObjectFromFile(x, band = band, objecttype = \"RasterLayer\",  : \n  Cannot create a RasterLayer object from this file.\n"
attr(,"class")
[1] "try-error"
attr(,"condition")
<simpleError in .rasterObjectFromFile(x, band = band, objecttype = "RasterLayer",     ...): Cannot create a RasterLayer object from this file.>

[[837]]
[1] "Error in h(simpleError(msg, call)) : \n  error in evaluating the argument 'x' in selecting a method for function 'extent': coordinate operation creation from WKT failed: Unknown error (code 4096)\n"
attr(,"class")
[1] "try-error"
attr(,"condition")
<simpleError in h(simpleError(msg, call)): error in evaluating the argument 'x' in selecting a method for function 'extent': coordinate operation creation from WKT failed: Unknown error (code 4096)>

[[838]]
[1] "Error in rgdal::rawTransform(projto_int, projfrom, nrow(xy), xy[, 1],  : \n  coordinate operation creation from WKT failed: Unknown error (code 4096)\n"
attr(,"class")
[1] "try-error"
attr(,"condition")
<simpleError in rgdal::rawTransform(projto_int, projfrom, nrow(xy), xy[, 1],     xy[, 2], wkt = use_proj6): coordinate operation creation from WKT failed: Unknown error (code 4096)>

[[839]]
[1] "Error in rgdal::rawTransform(projto_int, projfrom, nrow(xy), xy[, 1],  : \n  coordinate operation creation from WKT failed: Unknown error (code 4096)\n"
attr(,"class")
[1] "try-error"
attr(,"condition")
<simpleError in rgdal::rawTransform(projto_int, projfrom, nrow(xy), xy[, 1],     xy[, 2], wkt = use_proj6): coordinate operation creation from WKT failed: Unknown error (code 4096)>

[[840]]
class      : RasterLayer 
dimensions : 12027, 24053, 289285431  (nrow, ncol, ncell)
resolution : 1500.029, 1499.966  (x, y)
extent     : -18040096, 18040096, -9020048, 9020048  (xmin, xmax, ymin, ymax)
crs        : +proj=moll +lon_0=0 +x_0=0 +y_0=0 +ellps=WGS84 +units=m +no_defs 
source     : CMIP6 February Mollweide.tif 
names      : CMIP6_February_Mollweide 
values     : -44.97982, 30.10527  (min, max)


[[841]]
NULL

[[842]]
[1] "Error in h(simpleError(msg, call)) : \n  error in evaluating the argument 'x' in selecting a method for function 'extent': coordinate operation creation from WKT failed: Unknown error (code 4096)\n"
attr(,"class")
[1] "try-error"
attr(,"condition")
<simpleError in h(simpleError(msg, call)): error in evaluating the argument 'x' in selecting a method for function 'extent': coordinate operation creation from WKT failed: Unknown error (code 4096)>

[[843]]
[1] "Error in h(simpleError(msg, call)) : \n  error in evaluating the argument 'x' in selecting a method for function 'extent': coordinate operation creation from WKT failed: Unknown error (code 4096)\n"
attr(,"class")
[1] "try-error"
attr(,"condition")
<simpleError in h(simpleError(msg, call)): error in evaluating the argument 'x' in selecting a method for function 'extent': coordinate operation creation from WKT failed: Unknown error (code 4096)>

[[844]]
[1] "Error in h(simpleError(msg, call)) : \n  error in evaluating the argument 'x' in selecting a method for function 'extent': coordinate operation creation from WKT failed: Unknown error (code 4096)\n"
attr(,"class")
[1] "try-error"
attr(,"condition")
<simpleError in h(simpleError(msg, call)): error in evaluating the argument 'x' in selecting a method for function 'extent': coordinate operation creation from WKT failed: Unknown error (code 4096)>

[[845]]
[1] "Error in h(simpleError(msg, call)) : \n  error in evaluating the argument 'x' in selecting a method for function 'extent': target crs creation failed: Unknown error (code 4096)\n"
attr(,"class")
[1] "try-error"
attr(,"condition")
<simpleError in h(simpleError(msg, call)): error in evaluating the argument 'x' in selecting a method for function 'extent': target crs creation failed: Unknown error (code 4096)>

[[846]]
[1] "Error in h(simpleError(msg, call)) : \n  error in evaluating the argument 'x' in selecting a method for function 'extent': coordinate operation creation from WKT failed: Unknown error (code 4096)\n"
attr(,"class")
[1] "try-error"
attr(,"condition")
<simpleError in h(simpleError(msg, call)): error in evaluating the argument 'x' in selecting a method for function 'extent': coordinate operation creation from WKT failed: Unknown error (code 4096)>

[[847]]
[1] "Error in h(simpleError(msg, call)) : \n  error in evaluating the argument 'x' in selecting a method for function 'extent': coordinate operation creation from WKT failed: Unknown error (code 4096)\n"
attr(,"class")
[1] "try-error"
attr(,"condition")
<simpleError in h(simpleError(msg, call)): error in evaluating the argument 'x' in selecting a method for function 'extent': coordinate operation creation from WKT failed: Unknown error (code 4096)>

[[848]]
[1] "Error in h(simpleError(msg, call)) : \n  error in evaluating the argument 'x' in selecting a method for function 'extent': coordinate operation creation from WKT failed: Unknown error (code 4096)\n"
attr(,"class")
[1] "try-error"
attr(,"condition")
<simpleError in h(simpleError(msg, call)): error in evaluating the argument 'x' in selecting a method for function 'extent': coordinate operation creation from WKT failed: Unknown error (code 4096)>

[[849]]
[1] "Error in h(simpleError(msg, call)) : \n  error in evaluating the argument 'x' in selecting a method for function 'extent': target crs creation failed: Unknown error (code 4096)\n"
attr(,"class")
[1] "try-error"
attr(,"condition")
<simpleError in h(simpleError(msg, call)): error in evaluating the argument 'x' in selecting a method for function 'extent': target crs creation failed: Unknown error (code 4096)>

[[850]]
[1] "Error in rgdal::rawTransform(projto_int, projfrom, nrow(xy), xy[, 1],  : \n  coordinate operation creation from WKT failed: Unknown error (code 4096)\n"
attr(,"class")
[1] "try-error"
attr(,"condition")
<simpleError in rgdal::rawTransform(projto_int, projfrom, nrow(xy), xy[, 1],     xy[, 2], wkt = use_proj6): coordinate operation creation from WKT failed: Unknown error (code 4096)>

[[851]]
[1] "Error in .rasterObjectFromFile(x, band = band, objecttype = \"RasterLayer\",  : \n  Cannot create a RasterLayer object from this file.\n"
attr(,"class")
[1] "try-error"
attr(,"condition")
<simpleError in .rasterObjectFromFile(x, band = band, objecttype = "RasterLayer",     ...): Cannot create a RasterLayer object from this file.>

[[852]]
[1] "Error in h(simpleError(msg, call)) : \n  error in evaluating the argument 'x' in selecting a method for function 'extent': coordinate operation creation from WKT failed: Unknown error (code 4096)\n"
attr(,"class")
[1] "try-error"
attr(,"condition")
<simpleError in h(simpleError(msg, call)): error in evaluating the argument 'x' in selecting a method for function 'extent': coordinate operation creation from WKT failed: Unknown error (code 4096)>

[[853]]
[1] "Error in rgdal::rawTransform(projto_int, projfrom, nrow(xy), xy[, 1],  : \n  coordinate operation creation from WKT failed: Unknown error (code 4096)\n"
attr(,"class")
[1] "try-error"
attr(,"condition")
<simpleError in rgdal::rawTransform(projto_int, projfrom, nrow(xy), xy[, 1],     xy[, 2], wkt = use_proj6): coordinate operation creation from WKT failed: Unknown error (code 4096)>

[[854]]
[1] "Error in rgdal::rawTransform(projto_int, projfrom, nrow(xy), xy[, 1],  : \n  coordinate operation creation from WKT failed: Unknown error (code 4096)\n"
attr(,"class")
[1] "try-error"
attr(,"condition")
<simpleError in rgdal::rawTransform(projto_int, projfrom, nrow(xy), xy[, 1],     xy[, 2], wkt = use_proj6): coordinate operation creation from WKT failed: Unknown error (code 4096)>

[[855]]
class      : RasterLayer 
dimensions : 12027, 24053, 289285431  (nrow, ncol, ncell)
resolution : 1500.029, 1499.966  (x, y)
extent     : -18040096, 18040096, -9020048, 9020048  (xmin, xmax, ymin, ymax)
crs        : +proj=moll +lon_0=0 +x_0=0 +y_0=0 +ellps=WGS84 +units=m +no_defs 
source     : CMIP6 June Mollweide.tif 
names      : CMIP6_June_Mollweide 
values     : 0.02261178, 18.70977  (min, max)


[[856]]
NULL

[[857]]
[1] "Error in h(simpleError(msg, call)) : \n  error in evaluating the argument 'x' in selecting a method for function 'extent': coordinate operation creation from WKT failed: Unknown error (code 4096)\n"
attr(,"class")
[1] "try-error"
attr(,"condition")
<simpleError in h(simpleError(msg, call)): error in evaluating the argument 'x' in selecting a method for function 'extent': coordinate operation creation from WKT failed: Unknown error (code 4096)>

[[858]]
[1] "Error in h(simpleError(msg, call)) : \n  error in evaluating the argument 'x' in selecting a method for function 'extent': coordinate operation creation from WKT failed: Unknown error (code 4096)\n"
attr(,"class")
[1] "try-error"
attr(,"condition")
<simpleError in h(simpleError(msg, call)): error in evaluating the argument 'x' in selecting a method for function 'extent': coordinate operation creation from WKT failed: Unknown error (code 4096)>

[[859]]
[1] "Error in h(simpleError(msg, call)) : \n  error in evaluating the argument 'x' in selecting a method for function 'extent': coordinate operation creation from WKT failed: Unknown error (code 4096)\n"
attr(,"class")
[1] "try-error"
attr(,"condition")
<simpleError in h(simpleError(msg, call)): error in evaluating the argument 'x' in selecting a method for function 'extent': coordinate operation creation from WKT failed: Unknown error (code 4096)>

[[860]]
[1] "Error in h(simpleError(msg, call)) : \n  error in evaluating the argument 'x' in selecting a method for function 'extent': target crs creation failed: Unknown error (code 4096)\n"
attr(,"class")
[1] "try-error"
attr(,"condition")
<simpleError in h(simpleError(msg, call)): error in evaluating the argument 'x' in selecting a method for function 'extent': target crs creation failed: Unknown error (code 4096)>

[[861]]
[1] "Error in h(simpleError(msg, call)) : \n  error in evaluating the argument 'x' in selecting a method for function 'extent': coordinate operation creation from WKT failed: Unknown error (code 4096)\n"
attr(,"class")
[1] "try-error"
attr(,"condition")
<simpleError in h(simpleError(msg, call)): error in evaluating the argument 'x' in selecting a method for function 'extent': coordinate operation creation from WKT failed: Unknown error (code 4096)>

[[862]]
[1] "Error in h(simpleError(msg, call)) : \n  error in evaluating the argument 'x' in selecting a method for function 'extent': coordinate operation creation from WKT failed: Unknown error (code 4096)\n"
attr(,"class")
[1] "try-error"
attr(,"condition")
<simpleError in h(simpleError(msg, call)): error in evaluating the argument 'x' in selecting a method for function 'extent': coordinate operation creation from WKT failed: Unknown error (code 4096)>

[[863]]
[1] "Error in h(simpleError(msg, call)) : \n  error in evaluating the argument 'x' in selecting a method for function 'extent': coordinate operation creation from WKT failed: Unknown error (code 4096)\n"
attr(,"class")
[1] "try-error"
attr(,"condition")
<simpleError in h(simpleError(msg, call)): error in evaluating the argument 'x' in selecting a method for function 'extent': coordinate operation creation from WKT failed: Unknown error (code 4096)>

[[864]]
[1] "Error in h(simpleError(msg, call)) : \n  error in evaluating the argument 'x' in selecting a method for function 'extent': target crs creation failed: Unknown error (code 4096)\n"
attr(,"class")
[1] "try-error"
attr(,"condition")
<simpleError in h(simpleError(msg, call)): error in evaluating the argument 'x' in selecting a method for function 'extent': target crs creation failed: Unknown error (code 4096)>

[[865]]
[1] "Error in rgdal::rawTransform(projto_int, projfrom, nrow(xy), xy[, 1],  : \n  coordinate operation creation from WKT failed: Unknown error (code 4096)\n"
attr(,"class")
[1] "try-error"
attr(,"condition")
<simpleError in rgdal::rawTransform(projto_int, projfrom, nrow(xy), xy[, 1],     xy[, 2], wkt = use_proj6): coordinate operation creation from WKT failed: Unknown error (code 4096)>

[[866]]
[1] "Error in .rasterObjectFromFile(x, band = band, objecttype = \"RasterLayer\",  : \n  Cannot create a RasterLayer object from this file.\n"
attr(,"class")
[1] "try-error"
attr(,"condition")
<simpleError in .rasterObjectFromFile(x, band = band, objecttype = "RasterLayer",     ...): Cannot create a RasterLayer object from this file.>

[[867]]
[1] "Error in h(simpleError(msg, call)) : \n  error in evaluating the argument 'x' in selecting a method for function 'extent': coordinate operation creation from WKT failed: Unknown error (code 4096)\n"
attr(,"class")
[1] "try-error"
attr(,"condition")
<simpleError in h(simpleError(msg, call)): error in evaluating the argument 'x' in selecting a method for function 'extent': coordinate operation creation from WKT failed: Unknown error (code 4096)>

[[868]]
[1] "Error in rgdal::rawTransform(projto_int, projfrom, nrow(xy), xy[, 1],  : \n  coordinate operation creation from WKT failed: Unknown error (code 4096)\n"
attr(,"class")
[1] "try-error"
attr(,"condition")
<simpleError in rgdal::rawTransform(projto_int, projfrom, nrow(xy), xy[, 1],     xy[, 2], wkt = use_proj6): coordinate operation creation from WKT failed: Unknown error (code 4096)>

[[869]]
[1] "Error in rgdal::rawTransform(projto_int, projfrom, nrow(xy), xy[, 1],  : \n  coordinate operation creation from WKT failed: Unknown error (code 4096)\n"
attr(,"class")
[1] "try-error"
attr(,"condition")
<simpleError in rgdal::rawTransform(projto_int, projfrom, nrow(xy), xy[, 1],     xy[, 2], wkt = use_proj6): coordinate operation creation from WKT failed: Unknown error (code 4096)>

[[870]]
class      : RasterLayer 
dimensions : 12027, 24053, 289285431  (nrow, ncol, ncell)
resolution : 1500.029, 1499.966  (x, y)
extent     : -18040096, 18040096, -9020048, 9020048  (xmin, xmax, ymin, ymax)
crs        : +proj=moll +lon_0=0 +x_0=0 +y_0=0 +ellps=WGS84 +units=m +no_defs 
source     : CMIP6 May Mollweide.tif 
names      : CMIP6_May_Mollweide 
values     : -60.74832, 36.01272  (min, max)


[[871]]
NULL

[[872]]
[1] "Error in h(simpleError(msg, call)) : \n  error in evaluating the argument 'x' in selecting a method for function 'extent': coordinate operation creation from WKT failed: Unknown error (code 4096)\n"
attr(,"class")
[1] "try-error"
attr(,"condition")
<simpleError in h(simpleError(msg, call)): error in evaluating the argument 'x' in selecting a method for function 'extent': coordinate operation creation from WKT failed: Unknown error (code 4096)>

[[873]]
[1] "Error in h(simpleError(msg, call)) : \n  error in evaluating the argument 'x' in selecting a method for function 'extent': coordinate operation creation from WKT failed: Unknown error (code 4096)\n"
attr(,"class")
[1] "try-error"
attr(,"condition")
<simpleError in h(simpleError(msg, call)): error in evaluating the argument 'x' in selecting a method for function 'extent': coordinate operation creation from WKT failed: Unknown error (code 4096)>

[[874]]
[1] "Error in h(simpleError(msg, call)) : \n  error in evaluating the argument 'x' in selecting a method for function 'extent': coordinate operation creation from WKT failed: Unknown error (code 4096)\n"
attr(,"class")
[1] "try-error"
attr(,"condition")
<simpleError in h(simpleError(msg, call)): error in evaluating the argument 'x' in selecting a method for function 'extent': coordinate operation creation from WKT failed: Unknown error (code 4096)>

[[875]]
[1] "Error in h(simpleError(msg, call)) : \n  error in evaluating the argument 'x' in selecting a method for function 'extent': target crs creation failed: Unknown error (code 4096)\n"
attr(,"class")
[1] "try-error"
attr(,"condition")
<simpleError in h(simpleError(msg, call)): error in evaluating the argument 'x' in selecting a method for function 'extent': target crs creation failed: Unknown error (code 4096)>

[[876]]
[1] "Error in h(simpleError(msg, call)) : \n  error in evaluating the argument 'x' in selecting a method for function 'extent': coordinate operation creation from WKT failed: Unknown error (code 4096)\n"
attr(,"class")
[1] "try-error"
attr(,"condition")
<simpleError in h(simpleError(msg, call)): error in evaluating the argument 'x' in selecting a method for function 'extent': coordinate operation creation from WKT failed: Unknown error (code 4096)>

[[877]]
[1] "Error in h(simpleError(msg, call)) : \n  error in evaluating the argument 'x' in selecting a method for function 'extent': coordinate operation creation from WKT failed: Unknown error (code 4096)\n"
attr(,"class")
[1] "try-error"
attr(,"condition")
<simpleError in h(simpleError(msg, call)): error in evaluating the argument 'x' in selecting a method for function 'extent': coordinate operation creation from WKT failed: Unknown error (code 4096)>

[[878]]
[1] "Error in h(simpleError(msg, call)) : \n  error in evaluating the argument 'x' in selecting a method for function 'extent': coordinate operation creation from WKT failed: Unknown error (code 4096)\n"
attr(,"class")
[1] "try-error"
attr(,"condition")
<simpleError in h(simpleError(msg, call)): error in evaluating the argument 'x' in selecting a method for function 'extent': coordinate operation creation from WKT failed: Unknown error (code 4096)>

[[879]]
[1] "Error in h(simpleError(msg, call)) : \n  error in evaluating the argument 'x' in selecting a method for function 'extent': target crs creation failed: Unknown error (code 4096)\n"
attr(,"class")
[1] "try-error"
attr(,"condition")
<simpleError in h(simpleError(msg, call)): error in evaluating the argument 'x' in selecting a method for function 'extent': target crs creation failed: Unknown error (code 4096)>

[[880]]
[1] "Error in rgdal::rawTransform(projto_int, projfrom, nrow(xy), xy[, 1],  : \n  coordinate operation creation from WKT failed: Unknown error (code 4096)\n"
attr(,"class")
[1] "try-error"
attr(,"condition")
<simpleError in rgdal::rawTransform(projto_int, projfrom, nrow(xy), xy[, 1],     xy[, 2], wkt = use_proj6): coordinate operation creation from WKT failed: Unknown error (code 4096)>

[[881]]
[1] "Error in .rasterObjectFromFile(x, band = band, objecttype = \"RasterLayer\",  : \n  Cannot create a RasterLayer object from this file.\n"
attr(,"class")
[1] "try-error"
attr(,"condition")
<simpleError in .rasterObjectFromFile(x, band = band, objecttype = "RasterLayer",     ...): Cannot create a RasterLayer object from this file.>

[[882]]
[1] "Error in h(simpleError(msg, call)) : \n  error in evaluating the argument 'x' in selecting a method for function 'extent': coordinate operation creation from WKT failed: Unknown error (code 4096)\n"
attr(,"class")
[1] "try-error"
attr(,"condition")
<simpleError in h(simpleError(msg, call)): error in evaluating the argument 'x' in selecting a method for function 'extent': coordinate operation creation from WKT failed: Unknown error (code 4096)>

[[883]]
[1] "Error in rgdal::rawTransform(projto_int, projfrom, nrow(xy), xy[, 1],  : \n  coordinate operation creation from WKT failed: Unknown error (code 4096)\n"
attr(,"class")
[1] "try-error"
attr(,"condition")
<simpleError in rgdal::rawTransform(projto_int, projfrom, nrow(xy), xy[, 1],     xy[, 2], wkt = use_proj6): coordinate operation creation from WKT failed: Unknown error (code 4096)>

[[884]]
[1] "Error in rgdal::rawTransform(projto_int, projfrom, nrow(xy), xy[, 1],  : \n  coordinate operation creation from WKT failed: Unknown error (code 4096)\n"
attr(,"class")
[1] "try-error"
attr(,"condition")
<simpleError in rgdal::rawTransform(projto_int, projfrom, nrow(xy), xy[, 1],     xy[, 2], wkt = use_proj6): coordinate operation creation from WKT failed: Unknown error (code 4096)>

[[885]]
class      : RasterLayer 
dimensions : 12027, 24053, 289285431  (nrow, ncol, ncell)
resolution : 1500.029, 1499.966  (x, y)
extent     : -18040096, 18040096, -9020048, 9020048  (xmin, xmax, ymin, ymax)
crs        : +proj=moll +lon_0=0 +x_0=0 +y_0=0 +ellps=WGS84 +units=m +no_defs 
source     : CMIP6 January Mollweide.tif 
names      : CMIP6_January_Mollweide 
values     : -41.81723, 29.02831  (min, max)


[[886]]
NULL

[[887]]
[1] "Error in h(simpleError(msg, call)) : \n  error in evaluating the argument 'x' in selecting a method for function 'extent': coordinate operation creation from WKT failed: Unknown error (code 4096)\n"
attr(,"class")
[1] "try-error"
attr(,"condition")
<simpleError in h(simpleError(msg, call)): error in evaluating the argument 'x' in selecting a method for function 'extent': coordinate operation creation from WKT failed: Unknown error (code 4096)>

[[888]]
[1] "Error in h(simpleError(msg, call)) : \n  error in evaluating the argument 'x' in selecting a method for function 'extent': coordinate operation creation from WKT failed: Unknown error (code 4096)\n"
attr(,"class")
[1] "try-error"
attr(,"condition")
<simpleError in h(simpleError(msg, call)): error in evaluating the argument 'x' in selecting a method for function 'extent': coordinate operation creation from WKT failed: Unknown error (code 4096)>

[[889]]
[1] "Error in h(simpleError(msg, call)) : \n  error in evaluating the argument 'x' in selecting a method for function 'extent': coordinate operation creation from WKT failed: Unknown error (code 4096)\n"
attr(,"class")
[1] "try-error"
attr(,"condition")
<simpleError in h(simpleError(msg, call)): error in evaluating the argument 'x' in selecting a method for function 'extent': coordinate operation creation from WKT failed: Unknown error (code 4096)>

[[890]]
[1] "Error in h(simpleError(msg, call)) : \n  error in evaluating the argument 'x' in selecting a method for function 'extent': target crs creation failed: Unknown error (code 4096)\n"
attr(,"class")
[1] "try-error"
attr(,"condition")
<simpleError in h(simpleError(msg, call)): error in evaluating the argument 'x' in selecting a method for function 'extent': target crs creation failed: Unknown error (code 4096)>

[[891]]
[1] "Error in h(simpleError(msg, call)) : \n  error in evaluating the argument 'x' in selecting a method for function 'extent': coordinate operation creation from WKT failed: Unknown error (code 4096)\n"
attr(,"class")
[1] "try-error"
attr(,"condition")
<simpleError in h(simpleError(msg, call)): error in evaluating the argument 'x' in selecting a method for function 'extent': coordinate operation creation from WKT failed: Unknown error (code 4096)>

[[892]]
[1] "Error in h(simpleError(msg, call)) : \n  error in evaluating the argument 'x' in selecting a method for function 'extent': coordinate operation creation from WKT failed: Unknown error (code 4096)\n"
attr(,"class")
[1] "try-error"
attr(,"condition")
<simpleError in h(simpleError(msg, call)): error in evaluating the argument 'x' in selecting a method for function 'extent': coordinate operation creation from WKT failed: Unknown error (code 4096)>

[[893]]
[1] "Error in h(simpleError(msg, call)) : \n  error in evaluating the argument 'x' in selecting a method for function 'extent': coordinate operation creation from WKT failed: Unknown error (code 4096)\n"
attr(,"class")
[1] "try-error"
attr(,"condition")
<simpleError in h(simpleError(msg, call)): error in evaluating the argument 'x' in selecting a method for function 'extent': coordinate operation creation from WKT failed: Unknown error (code 4096)>

[[894]]
[1] "Error in h(simpleError(msg, call)) : \n  error in evaluating the argument 'x' in selecting a method for function 'extent': target crs creation failed: Unknown error (code 4096)\n"
attr(,"class")
[1] "try-error"
attr(,"condition")
<simpleError in h(simpleError(msg, call)): error in evaluating the argument 'x' in selecting a method for function 'extent': target crs creation failed: Unknown error (code 4096)>

[[895]]
[1] "Error in rgdal::rawTransform(projto_int, projfrom, nrow(xy), xy[, 1],  : \n  coordinate operation creation from WKT failed: Unknown error (code 4096)\n"
attr(,"class")
[1] "try-error"
attr(,"condition")
<simpleError in rgdal::rawTransform(projto_int, projfrom, nrow(xy), xy[, 1],     xy[, 2], wkt = use_proj6): coordinate operation creation from WKT failed: Unknown error (code 4096)>

[[896]]
[1] "Error in .rasterObjectFromFile(x, band = band, objecttype = \"RasterLayer\",  : \n  Cannot create a RasterLayer object from this file.\n"
attr(,"class")
[1] "try-error"
attr(,"condition")
<simpleError in .rasterObjectFromFile(x, band = band, objecttype = "RasterLayer",     ...): Cannot create a RasterLayer object from this file.>

[[897]]
[1] "Error in h(simpleError(msg, call)) : \n  error in evaluating the argument 'x' in selecting a method for function 'extent': coordinate operation creation from WKT failed: Unknown error (code 4096)\n"
attr(,"class")
[1] "try-error"
attr(,"condition")
<simpleError in h(simpleError(msg, call)): error in evaluating the argument 'x' in selecting a method for function 'extent': coordinate operation creation from WKT failed: Unknown error (code 4096)>

[[898]]
[1] "Error in rgdal::rawTransform(projto_int, projfrom, nrow(xy), xy[, 1],  : \n  coordinate operation creation from WKT failed: Unknown error (code 4096)\n"
attr(,"class")
[1] "try-error"
attr(,"condition")
<simpleError in rgdal::rawTransform(projto_int, projfrom, nrow(xy), xy[, 1],     xy[, 2], wkt = use_proj6): coordinate operation creation from WKT failed: Unknown error (code 4096)>

[[899]]
[1] "Error in rgdal::rawTransform(projto_int, projfrom, nrow(xy), xy[, 1],  : \n  coordinate operation creation from WKT failed: Unknown error (code 4096)\n"
attr(,"class")
[1] "try-error"
attr(,"condition")
<simpleError in rgdal::rawTransform(projto_int, projfrom, nrow(xy), xy[, 1],     xy[, 2], wkt = use_proj6): coordinate operation creation from WKT failed: Unknown error (code 4096)>

[[900]]
class      : RasterLayer 
dimensions : 12027, 24053, 289285431  (nrow, ncol, ncell)
resolution : 1500.029, 1499.966  (x, y)
extent     : -18040096, 18040096, -9020048, 9020048  (xmin, xmax, ymin, ymax)
crs        : +proj=moll +lon_0=0 +x_0=0 +y_0=0 +ellps=WGS84 +units=m +no_defs 
source     : CMIP6 August Mollweide.tif 
names      : CMIP6_August_Mollweide 
values     : -61.06637, 41.13002  (min, max)


[[901]]
NULL

[[902]]
[1] "Error in h(simpleError(msg, call)) : \n  error in evaluating the argument 'x' in selecting a method for function 'extent': coordinate operation creation from WKT failed: Unknown error (code 4096)\n"
attr(,"class")
[1] "try-error"
attr(,"condition")
<simpleError in h(simpleError(msg, call)): error in evaluating the argument 'x' in selecting a method for function 'extent': coordinate operation creation from WKT failed: Unknown error (code 4096)>

[[903]]
[1] "Error in h(simpleError(msg, call)) : \n  error in evaluating the argument 'x' in selecting a method for function 'extent': coordinate operation creation from WKT failed: Unknown error (code 4096)\n"
attr(,"class")
[1] "try-error"
attr(,"condition")
<simpleError in h(simpleError(msg, call)): error in evaluating the argument 'x' in selecting a method for function 'extent': coordinate operation creation from WKT failed: Unknown error (code 4096)>

[[904]]
[1] "Error in h(simpleError(msg, call)) : \n  error in evaluating the argument 'x' in selecting a method for function 'extent': coordinate operation creation from WKT failed: Unknown error (code 4096)\n"
attr(,"class")
[1] "try-error"
attr(,"condition")
<simpleError in h(simpleError(msg, call)): error in evaluating the argument 'x' in selecting a method for function 'extent': coordinate operation creation from WKT failed: Unknown error (code 4096)>

[[905]]
[1] "Error in h(simpleError(msg, call)) : \n  error in evaluating the argument 'x' in selecting a method for function 'extent': target crs creation failed: Unknown error (code 4096)\n"
attr(,"class")
[1] "try-error"
attr(,"condition")
<simpleError in h(simpleError(msg, call)): error in evaluating the argument 'x' in selecting a method for function 'extent': target crs creation failed: Unknown error (code 4096)>

[[906]]
[1] "Error in h(simpleError(msg, call)) : \n  error in evaluating the argument 'x' in selecting a method for function 'extent': coordinate operation creation from WKT failed: Unknown error (code 4096)\n"
attr(,"class")
[1] "try-error"
attr(,"condition")
<simpleError in h(simpleError(msg, call)): error in evaluating the argument 'x' in selecting a method for function 'extent': coordinate operation creation from WKT failed: Unknown error (code 4096)>

[[907]]
[1] "Error in h(simpleError(msg, call)) : \n  error in evaluating the argument 'x' in selecting a method for function 'extent': coordinate operation creation from WKT failed: Unknown error (code 4096)\n"
attr(,"class")
[1] "try-error"
attr(,"condition")
<simpleError in h(simpleError(msg, call)): error in evaluating the argument 'x' in selecting a method for function 'extent': coordinate operation creation from WKT failed: Unknown error (code 4096)>

[[908]]
[1] "Error in h(simpleError(msg, call)) : \n  error in evaluating the argument 'x' in selecting a method for function 'extent': coordinate operation creation from WKT failed: Unknown error (code 4096)\n"
attr(,"class")
[1] "try-error"
attr(,"condition")
<simpleError in h(simpleError(msg, call)): error in evaluating the argument 'x' in selecting a method for function 'extent': coordinate operation creation from WKT failed: Unknown error (code 4096)>

[[909]]
[1] "Error in h(simpleError(msg, call)) : \n  error in evaluating the argument 'x' in selecting a method for function 'extent': target crs creation failed: Unknown error (code 4096)\n"
attr(,"class")
[1] "try-error"
attr(,"condition")
<simpleError in h(simpleError(msg, call)): error in evaluating the argument 'x' in selecting a method for function 'extent': target crs creation failed: Unknown error (code 4096)>

[[910]]
[1] "Error in rgdal::rawTransform(projto_int, projfrom, nrow(xy), xy[, 1],  : \n  coordinate operation creation from WKT failed: Unknown error (code 4096)\n"
attr(,"class")
[1] "try-error"
attr(,"condition")
<simpleError in rgdal::rawTransform(projto_int, projfrom, nrow(xy), xy[, 1],     xy[, 2], wkt = use_proj6): coordinate operation creation from WKT failed: Unknown error (code 4096)>

[[911]]
[1] "Error in .rasterObjectFromFile(x, band = band, objecttype = \"RasterLayer\",  : \n  Cannot create a RasterLayer object from this file.\n"
attr(,"class")
[1] "try-error"
attr(,"condition")
<simpleError in .rasterObjectFromFile(x, band = band, objecttype = "RasterLayer",     ...): Cannot create a RasterLayer object from this file.>

[[912]]
[1] "Error in h(simpleError(msg, call)) : \n  error in evaluating the argument 'x' in selecting a method for function 'extent': coordinate operation creation from WKT failed: Unknown error (code 4096)\n"
attr(,"class")
[1] "try-error"
attr(,"condition")
<simpleError in h(simpleError(msg, call)): error in evaluating the argument 'x' in selecting a method for function 'extent': coordinate operation creation from WKT failed: Unknown error (code 4096)>

[[913]]
[1] "Error in rgdal::rawTransform(projto_int, projfrom, nrow(xy), xy[, 1],  : \n  coordinate operation creation from WKT failed: Unknown error (code 4096)\n"
attr(,"class")
[1] "try-error"
attr(,"condition")
<simpleError in rgdal::rawTransform(projto_int, projfrom, nrow(xy), xy[, 1],     xy[, 2], wkt = use_proj6): coordinate operation creation from WKT failed: Unknown error (code 4096)>

[[914]]
[1] "Error in rgdal::rawTransform(projto_int, projfrom, nrow(xy), xy[, 1],  : \n  coordinate operation creation from WKT failed: Unknown error (code 4096)\n"
attr(,"class")
[1] "try-error"
attr(,"condition")
<simpleError in rgdal::rawTransform(projto_int, projfrom, nrow(xy), xy[, 1],     xy[, 2], wkt = use_proj6): coordinate operation creation from WKT failed: Unknown error (code 4096)>

[[915]]
class      : RasterLayer 
dimensions : 12027, 24053, 289285431  (nrow, ncol, ncell)
resolution : 1500.029, 1499.966  (x, y)
extent     : -18040096, 18040096, -9020048, 9020048  (xmin, xmax, ymin, ymax)
crs        : +proj=moll +lon_0=0 +x_0=0 +y_0=0 +ellps=WGS84 +units=m +no_defs 
source     : CMIP6 July Mollweide.tif 
names      : CMIP6_July_Mollweide 
values     : -64.99038, 33.01275  (min, max)


[[916]]
NULL

[[917]]
[1] "Error in h(simpleError(msg, call)) : \n  error in evaluating the argument 'x' in selecting a method for function 'extent': coordinate operation creation from WKT failed: Unknown error (code 4096)\n"
attr(,"class")
[1] "try-error"
attr(,"condition")
<simpleError in h(simpleError(msg, call)): error in evaluating the argument 'x' in selecting a method for function 'extent': coordinate operation creation from WKT failed: Unknown error (code 4096)>

[[918]]
[1] "Error in h(simpleError(msg, call)) : \n  error in evaluating the argument 'x' in selecting a method for function 'extent': coordinate operation creation from WKT failed: Unknown error (code 4096)\n"
attr(,"class")
[1] "try-error"
attr(,"condition")
<simpleError in h(simpleError(msg, call)): error in evaluating the argument 'x' in selecting a method for function 'extent': coordinate operation creation from WKT failed: Unknown error (code 4096)>

[[919]]
[1] "Error in h(simpleError(msg, call)) : \n  error in evaluating the argument 'x' in selecting a method for function 'extent': coordinate operation creation from WKT failed: Unknown error (code 4096)\n"
attr(,"class")
[1] "try-error"
attr(,"condition")
<simpleError in h(simpleError(msg, call)): error in evaluating the argument 'x' in selecting a method for function 'extent': coordinate operation creation from WKT failed: Unknown error (code 4096)>

[[920]]
[1] "Error in h(simpleError(msg, call)) : \n  error in evaluating the argument 'x' in selecting a method for function 'extent': target crs creation failed: Unknown error (code 4096)\n"
attr(,"class")
[1] "try-error"
attr(,"condition")
<simpleError in h(simpleError(msg, call)): error in evaluating the argument 'x' in selecting a method for function 'extent': target crs creation failed: Unknown error (code 4096)>

[[921]]
[1] "Error in h(simpleError(msg, call)) : \n  error in evaluating the argument 'x' in selecting a method for function 'extent': coordinate operation creation from WKT failed: Unknown error (code 4096)\n"
attr(,"class")
[1] "try-error"
attr(,"condition")
<simpleError in h(simpleError(msg, call)): error in evaluating the argument 'x' in selecting a method for function 'extent': coordinate operation creation from WKT failed: Unknown error (code 4096)>

[[922]]
[1] "Error in h(simpleError(msg, call)) : \n  error in evaluating the argument 'x' in selecting a method for function 'extent': coordinate operation creation from WKT failed: Unknown error (code 4096)\n"
attr(,"class")
[1] "try-error"
attr(,"condition")
<simpleError in h(simpleError(msg, call)): error in evaluating the argument 'x' in selecting a method for function 'extent': coordinate operation creation from WKT failed: Unknown error (code 4096)>

[[923]]
[1] "Error in h(simpleError(msg, call)) : \n  error in evaluating the argument 'x' in selecting a method for function 'extent': coordinate operation creation from WKT failed: Unknown error (code 4096)\n"
attr(,"class")
[1] "try-error"
attr(,"condition")
<simpleError in h(simpleError(msg, call)): error in evaluating the argument 'x' in selecting a method for function 'extent': coordinate operation creation from WKT failed: Unknown error (code 4096)>

[[924]]
[1] "Error in h(simpleError(msg, call)) : \n  error in evaluating the argument 'x' in selecting a method for function 'extent': target crs creation failed: Unknown error (code 4096)\n"
attr(,"class")
[1] "try-error"
attr(,"condition")
<simpleError in h(simpleError(msg, call)): error in evaluating the argument 'x' in selecting a method for function 'extent': target crs creation failed: Unknown error (code 4096)>

[[925]]
[1] "Error in rgdal::rawTransform(projto_int, projfrom, nrow(xy), xy[, 1],  : \n  coordinate operation creation from WKT failed: Unknown error (code 4096)\n"
attr(,"class")
[1] "try-error"
attr(,"condition")
<simpleError in rgdal::rawTransform(projto_int, projfrom, nrow(xy), xy[, 1],     xy[, 2], wkt = use_proj6): coordinate operation creation from WKT failed: Unknown error (code 4096)>

[[926]]
[1] "Error in .rasterObjectFromFile(x, band = band, objecttype = \"RasterLayer\",  : \n  Cannot create a RasterLayer object from this file.\n"
attr(,"class")
[1] "try-error"
attr(,"condition")
<simpleError in .rasterObjectFromFile(x, band = band, objecttype = "RasterLayer",     ...): Cannot create a RasterLayer object from this file.>

[[927]]
[1] "Error in h(simpleError(msg, call)) : \n  error in evaluating the argument 'x' in selecting a method for function 'extent': coordinate operation creation from WKT failed: Unknown error (code 4096)\n"
attr(,"class")
[1] "try-error"
attr(,"condition")
<simpleError in h(simpleError(msg, call)): error in evaluating the argument 'x' in selecting a method for function 'extent': coordinate operation creation from WKT failed: Unknown error (code 4096)>

[[928]]
[1] "Error in rgdal::rawTransform(projto_int, projfrom, nrow(xy), xy[, 1],  : \n  coordinate operation creation from WKT failed: Unknown error (code 4096)\n"
attr(,"class")
[1] "try-error"
attr(,"condition")
<simpleError in rgdal::rawTransform(projto_int, projfrom, nrow(xy), xy[, 1],     xy[, 2], wkt = use_proj6): coordinate operation creation from WKT failed: Unknown error (code 4096)>

[[929]]
[1] "Error in rgdal::rawTransform(projto_int, projfrom, nrow(xy), xy[, 1],  : \n  coordinate operation creation from WKT failed: Unknown error (code 4096)\n"
attr(,"class")
[1] "try-error"
attr(,"condition")
<simpleError in rgdal::rawTransform(projto_int, projfrom, nrow(xy), xy[, 1],     xy[, 2], wkt = use_proj6): coordinate operation creation from WKT failed: Unknown error (code 4096)>

[[930]]
class      : RasterLayer 
dimensions : 12027, 24053, 289285431  (nrow, ncol, ncell)
resolution : 1500.029, 1499.966  (x, y)
extent     : -18040096, 18040096, -9020048, 9020048  (xmin, xmax, ymin, ymax)
crs        : +proj=moll +lon_0=0 +x_0=0 +y_0=0 +ellps=WGS84 +units=m +no_defs 
source     : CMIP6 March Mollweide.tif 
names      : CMIP6_March_Mollweide 
values     : 0.01850857, 20.92616  (min, max)


[[931]]
NULL

[[932]]
[1] "Error in h(simpleError(msg, call)) : \n  error in evaluating the argument 'x' in selecting a method for function 'extent': coordinate operation creation from WKT failed: Unknown error (code 4096)\n"
attr(,"class")
[1] "try-error"
attr(,"condition")
<simpleError in h(simpleError(msg, call)): error in evaluating the argument 'x' in selecting a method for function 'extent': coordinate operation creation from WKT failed: Unknown error (code 4096)>

[[933]]
[1] "Error in h(simpleError(msg, call)) : \n  error in evaluating the argument 'x' in selecting a method for function 'extent': coordinate operation creation from WKT failed: Unknown error (code 4096)\n"
attr(,"class")
[1] "try-error"
attr(,"condition")
<simpleError in h(simpleError(msg, call)): error in evaluating the argument 'x' in selecting a method for function 'extent': coordinate operation creation from WKT failed: Unknown error (code 4096)>

[[934]]
[1] "Error in h(simpleError(msg, call)) : \n  error in evaluating the argument 'x' in selecting a method for function 'extent': coordinate operation creation from WKT failed: Unknown error (code 4096)\n"
attr(,"class")
[1] "try-error"
attr(,"condition")
<simpleError in h(simpleError(msg, call)): error in evaluating the argument 'x' in selecting a method for function 'extent': coordinate operation creation from WKT failed: Unknown error (code 4096)>

[[935]]
[1] "Error in h(simpleError(msg, call)) : \n  error in evaluating the argument 'x' in selecting a method for function 'extent': target crs creation failed: Unknown error (code 4096)\n"
attr(,"class")
[1] "try-error"
attr(,"condition")
<simpleError in h(simpleError(msg, call)): error in evaluating the argument 'x' in selecting a method for function 'extent': target crs creation failed: Unknown error (code 4096)>

[[936]]
[1] "Error in h(simpleError(msg, call)) : \n  error in evaluating the argument 'x' in selecting a method for function 'extent': coordinate operation creation from WKT failed: Unknown error (code 4096)\n"
attr(,"class")
[1] "try-error"
attr(,"condition")
<simpleError in h(simpleError(msg, call)): error in evaluating the argument 'x' in selecting a method for function 'extent': coordinate operation creation from WKT failed: Unknown error (code 4096)>

[[937]]
[1] "Error in h(simpleError(msg, call)) : \n  error in evaluating the argument 'x' in selecting a method for function 'extent': coordinate operation creation from WKT failed: Unknown error (code 4096)\n"
attr(,"class")
[1] "try-error"
attr(,"condition")
<simpleError in h(simpleError(msg, call)): error in evaluating the argument 'x' in selecting a method for function 'extent': coordinate operation creation from WKT failed: Unknown error (code 4096)>

[[938]]
[1] "Error in h(simpleError(msg, call)) : \n  error in evaluating the argument 'x' in selecting a method for function 'extent': coordinate operation creation from WKT failed: Unknown error (code 4096)\n"
attr(,"class")
[1] "try-error"
attr(,"condition")
<simpleError in h(simpleError(msg, call)): error in evaluating the argument 'x' in selecting a method for function 'extent': coordinate operation creation from WKT failed: Unknown error (code 4096)>

[[939]]
[1] "Error in h(simpleError(msg, call)) : \n  error in evaluating the argument 'x' in selecting a method for function 'extent': target crs creation failed: Unknown error (code 4096)\n"
attr(,"class")
[1] "try-error"
attr(,"condition")
<simpleError in h(simpleError(msg, call)): error in evaluating the argument 'x' in selecting a method for function 'extent': target crs creation failed: Unknown error (code 4096)>

[[940]]
[1] "Error in rgdal::rawTransform(projto_int, projfrom, nrow(xy), xy[, 1],  : \n  coordinate operation creation from WKT failed: Unknown error (code 4096)\n"
attr(,"class")
[1] "try-error"
attr(,"condition")
<simpleError in rgdal::rawTransform(projto_int, projfrom, nrow(xy), xy[, 1],     xy[, 2], wkt = use_proj6): coordinate operation creation from WKT failed: Unknown error (code 4096)>

[[941]]
[1] "Error in .rasterObjectFromFile(x, band = band, objecttype = \"RasterLayer\",  : \n  Cannot create a RasterLayer object from this file.\n"
attr(,"class")
[1] "try-error"
attr(,"condition")
<simpleError in .rasterObjectFromFile(x, band = band, objecttype = "RasterLayer",     ...): Cannot create a RasterLayer object from this file.>

[[942]]
[1] "Error in h(simpleError(msg, call)) : \n  error in evaluating the argument 'x' in selecting a method for function 'extent': coordinate operation creation from WKT failed: Unknown error (code 4096)\n"
attr(,"class")
[1] "try-error"
attr(,"condition")
<simpleError in h(simpleError(msg, call)): error in evaluating the argument 'x' in selecting a method for function 'extent': coordinate operation creation from WKT failed: Unknown error (code 4096)>

[[943]]
[1] "Error in rgdal::rawTransform(projto_int, projfrom, nrow(xy), xy[, 1],  : \n  coordinate operation creation from WKT failed: Unknown error (code 4096)\n"
attr(,"class")
[1] "try-error"
attr(,"condition")
<simpleError in rgdal::rawTransform(projto_int, projfrom, nrow(xy), xy[, 1],     xy[, 2], wkt = use_proj6): coordinate operation creation from WKT failed: Unknown error (code 4096)>

[[944]]
[1] "Error in rgdal::rawTransform(projto_int, projfrom, nrow(xy), xy[, 1],  : \n  coordinate operation creation from WKT failed: Unknown error (code 4096)\n"
attr(,"class")
[1] "try-error"
attr(,"condition")
<simpleError in rgdal::rawTransform(projto_int, projfrom, nrow(xy), xy[, 1],     xy[, 2], wkt = use_proj6): coordinate operation creation from WKT failed: Unknown error (code 4096)>

[[945]]
class      : RasterLayer 
dimensions : 12027, 24053, 289285431  (nrow, ncol, ncell)
resolution : 1500.029, 1499.966  (x, y)
extent     : -18040096, 18040096, -9020048, 9020048  (xmin, xmax, ymin, ymax)
crs        : +proj=moll +lon_0=0 +x_0=0 +y_0=0 +ellps=WGS84 +units=m +no_defs 
source     : CMIP6 November Mollweide.tif 
names      : CMIP6_November_Mollweide 
values     : -37.7444, 36.7981  (min, max)


[[946]]
NULL

[[947]]
[1] "Error in h(simpleError(msg, call)) : \n  error in evaluating the argument 'x' in selecting a method for function 'extent': coordinate operation creation from WKT failed: Unknown error (code 4096)\n"
attr(,"class")
[1] "try-error"
attr(,"condition")
<simpleError in h(simpleError(msg, call)): error in evaluating the argument 'x' in selecting a method for function 'extent': coordinate operation creation from WKT failed: Unknown error (code 4096)>

[[948]]
[1] "Error in h(simpleError(msg, call)) : \n  error in evaluating the argument 'x' in selecting a method for function 'extent': coordinate operation creation from WKT failed: Unknown error (code 4096)\n"
attr(,"class")
[1] "try-error"
attr(,"condition")
<simpleError in h(simpleError(msg, call)): error in evaluating the argument 'x' in selecting a method for function 'extent': coordinate operation creation from WKT failed: Unknown error (code 4096)>

[[949]]
[1] "Error in h(simpleError(msg, call)) : \n  error in evaluating the argument 'x' in selecting a method for function 'extent': coordinate operation creation from WKT failed: Unknown error (code 4096)\n"
attr(,"class")
[1] "try-error"
attr(,"condition")
<simpleError in h(simpleError(msg, call)): error in evaluating the argument 'x' in selecting a method for function 'extent': coordinate operation creation from WKT failed: Unknown error (code 4096)>

[[950]]
[1] "Error in h(simpleError(msg, call)) : \n  error in evaluating the argument 'x' in selecting a method for function 'extent': target crs creation failed: Unknown error (code 4096)\n"
attr(,"class")
[1] "try-error"
attr(,"condition")
<simpleError in h(simpleError(msg, call)): error in evaluating the argument 'x' in selecting a method for function 'extent': target crs creation failed: Unknown error (code 4096)>

[[951]]
[1] "Error in h(simpleError(msg, call)) : \n  error in evaluating the argument 'x' in selecting a method for function 'extent': coordinate operation creation from WKT failed: Unknown error (code 4096)\n"
attr(,"class")
[1] "try-error"
attr(,"condition")
<simpleError in h(simpleError(msg, call)): error in evaluating the argument 'x' in selecting a method for function 'extent': coordinate operation creation from WKT failed: Unknown error (code 4096)>

[[952]]
[1] "Error in h(simpleError(msg, call)) : \n  error in evaluating the argument 'x' in selecting a method for function 'extent': coordinate operation creation from WKT failed: Unknown error (code 4096)\n"
attr(,"class")
[1] "try-error"
attr(,"condition")
<simpleError in h(simpleError(msg, call)): error in evaluating the argument 'x' in selecting a method for function 'extent': coordinate operation creation from WKT failed: Unknown error (code 4096)>

[[953]]
[1] "Error in h(simpleError(msg, call)) : \n  error in evaluating the argument 'x' in selecting a method for function 'extent': coordinate operation creation from WKT failed: Unknown error (code 4096)\n"
attr(,"class")
[1] "try-error"
attr(,"condition")
<simpleError in h(simpleError(msg, call)): error in evaluating the argument 'x' in selecting a method for function 'extent': coordinate operation creation from WKT failed: Unknown error (code 4096)>

[[954]]
[1] "Error in h(simpleError(msg, call)) : \n  error in evaluating the argument 'x' in selecting a method for function 'extent': target crs creation failed: Unknown error (code 4096)\n"
attr(,"class")
[1] "try-error"
attr(,"condition")
<simpleError in h(simpleError(msg, call)): error in evaluating the argument 'x' in selecting a method for function 'extent': target crs creation failed: Unknown error (code 4096)>

[[955]]
[1] "Error in rgdal::rawTransform(projto_int, projfrom, nrow(xy), xy[, 1],  : \n  coordinate operation creation from WKT failed: Unknown error (code 4096)\n"
attr(,"class")
[1] "try-error"
attr(,"condition")
<simpleError in rgdal::rawTransform(projto_int, projfrom, nrow(xy), xy[, 1],     xy[, 2], wkt = use_proj6): coordinate operation creation from WKT failed: Unknown error (code 4096)>

[[956]]
[1] "Error in .rasterObjectFromFile(x, band = band, objecttype = \"RasterLayer\",  : \n  Cannot create a RasterLayer object from this file.\n"
attr(,"class")
[1] "try-error"
attr(,"condition")
<simpleError in .rasterObjectFromFile(x, band = band, objecttype = "RasterLayer",     ...): Cannot create a RasterLayer object from this file.>

[[957]]
[1] "Error in h(simpleError(msg, call)) : \n  error in evaluating the argument 'x' in selecting a method for function 'extent': coordinate operation creation from WKT failed: Unknown error (code 4096)\n"
attr(,"class")
[1] "try-error"
attr(,"condition")
<simpleError in h(simpleError(msg, call)): error in evaluating the argument 'x' in selecting a method for function 'extent': coordinate operation creation from WKT failed: Unknown error (code 4096)>

[[958]]
[1] "Error in rgdal::rawTransform(projto_int, projfrom, nrow(xy), xy[, 1],  : \n  coordinate operation creation from WKT failed: Unknown error (code 4096)\n"
attr(,"class")
[1] "try-error"
attr(,"condition")
<simpleError in rgdal::rawTransform(projto_int, projfrom, nrow(xy), xy[, 1],     xy[, 2], wkt = use_proj6): coordinate operation creation from WKT failed: Unknown error (code 4096)>

[[959]]
[1] "Error in rgdal::rawTransform(projto_int, projfrom, nrow(xy), xy[, 1],  : \n  coordinate operation creation from WKT failed: Unknown error (code 4096)\n"
attr(,"class")
[1] "try-error"
attr(,"condition")
<simpleError in rgdal::rawTransform(projto_int, projfrom, nrow(xy), xy[, 1],     xy[, 2], wkt = use_proj6): coordinate operation creation from WKT failed: Unknown error (code 4096)>

[[960]]
class      : RasterLayer 
dimensions : 12027, 24053, 289285431  (nrow, ncol, ncell)
resolution : 1500.029, 1499.966  (x, y)
extent     : -18040096, 18040096, -9020048, 9020048  (xmin, xmax, ymin, ymax)
crs        : +proj=moll +lon_0=0 +x_0=0 +y_0=0 +ellps=WGS84 +units=m +no_defs 
source     : CMIP6 April Mollweide.tif 
names      : CMIP6_April_Mollweide 
values     : 0.03978322, 20.89047  (min, max)


[[961]]
NULL

[[962]]
[1] "Error in h(simpleError(msg, call)) : \n  error in evaluating the argument 'x' in selecting a method for function 'extent': coordinate operation creation from WKT failed: Unknown error (code 4096)\n"
attr(,"class")
[1] "try-error"
attr(,"condition")
<simpleError in h(simpleError(msg, call)): error in evaluating the argument 'x' in selecting a method for function 'extent': coordinate operation creation from WKT failed: Unknown error (code 4096)>

[[963]]
[1] "Error in h(simpleError(msg, call)) : \n  error in evaluating the argument 'x' in selecting a method for function 'extent': coordinate operation creation from WKT failed: Unknown error (code 4096)\n"
attr(,"class")
[1] "try-error"
attr(,"condition")
<simpleError in h(simpleError(msg, call)): error in evaluating the argument 'x' in selecting a method for function 'extent': coordinate operation creation from WKT failed: Unknown error (code 4096)>

[[964]]
[1] "Error in h(simpleError(msg, call)) : \n  error in evaluating the argument 'x' in selecting a method for function 'extent': coordinate operation creation from WKT failed: Unknown error (code 4096)\n"
attr(,"class")
[1] "try-error"
attr(,"condition")
<simpleError in h(simpleError(msg, call)): error in evaluating the argument 'x' in selecting a method for function 'extent': coordinate operation creation from WKT failed: Unknown error (code 4096)>

[[965]]
[1] "Error in h(simpleError(msg, call)) : \n  error in evaluating the argument 'x' in selecting a method for function 'extent': target crs creation failed: Unknown error (code 4096)\n"
attr(,"class")
[1] "try-error"
attr(,"condition")
<simpleError in h(simpleError(msg, call)): error in evaluating the argument 'x' in selecting a method for function 'extent': target crs creation failed: Unknown error (code 4096)>

[[966]]
[1] "Error in h(simpleError(msg, call)) : \n  error in evaluating the argument 'x' in selecting a method for function 'extent': coordinate operation creation from WKT failed: Unknown error (code 4096)\n"
attr(,"class")
[1] "try-error"
attr(,"condition")
<simpleError in h(simpleError(msg, call)): error in evaluating the argument 'x' in selecting a method for function 'extent': coordinate operation creation from WKT failed: Unknown error (code 4096)>

[[967]]
[1] "Error in h(simpleError(msg, call)) : \n  error in evaluating the argument 'x' in selecting a method for function 'extent': coordinate operation creation from WKT failed: Unknown error (code 4096)\n"
attr(,"class")
[1] "try-error"
attr(,"condition")
<simpleError in h(simpleError(msg, call)): error in evaluating the argument 'x' in selecting a method for function 'extent': coordinate operation creation from WKT failed: Unknown error (code 4096)>

[[968]]
[1] "Error in h(simpleError(msg, call)) : \n  error in evaluating the argument 'x' in selecting a method for function 'extent': coordinate operation creation from WKT failed: Unknown error (code 4096)\n"
attr(,"class")
[1] "try-error"
attr(,"condition")
<simpleError in h(simpleError(msg, call)): error in evaluating the argument 'x' in selecting a method for function 'extent': coordinate operation creation from WKT failed: Unknown error (code 4096)>

[[969]]
[1] "Error in h(simpleError(msg, call)) : \n  error in evaluating the argument 'x' in selecting a method for function 'extent': target crs creation failed: Unknown error (code 4096)\n"
attr(,"class")
[1] "try-error"
attr(,"condition")
<simpleError in h(simpleError(msg, call)): error in evaluating the argument 'x' in selecting a method for function 'extent': target crs creation failed: Unknown error (code 4096)>

[[970]]
[1] "Error in rgdal::rawTransform(projto_int, projfrom, nrow(xy), xy[, 1],  : \n  coordinate operation creation from WKT failed: Unknown error (code 4096)\n"
attr(,"class")
[1] "try-error"
attr(,"condition")
<simpleError in rgdal::rawTransform(projto_int, projfrom, nrow(xy), xy[, 1],     xy[, 2], wkt = use_proj6): coordinate operation creation from WKT failed: Unknown error (code 4096)>

[[971]]
[1] "Error in .rasterObjectFromFile(x, band = band, objecttype = \"RasterLayer\",  : \n  Cannot create a RasterLayer object from this file.\n"
attr(,"class")
[1] "try-error"
attr(,"condition")
<simpleError in .rasterObjectFromFile(x, band = band, objecttype = "RasterLayer",     ...): Cannot create a RasterLayer object from this file.>

[[972]]
[1] "Error in h(simpleError(msg, call)) : \n  error in evaluating the argument 'x' in selecting a method for function 'extent': coordinate operation creation from WKT failed: Unknown error (code 4096)\n"
attr(,"class")
[1] "try-error"
attr(,"condition")
<simpleError in h(simpleError(msg, call)): error in evaluating the argument 'x' in selecting a method for function 'extent': coordinate operation creation from WKT failed: Unknown error (code 4096)>

[[973]]
[1] "Error in rgdal::rawTransform(projto_int, projfrom, nrow(xy), xy[, 1],  : \n  coordinate operation creation from WKT failed: Unknown error (code 4096)\n"
attr(,"class")
[1] "try-error"
attr(,"condition")
<simpleError in rgdal::rawTransform(projto_int, projfrom, nrow(xy), xy[, 1],     xy[, 2], wkt = use_proj6): coordinate operation creation from WKT failed: Unknown error (code 4096)>

[[974]]
[1] "Error in rgdal::rawTransform(projto_int, projfrom, nrow(xy), xy[, 1],  : \n  coordinate operation creation from WKT failed: Unknown error (code 4096)\n"
attr(,"class")
[1] "try-error"
attr(,"condition")
<simpleError in rgdal::rawTransform(projto_int, projfrom, nrow(xy), xy[, 1],     xy[, 2], wkt = use_proj6): coordinate operation creation from WKT failed: Unknown error (code 4096)>

[[975]]
class      : RasterLayer 
dimensions : 12027, 24053, 289285431  (nrow, ncol, ncell)
resolution : 1500.029, 1499.966  (x, y)
extent     : -18040096, 18040096, -9020048, 9020048  (xmin, xmax, ymin, ymax)
crs        : +proj=moll +lon_0=0 +x_0=0 +y_0=0 +ellps=WGS84 +units=m +no_defs 
source     : CMIP6 December Mollweide.tif 
names      : CMIP6_December_Mollweide 
values     : -35.47443, 36.03452  (min, max)


[[976]]
NULL

[[977]]
[1] "Error in h(simpleError(msg, call)) : \n  error in evaluating the argument 'x' in selecting a method for function 'extent': coordinate operation creation from WKT failed: Unknown error (code 4096)\n"
attr(,"class")
[1] "try-error"
attr(,"condition")
<simpleError in h(simpleError(msg, call)): error in evaluating the argument 'x' in selecting a method for function 'extent': coordinate operation creation from WKT failed: Unknown error (code 4096)>

[[978]]
[1] "Error in h(simpleError(msg, call)) : \n  error in evaluating the argument 'x' in selecting a method for function 'extent': coordinate operation creation from WKT failed: Unknown error (code 4096)\n"
attr(,"class")
[1] "try-error"
attr(,"condition")
<simpleError in h(simpleError(msg, call)): error in evaluating the argument 'x' in selecting a method for function 'extent': coordinate operation creation from WKT failed: Unknown error (code 4096)>

[[979]]
[1] "Error in h(simpleError(msg, call)) : \n  error in evaluating the argument 'x' in selecting a method for function 'extent': coordinate operation creation from WKT failed: Unknown error (code 4096)\n"
attr(,"class")
[1] "try-error"
attr(,"condition")
<simpleError in h(simpleError(msg, call)): error in evaluating the argument 'x' in selecting a method for function 'extent': coordinate operation creation from WKT failed: Unknown error (code 4096)>

[[980]]
[1] "Error in h(simpleError(msg, call)) : \n  error in evaluating the argument 'x' in selecting a method for function 'extent': target crs creation failed: Unknown error (code 4096)\n"
attr(,"class")
[1] "try-error"
attr(,"condition")
<simpleError in h(simpleError(msg, call)): error in evaluating the argument 'x' in selecting a method for function 'extent': target crs creation failed: Unknown error (code 4096)>

[[981]]
[1] "Error in h(simpleError(msg, call)) : \n  error in evaluating the argument 'x' in selecting a method for function 'extent': coordinate operation creation from WKT failed: Unknown error (code 4096)\n"
attr(,"class")
[1] "try-error"
attr(,"condition")
<simpleError in h(simpleError(msg, call)): error in evaluating the argument 'x' in selecting a method for function 'extent': coordinate operation creation from WKT failed: Unknown error (code 4096)>

[[982]]
[1] "Error in h(simpleError(msg, call)) : \n  error in evaluating the argument 'x' in selecting a method for function 'extent': coordinate operation creation from WKT failed: Unknown error (code 4096)\n"
attr(,"class")
[1] "try-error"
attr(,"condition")
<simpleError in h(simpleError(msg, call)): error in evaluating the argument 'x' in selecting a method for function 'extent': coordinate operation creation from WKT failed: Unknown error (code 4096)>

[[983]]
[1] "Error in h(simpleError(msg, call)) : \n  error in evaluating the argument 'x' in selecting a method for function 'extent': coordinate operation creation from WKT failed: Unknown error (code 4096)\n"
attr(,"class")
[1] "try-error"
attr(,"condition")
<simpleError in h(simpleError(msg, call)): error in evaluating the argument 'x' in selecting a method for function 'extent': coordinate operation creation from WKT failed: Unknown error (code 4096)>

[[984]]
[1] "Error in h(simpleError(msg, call)) : \n  error in evaluating the argument 'x' in selecting a method for function 'extent': target crs creation failed: Unknown error (code 4096)\n"
attr(,"class")
[1] "try-error"
attr(,"condition")
<simpleError in h(simpleError(msg, call)): error in evaluating the argument 'x' in selecting a method for function 'extent': target crs creation failed: Unknown error (code 4096)>

[[985]]
[1] "Error in rgdal::rawTransform(projto_int, projfrom, nrow(xy), xy[, 1],  : \n  coordinate operation creation from WKT failed: Unknown error (code 4096)\n"
attr(,"class")
[1] "try-error"
attr(,"condition")
<simpleError in rgdal::rawTransform(projto_int, projfrom, nrow(xy), xy[, 1],     xy[, 2], wkt = use_proj6): coordinate operation creation from WKT failed: Unknown error (code 4096)>

[[986]]
[1] "Error in .rasterObjectFromFile(x, band = band, objecttype = \"RasterLayer\",  : \n  Cannot create a RasterLayer object from this file.\n"
attr(,"class")
[1] "try-error"
attr(,"condition")
<simpleError in .rasterObjectFromFile(x, band = band, objecttype = "RasterLayer",     ...): Cannot create a RasterLayer object from this file.>

[[987]]
[1] "Error in h(simpleError(msg, call)) : \n  error in evaluating the argument 'x' in selecting a method for function 'extent': coordinate operation creation from WKT failed: Unknown error (code 4096)\n"
attr(,"class")
[1] "try-error"
attr(,"condition")
<simpleError in h(simpleError(msg, call)): error in evaluating the argument 'x' in selecting a method for function 'extent': coordinate operation creation from WKT failed: Unknown error (code 4096)>

[[988]]
[1] "Error in rgdal::rawTransform(projto_int, projfrom, nrow(xy), xy[, 1],  : \n  coordinate operation creation from WKT failed: Unknown error (code 4096)\n"
attr(,"class")
[1] "try-error"
attr(,"condition")
<simpleError in rgdal::rawTransform(projto_int, projfrom, nrow(xy), xy[, 1],     xy[, 2], wkt = use_proj6): coordinate operation creation from WKT failed: Unknown error (code 4096)>

[[989]]
[1] "Error in rgdal::rawTransform(projto_int, projfrom, nrow(xy), xy[, 1],  : \n  coordinate operation creation from WKT failed: Unknown error (code 4096)\n"
attr(,"class")
[1] "try-error"
attr(,"condition")
<simpleError in rgdal::rawTransform(projto_int, projfrom, nrow(xy), xy[, 1],     xy[, 2], wkt = use_proj6): coordinate operation creation from WKT failed: Unknown error (code 4096)>

[[990]]
class      : RasterLayer 
dimensions : 12027, 24053, 289285431  (nrow, ncol, ncell)
resolution : 1500.029, 1499.966  (x, y)
extent     : -18040096, 18040096, -9020048, 9020048  (xmin, xmax, ymin, ymax)
crs        : +proj=moll +lon_0=0 +x_0=0 +y_0=0 +ellps=WGS84 +units=m +no_defs 
source     : CMIP6 June Mollweide.tif 
names      : CMIP6_June_Mollweide 
values     : -63.63874, 34.04375  (min, max)


[[991]]
NULL

[[992]]
[1] "Error in h(simpleError(msg, call)) : \n  error in evaluating the argument 'x' in selecting a method for function 'extent': coordinate operation creation from WKT failed: Unknown error (code 4096)\n"
attr(,"class")
[1] "try-error"
attr(,"condition")
<simpleError in h(simpleError(msg, call)): error in evaluating the argument 'x' in selecting a method for function 'extent': coordinate operation creation from WKT failed: Unknown error (code 4096)>

[[993]]
[1] "Error in h(simpleError(msg, call)) : \n  error in evaluating the argument 'x' in selecting a method for function 'extent': coordinate operation creation from WKT failed: Unknown error (code 4096)\n"
attr(,"class")
[1] "try-error"
attr(,"condition")
<simpleError in h(simpleError(msg, call)): error in evaluating the argument 'x' in selecting a method for function 'extent': coordinate operation creation from WKT failed: Unknown error (code 4096)>

[[994]]
[1] "Error in h(simpleError(msg, call)) : \n  error in evaluating the argument 'x' in selecting a method for function 'extent': coordinate operation creation from WKT failed: Unknown error (code 4096)\n"
attr(,"class")
[1] "try-error"
attr(,"condition")
<simpleError in h(simpleError(msg, call)): error in evaluating the argument 'x' in selecting a method for function 'extent': coordinate operation creation from WKT failed: Unknown error (code 4096)>

[[995]]
[1] "Error in h(simpleError(msg, call)) : \n  error in evaluating the argument 'x' in selecting a method for function 'extent': target crs creation failed: Unknown error (code 4096)\n"
attr(,"class")
[1] "try-error"
attr(,"condition")
<simpleError in h(simpleError(msg, call)): error in evaluating the argument 'x' in selecting a method for function 'extent': target crs creation failed: Unknown error (code 4096)>

[[996]]
[1] "Error in h(simpleError(msg, call)) : \n  error in evaluating the argument 'x' in selecting a method for function 'extent': coordinate operation creation from WKT failed: Unknown error (code 4096)\n"
attr(,"class")
[1] "try-error"
attr(,"condition")
<simpleError in h(simpleError(msg, call)): error in evaluating the argument 'x' in selecting a method for function 'extent': coordinate operation creation from WKT failed: Unknown error (code 4096)>

[[997]]
[1] "Error in h(simpleError(msg, call)) : \n  error in evaluating the argument 'x' in selecting a method for function 'extent': coordinate operation creation from WKT failed: Unknown error (code 4096)\n"
attr(,"class")
[1] "try-error"
attr(,"condition")
<simpleError in h(simpleError(msg, call)): error in evaluating the argument 'x' in selecting a method for function 'extent': coordinate operation creation from WKT failed: Unknown error (code 4096)>

[[998]]
[1] "Error in h(simpleError(msg, call)) : \n  error in evaluating the argument 'x' in selecting a method for function 'extent': coordinate operation creation from WKT failed: Unknown error (code 4096)\n"
attr(,"class")
[1] "try-error"
attr(,"condition")
<simpleError in h(simpleError(msg, call)): error in evaluating the argument 'x' in selecting a method for function 'extent': coordinate operation creation from WKT failed: Unknown error (code 4096)>

[[999]]
[1] "Error in h(simpleError(msg, call)) : \n  error in evaluating the argument 'x' in selecting a method for function 'extent': target crs creation failed: Unknown error (code 4096)\n"
attr(,"class")
[1] "try-error"
attr(,"condition")
<simpleError in h(simpleError(msg, call)): error in evaluating the argument 'x' in selecting a method for function 'extent': target crs creation failed: Unknown error (code 4096)>

[[1000]]
[1] "Error in rgdal::rawTransform(projto_int, projfrom, nrow(xy), xy[, 1],  : \n  coordinate operation creation from WKT failed: Unknown error (code 4096)\n"
attr(,"class")
[1] "try-error"
attr(,"condition")
<simpleError in rgdal::rawTransform(projto_int, projfrom, nrow(xy), xy[, 1],     xy[, 2], wkt = use_proj6): coordinate operation creation from WKT failed: Unknown error (code 4096)>

[[1001]]
[1] "Error in .rasterObjectFromFile(x, band = band, objecttype = \"RasterLayer\",  : \n  Cannot create a RasterLayer object from this file.\n"
attr(,"class")
[1] "try-error"
attr(,"condition")
<simpleError in .rasterObjectFromFile(x, band = band, objecttype = "RasterLayer",     ...): Cannot create a RasterLayer object from this file.>

[[1002]]
[1] "Error in h(simpleError(msg, call)) : \n  error in evaluating the argument 'x' in selecting a method for function 'extent': coordinate operation creation from WKT failed: Unknown error (code 4096)\n"
attr(,"class")
[1] "try-error"
attr(,"condition")
<simpleError in h(simpleError(msg, call)): error in evaluating the argument 'x' in selecting a method for function 'extent': coordinate operation creation from WKT failed: Unknown error (code 4096)>

[[1003]]
[1] "Error in rgdal::rawTransform(projto_int, projfrom, nrow(xy), xy[, 1],  : \n  coordinate operation creation from WKT failed: Unknown error (code 4096)\n"
attr(,"class")
[1] "try-error"
attr(,"condition")
<simpleError in rgdal::rawTransform(projto_int, projfrom, nrow(xy), xy[, 1],     xy[, 2], wkt = use_proj6): coordinate operation creation from WKT failed: Unknown error (code 4096)>

[[1004]]
[1] "Error in rgdal::rawTransform(projto_int, projfrom, nrow(xy), xy[, 1],  : \n  coordinate operation creation from WKT failed: Unknown error (code 4096)\n"
attr(,"class")
[1] "try-error"
attr(,"condition")
<simpleError in rgdal::rawTransform(projto_int, projfrom, nrow(xy), xy[, 1],     xy[, 2], wkt = use_proj6): coordinate operation creation from WKT failed: Unknown error (code 4096)>

[[1005]]
class      : RasterLayer 
dimensions : 12027, 24053, 289285431  (nrow, ncol, ncell)
resolution : 1500.029, 1499.966  (x, y)
extent     : -18040096, 18040096, -9020048, 9020048  (xmin, xmax, ymin, ymax)
crs        : +proj=moll +lon_0=0 +x_0=0 +y_0=0 +ellps=WGS84 +units=m +no_defs 
source     : CMIP6 May Mollweide.tif 
names      : CMIP6_May_Mollweide 
values     : 0.06020874, 17.16802  (min, max)


[[1006]]
NULL

[[1007]]
[1] "Error in h(simpleError(msg, call)) : \n  error in evaluating the argument 'x' in selecting a method for function 'extent': coordinate operation creation from WKT failed: Unknown error (code 4096)\n"
attr(,"class")
[1] "try-error"
attr(,"condition")
<simpleError in h(simpleError(msg, call)): error in evaluating the argument 'x' in selecting a method for function 'extent': coordinate operation creation from WKT failed: Unknown error (code 4096)>

[[1008]]
[1] "Error in h(simpleError(msg, call)) : \n  error in evaluating the argument 'x' in selecting a method for function 'extent': coordinate operation creation from WKT failed: Unknown error (code 4096)\n"
attr(,"class")
[1] "try-error"
attr(,"condition")
<simpleError in h(simpleError(msg, call)): error in evaluating the argument 'x' in selecting a method for function 'extent': coordinate operation creation from WKT failed: Unknown error (code 4096)>

[[1009]]
[1] "Error in h(simpleError(msg, call)) : \n  error in evaluating the argument 'x' in selecting a method for function 'extent': coordinate operation creation from WKT failed: Unknown error (code 4096)\n"
attr(,"class")
[1] "try-error"
attr(,"condition")
<simpleError in h(simpleError(msg, call)): error in evaluating the argument 'x' in selecting a method for function 'extent': coordinate operation creation from WKT failed: Unknown error (code 4096)>

[[1010]]
[1] "Error in h(simpleError(msg, call)) : \n  error in evaluating the argument 'x' in selecting a method for function 'extent': target crs creation failed: Unknown error (code 4096)\n"
attr(,"class")
[1] "try-error"
attr(,"condition")
<simpleError in h(simpleError(msg, call)): error in evaluating the argument 'x' in selecting a method for function 'extent': target crs creation failed: Unknown error (code 4096)>

[[1011]]
[1] "Error in h(simpleError(msg, call)) : \n  error in evaluating the argument 'x' in selecting a method for function 'extent': coordinate operation creation from WKT failed: Unknown error (code 4096)\n"
attr(,"class")
[1] "try-error"
attr(,"condition")
<simpleError in h(simpleError(msg, call)): error in evaluating the argument 'x' in selecting a method for function 'extent': coordinate operation creation from WKT failed: Unknown error (code 4096)>

[[1012]]
[1] "Error in h(simpleError(msg, call)) : \n  error in evaluating the argument 'x' in selecting a method for function 'extent': coordinate operation creation from WKT failed: Unknown error (code 4096)\n"
attr(,"class")
[1] "try-error"
attr(,"condition")
<simpleError in h(simpleError(msg, call)): error in evaluating the argument 'x' in selecting a method for function 'extent': coordinate operation creation from WKT failed: Unknown error (code 4096)>

[[1013]]
[1] "Error in h(simpleError(msg, call)) : \n  error in evaluating the argument 'x' in selecting a method for function 'extent': coordinate operation creation from WKT failed: Unknown error (code 4096)\n"
attr(,"class")
[1] "try-error"
attr(,"condition")
<simpleError in h(simpleError(msg, call)): error in evaluating the argument 'x' in selecting a method for function 'extent': coordinate operation creation from WKT failed: Unknown error (code 4096)>

[[1014]]
[1] "Error in h(simpleError(msg, call)) : \n  error in evaluating the argument 'x' in selecting a method for function 'extent': target crs creation failed: Unknown error (code 4096)\n"
attr(,"class")
[1] "try-error"
attr(,"condition")
<simpleError in h(simpleError(msg, call)): error in evaluating the argument 'x' in selecting a method for function 'extent': target crs creation failed: Unknown error (code 4096)>

[[1015]]
[1] "Error in rgdal::rawTransform(projto_int, projfrom, nrow(xy), xy[, 1],  : \n  coordinate operation creation from WKT failed: Unknown error (code 4096)\n"
attr(,"class")
[1] "try-error"
attr(,"condition")
<simpleError in rgdal::rawTransform(projto_int, projfrom, nrow(xy), xy[, 1],     xy[, 2], wkt = use_proj6): coordinate operation creation from WKT failed: Unknown error (code 4096)>

[[1016]]
[1] "Error in .rasterObjectFromFile(x, band = band, objecttype = \"RasterLayer\",  : \n  Cannot create a RasterLayer object from this file.\n"
attr(,"class")
[1] "try-error"
attr(,"condition")
<simpleError in .rasterObjectFromFile(x, band = band, objecttype = "RasterLayer",     ...): Cannot create a RasterLayer object from this file.>

[[1017]]
[1] "Error in h(simpleError(msg, call)) : \n  error in evaluating the argument 'x' in selecting a method for function 'extent': coordinate operation creation from WKT failed: Unknown error (code 4096)\n"
attr(,"class")
[1] "try-error"
attr(,"condition")
<simpleError in h(simpleError(msg, call)): error in evaluating the argument 'x' in selecting a method for function 'extent': coordinate operation creation from WKT failed: Unknown error (code 4096)>

[[1018]]
[1] "Error in rgdal::rawTransform(projto_int, projfrom, nrow(xy), xy[, 1],  : \n  coordinate operation creation from WKT failed: Unknown error (code 4096)\n"
attr(,"class")
[1] "try-error"
attr(,"condition")
<simpleError in rgdal::rawTransform(projto_int, projfrom, nrow(xy), xy[, 1],     xy[, 2], wkt = use_proj6): coordinate operation creation from WKT failed: Unknown error (code 4096)>

[[1019]]
[1] "Error in rgdal::rawTransform(projto_int, projfrom, nrow(xy), xy[, 1],  : \n  coordinate operation creation from WKT failed: Unknown error (code 4096)\n"
attr(,"class")
[1] "try-error"
attr(,"condition")
<simpleError in rgdal::rawTransform(projto_int, projfrom, nrow(xy), xy[, 1],     xy[, 2], wkt = use_proj6): coordinate operation creation from WKT failed: Unknown error (code 4096)>

[[1020]]
class      : RasterLayer 
dimensions : 12027, 24053, 289285431  (nrow, ncol, ncell)
resolution : 1500.029, 1499.966  (x, y)
extent     : -18040096, 18040096, -9020048, 9020048  (xmin, xmax, ymin, ymax)
crs        : +proj=moll +lon_0=0 +x_0=0 +y_0=0 +ellps=WGS84 +units=m +no_defs 
source     : CMIP6 October Mollweide.tif 
names      : CMIP6_October_Mollweide 
values     : -53.2509, 34.38147  (min, max)


[[1021]]
NULL

[[1022]]
[1] "Error in h(simpleError(msg, call)) : \n  error in evaluating the argument 'x' in selecting a method for function 'extent': coordinate operation creation from WKT failed: Unknown error (code 4096)\n"
attr(,"class")
[1] "try-error"
attr(,"condition")
<simpleError in h(simpleError(msg, call)): error in evaluating the argument 'x' in selecting a method for function 'extent': coordinate operation creation from WKT failed: Unknown error (code 4096)>

[[1023]]
[1] "Error in h(simpleError(msg, call)) : \n  error in evaluating the argument 'x' in selecting a method for function 'extent': coordinate operation creation from WKT failed: Unknown error (code 4096)\n"
attr(,"class")
[1] "try-error"
attr(,"condition")
<simpleError in h(simpleError(msg, call)): error in evaluating the argument 'x' in selecting a method for function 'extent': coordinate operation creation from WKT failed: Unknown error (code 4096)>

[[1024]]
[1] "Error in h(simpleError(msg, call)) : \n  error in evaluating the argument 'x' in selecting a method for function 'extent': coordinate operation creation from WKT failed: Unknown error (code 4096)\n"
attr(,"class")
[1] "try-error"
attr(,"condition")
<simpleError in h(simpleError(msg, call)): error in evaluating the argument 'x' in selecting a method for function 'extent': coordinate operation creation from WKT failed: Unknown error (code 4096)>

[[1025]]
[1] "Error in h(simpleError(msg, call)) : \n  error in evaluating the argument 'x' in selecting a method for function 'extent': target crs creation failed: Unknown error (code 4096)\n"
attr(,"class")
[1] "try-error"
attr(,"condition")
<simpleError in h(simpleError(msg, call)): error in evaluating the argument 'x' in selecting a method for function 'extent': target crs creation failed: Unknown error (code 4096)>

[[1026]]
[1] "Error in h(simpleError(msg, call)) : \n  error in evaluating the argument 'x' in selecting a method for function 'extent': coordinate operation creation from WKT failed: Unknown error (code 4096)\n"
attr(,"class")
[1] "try-error"
attr(,"condition")
<simpleError in h(simpleError(msg, call)): error in evaluating the argument 'x' in selecting a method for function 'extent': coordinate operation creation from WKT failed: Unknown error (code 4096)>

[[1027]]
[1] "Error in h(simpleError(msg, call)) : \n  error in evaluating the argument 'x' in selecting a method for function 'extent': coordinate operation creation from WKT failed: Unknown error (code 4096)\n"
attr(,"class")
[1] "try-error"
attr(,"condition")
<simpleError in h(simpleError(msg, call)): error in evaluating the argument 'x' in selecting a method for function 'extent': coordinate operation creation from WKT failed: Unknown error (code 4096)>

[[1028]]
[1] "Error in h(simpleError(msg, call)) : \n  error in evaluating the argument 'x' in selecting a method for function 'extent': coordinate operation creation from WKT failed: Unknown error (code 4096)\n"
attr(,"class")
[1] "try-error"
attr(,"condition")
<simpleError in h(simpleError(msg, call)): error in evaluating the argument 'x' in selecting a method for function 'extent': coordinate operation creation from WKT failed: Unknown error (code 4096)>

[[1029]]
[1] "Error in h(simpleError(msg, call)) : \n  error in evaluating the argument 'x' in selecting a method for function 'extent': target crs creation failed: Unknown error (code 4096)\n"
attr(,"class")
[1] "try-error"
attr(,"condition")
<simpleError in h(simpleError(msg, call)): error in evaluating the argument 'x' in selecting a method for function 'extent': target crs creation failed: Unknown error (code 4096)>

[[1030]]
[1] "Error in rgdal::rawTransform(projto_int, projfrom, nrow(xy), xy[, 1],  : \n  coordinate operation creation from WKT failed: Unknown error (code 4096)\n"
attr(,"class")
[1] "try-error"
attr(,"condition")
<simpleError in rgdal::rawTransform(projto_int, projfrom, nrow(xy), xy[, 1],     xy[, 2], wkt = use_proj6): coordinate operation creation from WKT failed: Unknown error (code 4096)>

[[1031]]
[1] "Error in .rasterObjectFromFile(x, band = band, objecttype = \"RasterLayer\",  : \n  Cannot create a RasterLayer object from this file.\n"
attr(,"class")
[1] "try-error"
attr(,"condition")
<simpleError in .rasterObjectFromFile(x, band = band, objecttype = "RasterLayer",     ...): Cannot create a RasterLayer object from this file.>

[[1032]]
[1] "Error in h(simpleError(msg, call)) : \n  error in evaluating the argument 'x' in selecting a method for function 'extent': coordinate operation creation from WKT failed: Unknown error (code 4096)\n"
attr(,"class")
[1] "try-error"
attr(,"condition")
<simpleError in h(simpleError(msg, call)): error in evaluating the argument 'x' in selecting a method for function 'extent': coordinate operation creation from WKT failed: Unknown error (code 4096)>

[[1033]]
[1] "Error in rgdal::rawTransform(projto_int, projfrom, nrow(xy), xy[, 1],  : \n  coordinate operation creation from WKT failed: Unknown error (code 4096)\n"
attr(,"class")
[1] "try-error"
attr(,"condition")
<simpleError in rgdal::rawTransform(projto_int, projfrom, nrow(xy), xy[, 1],     xy[, 2], wkt = use_proj6): coordinate operation creation from WKT failed: Unknown error (code 4096)>

[[1034]]
[1] "Error in rgdal::rawTransform(projto_int, projfrom, nrow(xy), xy[, 1],  : \n  coordinate operation creation from WKT failed: Unknown error (code 4096)\n"
attr(,"class")
[1] "try-error"
attr(,"condition")
<simpleError in rgdal::rawTransform(projto_int, projfrom, nrow(xy), xy[, 1],     xy[, 2], wkt = use_proj6): coordinate operation creation from WKT failed: Unknown error (code 4096)>

[[1035]]
class      : RasterLayer 
dimensions : 12027, 24053, 289285431  (nrow, ncol, ncell)
resolution : 1500.029, 1499.966  (x, y)
extent     : -18040096, 18040096, -9020048, 9020048  (xmin, xmax, ymin, ymax)
crs        : +proj=moll +lon_0=0 +x_0=0 +y_0=0 +ellps=WGS84 +units=m +no_defs 
source     : CMIP6 August Mollweide.tif 
names      : CMIP6_August_Mollweide 
values     : 0.009564418, 21.66772  (min, max)


[[1036]]
NULL

[[1037]]
[1] "Error in h(simpleError(msg, call)) : \n  error in evaluating the argument 'x' in selecting a method for function 'extent': coordinate operation creation from WKT failed: Unknown error (code 4096)\n"
attr(,"class")
[1] "try-error"
attr(,"condition")
<simpleError in h(simpleError(msg, call)): error in evaluating the argument 'x' in selecting a method for function 'extent': coordinate operation creation from WKT failed: Unknown error (code 4096)>

[[1038]]
[1] "Error in h(simpleError(msg, call)) : \n  error in evaluating the argument 'x' in selecting a method for function 'extent': coordinate operation creation from WKT failed: Unknown error (code 4096)\n"
attr(,"class")
[1] "try-error"
attr(,"condition")
<simpleError in h(simpleError(msg, call)): error in evaluating the argument 'x' in selecting a method for function 'extent': coordinate operation creation from WKT failed: Unknown error (code 4096)>

[[1039]]
[1] "Error in h(simpleError(msg, call)) : \n  error in evaluating the argument 'x' in selecting a method for function 'extent': coordinate operation creation from WKT failed: Unknown error (code 4096)\n"
attr(,"class")
[1] "try-error"
attr(,"condition")
<simpleError in h(simpleError(msg, call)): error in evaluating the argument 'x' in selecting a method for function 'extent': coordinate operation creation from WKT failed: Unknown error (code 4096)>

[[1040]]
[1] "Error in h(simpleError(msg, call)) : \n  error in evaluating the argument 'x' in selecting a method for function 'extent': target crs creation failed: Unknown error (code 4096)\n"
attr(,"class")
[1] "try-error"
attr(,"condition")
<simpleError in h(simpleError(msg, call)): error in evaluating the argument 'x' in selecting a method for function 'extent': target crs creation failed: Unknown error (code 4096)>

[[1041]]
[1] "Error in h(simpleError(msg, call)) : \n  error in evaluating the argument 'x' in selecting a method for function 'extent': coordinate operation creation from WKT failed: Unknown error (code 4096)\n"
attr(,"class")
[1] "try-error"
attr(,"condition")
<simpleError in h(simpleError(msg, call)): error in evaluating the argument 'x' in selecting a method for function 'extent': coordinate operation creation from WKT failed: Unknown error (code 4096)>

[[1042]]
[1] "Error in h(simpleError(msg, call)) : \n  error in evaluating the argument 'x' in selecting a method for function 'extent': coordinate operation creation from WKT failed: Unknown error (code 4096)\n"
attr(,"class")
[1] "try-error"
attr(,"condition")
<simpleError in h(simpleError(msg, call)): error in evaluating the argument 'x' in selecting a method for function 'extent': coordinate operation creation from WKT failed: Unknown error (code 4096)>

[[1043]]
[1] "Error in h(simpleError(msg, call)) : \n  error in evaluating the argument 'x' in selecting a method for function 'extent': coordinate operation creation from WKT failed: Unknown error (code 4096)\n"
attr(,"class")
[1] "try-error"
attr(,"condition")
<simpleError in h(simpleError(msg, call)): error in evaluating the argument 'x' in selecting a method for function 'extent': coordinate operation creation from WKT failed: Unknown error (code 4096)>

[[1044]]
[1] "Error in h(simpleError(msg, call)) : \n  error in evaluating the argument 'x' in selecting a method for function 'extent': target crs creation failed: Unknown error (code 4096)\n"
attr(,"class")
[1] "try-error"
attr(,"condition")
<simpleError in h(simpleError(msg, call)): error in evaluating the argument 'x' in selecting a method for function 'extent': target crs creation failed: Unknown error (code 4096)>

[[1045]]
[1] "Error in rgdal::rawTransform(projto_int, projfrom, nrow(xy), xy[, 1],  : \n  coordinate operation creation from WKT failed: Unknown error (code 4096)\n"
attr(,"class")
[1] "try-error"
attr(,"condition")
<simpleError in rgdal::rawTransform(projto_int, projfrom, nrow(xy), xy[, 1],     xy[, 2], wkt = use_proj6): coordinate operation creation from WKT failed: Unknown error (code 4096)>

[[1046]]
[1] "Error in .rasterObjectFromFile(x, band = band, objecttype = \"RasterLayer\",  : \n  Cannot create a RasterLayer object from this file.\n"
attr(,"class")
[1] "try-error"
attr(,"condition")
<simpleError in .rasterObjectFromFile(x, band = band, objecttype = "RasterLayer",     ...): Cannot create a RasterLayer object from this file.>

[[1047]]
[1] "Error in h(simpleError(msg, call)) : \n  error in evaluating the argument 'x' in selecting a method for function 'extent': coordinate operation creation from WKT failed: Unknown error (code 4096)\n"
attr(,"class")
[1] "try-error"
attr(,"condition")
<simpleError in h(simpleError(msg, call)): error in evaluating the argument 'x' in selecting a method for function 'extent': coordinate operation creation from WKT failed: Unknown error (code 4096)>

[[1048]]
[1] "Error in rgdal::rawTransform(projto_int, projfrom, nrow(xy), xy[, 1],  : \n  coordinate operation creation from WKT failed: Unknown error (code 4096)\n"
attr(,"class")
[1] "try-error"
attr(,"condition")
<simpleError in rgdal::rawTransform(projto_int, projfrom, nrow(xy), xy[, 1],     xy[, 2], wkt = use_proj6): coordinate operation creation from WKT failed: Unknown error (code 4096)>

[[1049]]
[1] "Error in rgdal::rawTransform(projto_int, projfrom, nrow(xy), xy[, 1],  : \n  coordinate operation creation from WKT failed: Unknown error (code 4096)\n"
attr(,"class")
[1] "try-error"
attr(,"condition")
<simpleError in rgdal::rawTransform(projto_int, projfrom, nrow(xy), xy[, 1],     xy[, 2], wkt = use_proj6): coordinate operation creation from WKT failed: Unknown error (code 4096)>

[[1050]]
class      : RasterLayer 
dimensions : 12027, 24053, 289285431  (nrow, ncol, ncell)
resolution : 1500.029, 1499.966  (x, y)
extent     : -18040096, 18040096, -9020048, 9020048  (xmin, xmax, ymin, ymax)
crs        : +proj=moll +lon_0=0 +x_0=0 +y_0=0 +ellps=WGS84 +units=m +no_defs 
source     : CMIP6 February Mollweide.tif 
names      : CMIP6_February_Mollweide 
values     : -37.15899, 37.21455  (min, max)


[[1051]]
NULL

[[1052]]
[1] "Error in h(simpleError(msg, call)) : \n  error in evaluating the argument 'x' in selecting a method for function 'extent': coordinate operation creation from WKT failed: Unknown error (code 4096)\n"
attr(,"class")
[1] "try-error"
attr(,"condition")
<simpleError in h(simpleError(msg, call)): error in evaluating the argument 'x' in selecting a method for function 'extent': coordinate operation creation from WKT failed: Unknown error (code 4096)>

[[1053]]
[1] "Error in h(simpleError(msg, call)) : \n  error in evaluating the argument 'x' in selecting a method for function 'extent': coordinate operation creation from WKT failed: Unknown error (code 4096)\n"
attr(,"class")
[1] "try-error"
attr(,"condition")
<simpleError in h(simpleError(msg, call)): error in evaluating the argument 'x' in selecting a method for function 'extent': coordinate operation creation from WKT failed: Unknown error (code 4096)>

[[1054]]
[1] "Error in h(simpleError(msg, call)) : \n  error in evaluating the argument 'x' in selecting a method for function 'extent': coordinate operation creation from WKT failed: Unknown error (code 4096)\n"
attr(,"class")
[1] "try-error"
attr(,"condition")
<simpleError in h(simpleError(msg, call)): error in evaluating the argument 'x' in selecting a method for function 'extent': coordinate operation creation from WKT failed: Unknown error (code 4096)>

[[1055]]
[1] "Error in h(simpleError(msg, call)) : \n  error in evaluating the argument 'x' in selecting a method for function 'extent': target crs creation failed: Unknown error (code 4096)\n"
attr(,"class")
[1] "try-error"
attr(,"condition")
<simpleError in h(simpleError(msg, call)): error in evaluating the argument 'x' in selecting a method for function 'extent': target crs creation failed: Unknown error (code 4096)>

[[1056]]
[1] "Error in h(simpleError(msg, call)) : \n  error in evaluating the argument 'x' in selecting a method for function 'extent': coordinate operation creation from WKT failed: Unknown error (code 4096)\n"
attr(,"class")
[1] "try-error"
attr(,"condition")
<simpleError in h(simpleError(msg, call)): error in evaluating the argument 'x' in selecting a method for function 'extent': coordinate operation creation from WKT failed: Unknown error (code 4096)>

[[1057]]
[1] "Error in h(simpleError(msg, call)) : \n  error in evaluating the argument 'x' in selecting a method for function 'extent': coordinate operation creation from WKT failed: Unknown error (code 4096)\n"
attr(,"class")
[1] "try-error"
attr(,"condition")
<simpleError in h(simpleError(msg, call)): error in evaluating the argument 'x' in selecting a method for function 'extent': coordinate operation creation from WKT failed: Unknown error (code 4096)>

[[1058]]
[1] "Error in h(simpleError(msg, call)) : \n  error in evaluating the argument 'x' in selecting a method for function 'extent': coordinate operation creation from WKT failed: Unknown error (code 4096)\n"
attr(,"class")
[1] "try-error"
attr(,"condition")
<simpleError in h(simpleError(msg, call)): error in evaluating the argument 'x' in selecting a method for function 'extent': coordinate operation creation from WKT failed: Unknown error (code 4096)>

[[1059]]
[1] "Error in h(simpleError(msg, call)) : \n  error in evaluating the argument 'x' in selecting a method for function 'extent': target crs creation failed: Unknown error (code 4096)\n"
attr(,"class")
[1] "try-error"
attr(,"condition")
<simpleError in h(simpleError(msg, call)): error in evaluating the argument 'x' in selecting a method for function 'extent': target crs creation failed: Unknown error (code 4096)>

[[1060]]
[1] "Error in rgdal::rawTransform(projto_int, projfrom, nrow(xy), xy[, 1],  : \n  coordinate operation creation from WKT failed: Unknown error (code 4096)\n"
attr(,"class")
[1] "try-error"
attr(,"condition")
<simpleError in rgdal::rawTransform(projto_int, projfrom, nrow(xy), xy[, 1],     xy[, 2], wkt = use_proj6): coordinate operation creation from WKT failed: Unknown error (code 4096)>

[[1061]]
[1] "Error in .rasterObjectFromFile(x, band = band, objecttype = \"RasterLayer\",  : \n  Cannot create a RasterLayer object from this file.\n"
attr(,"class")
[1] "try-error"
attr(,"condition")
<simpleError in .rasterObjectFromFile(x, band = band, objecttype = "RasterLayer",     ...): Cannot create a RasterLayer object from this file.>

[[1062]]
[1] "Error in h(simpleError(msg, call)) : \n  error in evaluating the argument 'x' in selecting a method for function 'extent': coordinate operation creation from WKT failed: Unknown error (code 4096)\n"
attr(,"class")
[1] "try-error"
attr(,"condition")
<simpleError in h(simpleError(msg, call)): error in evaluating the argument 'x' in selecting a method for function 'extent': coordinate operation creation from WKT failed: Unknown error (code 4096)>

[[1063]]
[1] "Error in rgdal::rawTransform(projto_int, projfrom, nrow(xy), xy[, 1],  : \n  coordinate operation creation from WKT failed: Unknown error (code 4096)\n"
attr(,"class")
[1] "try-error"
attr(,"condition")
<simpleError in rgdal::rawTransform(projto_int, projfrom, nrow(xy), xy[, 1],     xy[, 2], wkt = use_proj6): coordinate operation creation from WKT failed: Unknown error (code 4096)>

[[1064]]
[1] "Error in rgdal::rawTransform(projto_int, projfrom, nrow(xy), xy[, 1],  : \n  coordinate operation creation from WKT failed: Unknown error (code 4096)\n"
attr(,"class")
[1] "try-error"
attr(,"condition")
<simpleError in rgdal::rawTransform(projto_int, projfrom, nrow(xy), xy[, 1],     xy[, 2], wkt = use_proj6): coordinate operation creation from WKT failed: Unknown error (code 4096)>

[[1065]]
class      : RasterLayer 
dimensions : 12027, 24053, 289285431  (nrow, ncol, ncell)
resolution : 1500.029, 1499.966  (x, y)
extent     : -18040096, 18040096, -9020048, 9020048  (xmin, xmax, ymin, ymax)
crs        : +proj=moll +lon_0=0 +x_0=0 +y_0=0 +ellps=WGS84 +units=m +no_defs 
source     : CMIP6 March Mollweide.tif 
names      : CMIP6_March_Mollweide 
values     : -57.28972, 30.07394  (min, max)


[[1066]]
NULL

[[1067]]
[1] "Error in h(simpleError(msg, call)) : \n  error in evaluating the argument 'x' in selecting a method for function 'extent': coordinate operation creation from WKT failed: Unknown error (code 4096)\n"
attr(,"class")
[1] "try-error"
attr(,"condition")
<simpleError in h(simpleError(msg, call)): error in evaluating the argument 'x' in selecting a method for function 'extent': coordinate operation creation from WKT failed: Unknown error (code 4096)>

[[1068]]
[1] "Error in h(simpleError(msg, call)) : \n  error in evaluating the argument 'x' in selecting a method for function 'extent': coordinate operation creation from WKT failed: Unknown error (code 4096)\n"
attr(,"class")
[1] "try-error"
attr(,"condition")
<simpleError in h(simpleError(msg, call)): error in evaluating the argument 'x' in selecting a method for function 'extent': coordinate operation creation from WKT failed: Unknown error (code 4096)>

[[1069]]
[1] "Error in h(simpleError(msg, call)) : \n  error in evaluating the argument 'x' in selecting a method for function 'extent': coordinate operation creation from WKT failed: Unknown error (code 4096)\n"
attr(,"class")
[1] "try-error"
attr(,"condition")
<simpleError in h(simpleError(msg, call)): error in evaluating the argument 'x' in selecting a method for function 'extent': coordinate operation creation from WKT failed: Unknown error (code 4096)>

[[1070]]
[1] "Error in h(simpleError(msg, call)) : \n  error in evaluating the argument 'x' in selecting a method for function 'extent': target crs creation failed: Unknown error (code 4096)\n"
attr(,"class")
[1] "try-error"
attr(,"condition")
<simpleError in h(simpleError(msg, call)): error in evaluating the argument 'x' in selecting a method for function 'extent': target crs creation failed: Unknown error (code 4096)>

[[1071]]
[1] "Error in h(simpleError(msg, call)) : \n  error in evaluating the argument 'x' in selecting a method for function 'extent': coordinate operation creation from WKT failed: Unknown error (code 4096)\n"
attr(,"class")
[1] "try-error"
attr(,"condition")
<simpleError in h(simpleError(msg, call)): error in evaluating the argument 'x' in selecting a method for function 'extent': coordinate operation creation from WKT failed: Unknown error (code 4096)>

[[1072]]
[1] "Error in h(simpleError(msg, call)) : \n  error in evaluating the argument 'x' in selecting a method for function 'extent': coordinate operation creation from WKT failed: Unknown error (code 4096)\n"
attr(,"class")
[1] "try-error"
attr(,"condition")
<simpleError in h(simpleError(msg, call)): error in evaluating the argument 'x' in selecting a method for function 'extent': coordinate operation creation from WKT failed: Unknown error (code 4096)>

[[1073]]
[1] "Error in h(simpleError(msg, call)) : \n  error in evaluating the argument 'x' in selecting a method for function 'extent': coordinate operation creation from WKT failed: Unknown error (code 4096)\n"
attr(,"class")
[1] "try-error"
attr(,"condition")
<simpleError in h(simpleError(msg, call)): error in evaluating the argument 'x' in selecting a method for function 'extent': coordinate operation creation from WKT failed: Unknown error (code 4096)>

[[1074]]
[1] "Error in h(simpleError(msg, call)) : \n  error in evaluating the argument 'x' in selecting a method for function 'extent': target crs creation failed: Unknown error (code 4096)\n"
attr(,"class")
[1] "try-error"
attr(,"condition")
<simpleError in h(simpleError(msg, call)): error in evaluating the argument 'x' in selecting a method for function 'extent': target crs creation failed: Unknown error (code 4096)>

[[1075]]
[1] "Error in rgdal::rawTransform(projto_int, projfrom, nrow(xy), xy[, 1],  : \n  coordinate operation creation from WKT failed: Unknown error (code 4096)\n"
attr(,"class")
[1] "try-error"
attr(,"condition")
<simpleError in rgdal::rawTransform(projto_int, projfrom, nrow(xy), xy[, 1],     xy[, 2], wkt = use_proj6): coordinate operation creation from WKT failed: Unknown error (code 4096)>

[[1076]]
[1] "Error in .rasterObjectFromFile(x, band = band, objecttype = \"RasterLayer\",  : \n  Cannot create a RasterLayer object from this file.\n"
attr(,"class")
[1] "try-error"
attr(,"condition")
<simpleError in .rasterObjectFromFile(x, band = band, objecttype = "RasterLayer",     ...): Cannot create a RasterLayer object from this file.>

[[1077]]
[1] "Error in h(simpleError(msg, call)) : \n  error in evaluating the argument 'x' in selecting a method for function 'extent': coordinate operation creation from WKT failed: Unknown error (code 4096)\n"
attr(,"class")
[1] "try-error"
attr(,"condition")
<simpleError in h(simpleError(msg, call)): error in evaluating the argument 'x' in selecting a method for function 'extent': coordinate operation creation from WKT failed: Unknown error (code 4096)>

[[1078]]
[1] "Error in rgdal::rawTransform(projto_int, projfrom, nrow(xy), xy[, 1],  : \n  coordinate operation creation from WKT failed: Unknown error (code 4096)\n"
attr(,"class")
[1] "try-error"
attr(,"condition")
<simpleError in rgdal::rawTransform(projto_int, projfrom, nrow(xy), xy[, 1],     xy[, 2], wkt = use_proj6): coordinate operation creation from WKT failed: Unknown error (code 4096)>

[[1079]]
[1] "Error in rgdal::rawTransform(projto_int, projfrom, nrow(xy), xy[, 1],  : \n  coordinate operation creation from WKT failed: Unknown error (code 4096)\n"
attr(,"class")
[1] "try-error"
attr(,"condition")
<simpleError in rgdal::rawTransform(projto_int, projfrom, nrow(xy), xy[, 1],     xy[, 2], wkt = use_proj6): coordinate operation creation from WKT failed: Unknown error (code 4096)>

[[1080]]
class      : RasterLayer 
dimensions : 12027, 24053, 289285431  (nrow, ncol, ncell)
resolution : 1500.029, 1499.966  (x, y)
extent     : -18040096, 18040096, -9020048, 9020048  (xmin, xmax, ymin, ymax)
crs        : +proj=moll +lon_0=0 +x_0=0 +y_0=0 +ellps=WGS84 +units=m +no_defs 
source     : CMIP6 November Mollweide.tif 
names      : CMIP6_November_Mollweide 
values     : 0.005443799, 18.52954  (min, max)


[[1081]]
NULL

[[1082]]
[1] "Error in h(simpleError(msg, call)) : \n  error in evaluating the argument 'x' in selecting a method for function 'extent': coordinate operation creation from WKT failed: Unknown error (code 4096)\n"
attr(,"class")
[1] "try-error"
attr(,"condition")
<simpleError in h(simpleError(msg, call)): error in evaluating the argument 'x' in selecting a method for function 'extent': coordinate operation creation from WKT failed: Unknown error (code 4096)>

Warning messages:
1: In mclapply(tmp.files, reproject.fun, mc.cores = n_cores) :
  scheduled core 1 did not deliver a result, all values of the job will be affected
2: In mclapply(tmp.files, reproject.fun, mc.cores = n_cores) :
  scheduled cores 4, 2, 7, 3, 5, 9, 8, 6, 12, 10, 11, 13, 14 encountered errors in user code, all values of the jobs will be affected
